사고번호,사고일시,요일,시군구,사고내용,사망자수,중상자수,경상자수,부상신고자수,사고유형,법규위반,노면상태,기상상태,도로형태,가해운전자 차종,가해운전자 성별,가해운전자 연령,가해운전자 상해정도,피해운전자 차종,피해운전자 성별,피해운전자 연령,피해운전자 상해정도
2022011400100620,2022년 1월 14일 21시,금요일,충청남도 천안시 서북구 불당동,경상사고,0,0,1,0,차대사람 - 횡단중,신호위반,건조,맑음,교차로 - 교차로안,승용,남,43세,상해없음,보행자,남,53세,경상
2022011400100621,2022년 1월 14일 21시,금요일,충청남도 서천군 장항읍,중상사고,0,1,0,0,차대사람 - 차도통행중,안전운전불이행,건조,맑음,단일로 - 기타,승용,남,39세,상해없음,보행자,남,41세,중상
2022011500100034,2022년 1월 15일 06시,토요일,충청남도 아산시 탕정면,경상사고,0,0,1,0,차대차 - 기타,안전운전불이행,건조,맑음,교차로 - 교차로안,승용,남,31세,기타불명,승용,남,35세,경상
2022011500100045,2022년 1월 15일 07시,토요일,충청남도 아산시 배방읍,중상사고,0,1,0,0,차대차 - 측면충돌,신호위반,건조,맑음,기타 - 기타,승용,남,56세,상해없음,승용,남,56세,중상
2022011500100060,2022년 1월 15일 08시,토요일,충청남도 천안시 동남구 목천읍,경상사고,0,0,1,0,차대차 - 정면충돌,중앙선침범,건조,맑음,단일로 - 기타,승용,여,32세,기타불명,승용,여,65세,경상
2022011500100106,2022년 1월 15일 10시,토요일,충청남도 천안시 동남구 목천읍,경상사고,0,0,2,0,차대차 - 기타,안전운전불이행,건조,맑음,단일로 - 기타,승용,남,60세,상해없음,승용,남,37세,경상
2022011500100133,2022년 1월 15일 11시,토요일,충청남도 천안시 서북구 쌍용동,경상사고,0,0,1,0,차대차 - 측면충돌,안전거리미확보,건조,맑음,단일로 - 기타,승용,여,30세,상해없음,승용,남,63세,경상
2022011500100134,2022년 1월 15일 11시,토요일,충청남도 보령시 오천면,중상사고,0,2,2,0,차대차 - 정면충돌,중앙선침범,건조,맑음,단일로 - 기타,승용,남,57세,중상,승용,남,67세,경상
2022011500100135,2022년 1월 15일 11시,토요일,충청남도 공주시 탄천면,중상사고,0,1,0,0,차대차 - 측면충돌,안전운전불이행,젖음/습기,맑음,단일로 - 기타,승용,남,59세,상해없음,승용,남,34세,중상
2022011500100196,2022년 1월 15일 13시,토요일,충청남도 천안시 서북구 성거읍,경상사고,0,0,1,0,차대차 - 기타,안전거리미확보,건조,맑음,단일로 - 기타,원동기,남,32세,기타불명,승용,여,32세,경상
2022011500100229,2022년 1월 15일 14시,토요일,충청남도 태안군 태안읍,부상신고사고,0,0,0,1,차대사람 - 차도통행중,안전운전불이행,건조,맑음,단일로 - 기타,승용,남,73세,상해없음,보행자,남,26세,부상신고
2022011500100291,2022년 1월 15일 16시,토요일,충청남도 천안시 서북구 직산읍,경상사고,0,0,1,0,차대차 - 측면충돌,안전거리미확보,건조,맑음,단일로 - 기타,승용,남,50세,상해없음,승용,남,30세,경상
2022011500100324,2022년 1월 15일 17시,토요일,충청남도 예산군 덕산면,중상사고,0,1,0,0,차량단독 - 공작물충돌,안전운전불이행,건조,맑음,교차로 - 교차로안,승용,여,61세,중상,,,,
2022011500100325,2022년 1월 15일 17시,토요일,충청남도 천안시 동남구 신부동,경상사고,0,0,1,0,차대차 - 측면충돌,안전운전불이행,건조,맑음,단일로 - 기타,승용,여,48세,상해없음,승용,남,41세,경상
2022011500100375,2022년 1월 15일 18시,토요일,충청남도 당진시 송악읍,중상사고,0,1,0,0,차량단독 - 전도전복 - 전도,안전운전불이행,건조,맑음,단일로 - 기타,이륜,남,51세,중상,,,,
2022011500100376,2022년 1월 15일 18시,토요일,충청남도 태안군 태안읍,경상사고,0,0,1,0,차대차 - 기타,직진우회전진행방해,건조,맑음,교차로 - 교차로안,화물,남,64세,상해없음,승용,남,25세,상해없음
2022011500100424,2022년 1월 15일 19시,토요일,충청남도 천안시 서북구 불당동,경상사고,0,0,1,0,차대차 - 추돌,안전운전불이행,건조,맑음,교차로 - 교차로안,화물,남,48세,상해없음,승용,남,31세,경상
2022011500100425,2022년 1월 15일 19시,토요일,충청남도 공주시 신관동,중상사고,0,1,0,0,차대차 - 측면충돌,안전운전불이행,건조,맑음,단일로 - 기타,승합,남,55세,상해없음,이륜,여,16세,중상
2022011500100426,2022년 1월 15일 19시,토요일,충청남도 부여군 임천면,경상사고,0,0,1,0,차량단독 - 도로외이탈 - 추락,중앙선침범,건조,맑음,단일로 - 기타,화물,남,59세,경상,,,,
2022011500100463,2022년 1월 15일 20시,토요일,충청남도 천안시 서북구 성정동,중상사고,0,1,0,0,차대차 - 정면충돌,중앙선침범,건조,맑음,단일로 - 기타,승용,남,31세,상해없음,이륜,남,46세,중상
2022011500100501,2022년 1월 15일 21시,토요일,충청남도 천안시 서북구 불당동,경상사고,0,0,4,0,차대차 - 기타,안전운전불이행,건조,맑음,단일로 - 기타,승용,남,34세,상해없음,승용,남,23세,경상
2022011500100535,2022년 1월 15일 22시,토요일,충청남도 보령시 웅천읍,중상사고,0,1,0,0,차대차 - 측면충돌,중앙선침범,건조,맑음,단일로 - 기타,승용,남,44세,상해없음,화물,남,71세,중상
2022011500100536,2022년 1월 15일 22시,토요일,충청남도 천안시 동남구 신부동,경상사고,0,0,1,0,차대차 - 정면충돌,신호위반,건조,맑음,교차로 - 교차로안,승용,남,25세,상해없음,승용,여,31세,경상
2022011600100003,2022년 1월 16일 00시,일요일,충청남도 당진시 시곡동,경상사고,0,0,1,0,차대차 - 추돌,안전운전불이행,건조,맑음,교차로 - 교차로부근,승용,남,31세,상해없음,승용,여,37세,경상
2022011600100017,2022년 1월 16일 01시,일요일,충청남도 아산시 배방읍,경상사고,0,0,2,0,차대차 - 추돌,안전운전불이행,젖음/습기,비,단일로 - 기타,승용,남,15세,상해없음,승용,남,30세,경상
2022011600100140,2022년 1월 16일 13시,일요일,충청남도 공주시 산성동,경상사고,0,0,2,0,차대차 - 측면충돌,안전운전불이행,건조,맑음,교차로 - 교차로안,승용,여,43세,기타불명,승용,여,48세,경상
2022011600100169,2022년 1월 16일 14시,일요일,충청남도 천안시 서북구 두정동,경상사고,0,0,2,0,차대차 - 측면충돌,교차로운행방법위반,건조,맑음,교차로 - 교차로안,승용,남,29세,상해없음,승용,남,27세,경상
2022011600100170,2022년 1월 16일 14시,일요일,충청남도 예산군 예산읍,경상사고,0,0,2,0,차대차 - 측면충돌,안전운전불이행,건조,맑음,단일로 - 기타,승용,남,72세,경상,승용,남,32세,경상
2022011600100171,2022년 1월 16일 14시,일요일,충청남도 당진시 합덕읍,중상사고,0,1,1,0,차대차 - 정면충돌,중앙선침범,건조,맑음,단일로 - 기타,승용,남,53세,중상,승용,남,74세,경상
2022011600100222,2022년 1월 16일 16시,일요일,충청남도 아산시 배방읍,경상사고,0,0,1,0,차대차 - 추돌,안전운전불이행,건조,맑음,교차로 - 교차로안,승용,남,45세,상해없음,승용,여,29세,경상
2022011600100265,2022년 1월 16일 18시,일요일,충청남도 천안시 서북구 성환읍,중상사고,0,1,0,0,차량단독 - 공작물충돌,안전운전불이행,건조,맑음,단일로 - 기타,승용,남,59세,중상,,,,
2022011600100303,2022년 1월 16일 19시,일요일,충청남도 천안시 서북구 성정동,경상사고,0,0,1,0,차대차 - 측면충돌,안전운전불이행,건조,맑음,교차로 - 교차로안,화물,남,64세,상해없음,이륜,남,19세,경상
2022011600100323,2022년 1월 16일 20시,일요일,충청남도 천안시 서북구 쌍용동,경상사고,0,0,1,0,차대사람 - 기타,안전운전불이행,건조,맑음,단일로 - 기타,승용,남,58세,상해없음,보행자,여,22세,경상
2022011600100344,2022년 1월 16일 21시,일요일,충청남도 서산시 음암면,중상사고,0,1,0,0,차대차 - 측면충돌,기타,건조,맑음,교차로 - 교차로안,승용,남,30세,상해없음,승용,남,24세,중상
2022011600100345,2022년 1월 16일 21시,일요일,충청남도 천안시 서북구 성환읍,사망사고,1,0,0,0,차대사람 - 기타,안전운전불이행,건조,맑음,단일로 - 기타,승용,남,21세,상해없음,보행자,여,38세,사망
2022011600100364,2022년 1월 16일 22시,일요일,충청남도 천안시 동남구 오룡동,중상사고,0,1,1,0,차량단독 - 공작물충돌,안전운전불이행,건조,맑음,교차로 - 교차로부근,승용,남,59세,경상,,,,
2022011600100365,2022년 1월 16일 22시,일요일,충청남도 공주시 정안면,경상사고,0,0,1,0,차대차 - 추돌,안전운전불이행,건조,맑음,단일로 - 기타,승용,남,56세,상해없음,승용,남,52세,경상
2022011700100029,2022년 1월 17일 06시,월요일,충청남도 보령시 청소면,경상사고,0,0,1,0,차대차 - 추돌,안전운전불이행,건조,기타,단일로 - 기타,승용,남,73세,상해없음,승용,남,59세,경상
2022011700100048,2022년 1월 17일 07시,월요일,충청남도 홍성군 홍성읍,중상사고,0,1,0,0,차대사람 - 차도통행중,안전운전불이행,건조,맑음,단일로 - 기타,승용,남,52세,상해없음,보행자,남,81세,중상
2022011700100049,2022년 1월 17일 07시,월요일,충청남도 아산시 신창면,경상사고,0,0,1,0,차대차 - 기타,안전운전불이행,건조,맑음,교차로 - 교차로안,승용,여,43세,상해없음,승용,남,48세,경상
2022011700100070,2022년 1월 17일 08시,월요일,충청남도 천안시 동남구 다가동,경상사고,0,0,1,0,차대사람 - 차도통행중,안전운전불이행,건조,맑음,단일로 - 기타,화물,남,28세,상해없음,보행자,남,79세,경상
2022011700100071,2022년 1월 17일 08시,월요일,충청남도 천안시 동남구 원성동,경상사고,0,0,1,0,차대사람 - 기타,안전운전불이행,건조,맑음,교차로 - 교차로안,승용,여,26세,상해없음,보행자,남,53세,경상
2022011700100171,2022년 1월 17일 12시,월요일,충청남도 홍성군 은하면,중상사고,0,1,0,0,차대사람 - 횡단중,신호위반,건조,맑음,교차로 - 교차로안,승용,여,62세,상해없음,보행자,여,41세,중상
2022011700100195,2022년 1월 17일 13시,월요일,충청남도 서산시 예천동,경상사고,0,0,1,0,차대차 - 측면충돌,안전운전불이행,건조,맑음,단일로 - 기타,승용,남,23세,상해없음,승용,남,48세,경상
2022011700100196,2022년 1월 17일 13시,월요일,충청남도 논산시 연무읍,중상사고,0,1,0,0,차대사람 - 기타,안전운전불이행,건조,맑음,단일로 - 기타,화물,남,52세,기타불명,보행자,여,84세,중상
2022011700100197,2022년 1월 17일 13시,월요일,충청남도 아산시 음봉면,경상사고,0,0,1,0,차대차 - 측면충돌,안전운전불이행,건조,맑음,기타 - 기타,화물,남,53세,기타불명,승용,남,35세,경상
2022011700100198,2022년 1월 17일 13시,월요일,충청남도 보령시 남포면,경상사고,0,0,1,0,차대차 - 측면충돌,안전운전불이행,건조,맑음,단일로 - 기타,화물,남,67세,상해없음,이륜,남,34세,경상
2022011700100280,2022년 1월 17일 15시,월요일,충청남도 천안시 서북구 두정동,중상사고,0,1,0,0,차대차 - 기타,신호위반,건조,맑음,교차로 - 교차로안,승용,여,59세,상해없음,승용,여,47세,중상
2022011700100281,2022년 1월 17일 15시,월요일,충청남도 홍성군 홍성읍,경상사고,0,0,1,0,차대사람 - 횡단중,중앙선침범,젖음/습기,눈,교차로 - 교차로횡단보도내,승용,여,34세,상해없음,보행자,여,21세,경상
2022011700100311,2022년 1월 17일 16시,월요일,충청남도 천안시 동남구 삼룡동,경상사고,0,0,1,0,차대차 - 측면충돌,안전운전불이행,젖음/습기,눈,단일로 - 기타,화물,남,50세,상해없음,승용,여,62세,경상
2022011700100339,2022년 1월 17일 17시,월요일,충청남도 아산시 음봉면,경상사고,0,0,1,0,차대차 - 기타,안전운전불이행,젖음/습기,눈,교차로 - 교차로부근,승용,남,34세,기타불명,승용,여,43세,경상
2022011700100391,2022년 1월 17일 18시,월요일,충청남도 천안시 서북구 백석동,경상사고,0,0,8,0,차대차 - 측면충돌,안전거리미확보,서리/결빙,눈,단일로 - 기타,승용,여,53세,상해없음,승합,여,42세,경상
2022011700100418,2022년 1월 17일 19시,월요일,충청남도 천안시 서북구 백석동,경상사고,0,0,1,0,차대차 - 추돌,안전운전불이행,적설,눈,교차로 - 교차로안,승용,남,23세,상해없음,승용,남,42세,경상
2022011700100446,2022년 1월 17일 20시,월요일,충청남도 천안시 서북구 성성동,부상신고사고,0,0,0,1,차대차 - 측면충돌,안전운전불이행,건조,맑음,교차로 - 교차로부근,승합,남,61세,상해없음,승용,여,43세,부상신고
2022011700100447,2022년 1월 17일 20시,월요일,충청남도 당진시 시곡동,경상사고,0,0,1,0,차대사람 - 차도통행중,안전운전불이행,건조,맑음,단일로 - 기타,승용,여,45세,상해없음,보행자,여,49세,경상
2022011700100469,2022년 1월 17일 21시,월요일,충청남도 아산시 남동,경상사고,0,0,1,0,차대차 - 기타,안전운전불이행,건조,맑음,단일로 - 기타,승용,여,57세,상해없음,승용,남,36세,경상
2022011800100003,2022년 1월 18일 00시,화요일,충청남도 계룡시 금암동,중상사고,0,1,0,0,차량단독 - 공작물충돌,안전운전불이행,적설,흐림,교차로 - 교차로안,승용,남,23세,중상,,,,
2022011800100094,2022년 1월 18일 08시,화요일,충청남도 당진시 신평면,경상사고,0,0,1,0,차대차 - 측면충돌,안전거리미확보,건조,맑음,단일로 - 기타,화물,남,72세,상해없음,승용,남,56세,경상
2022011800100095,2022년 1월 18일 08시,화요일,충청남도 당진시 읍내동,중상사고,0,1,0,0,차대차 - 측면충돌,교차로운행방법위반,건조,맑음,교차로 - 교차로안,승용,여,69세,상해없음,승용,여,49세,중상
2022011800100096,2022년 1월 18일 08시,화요일,충청남도 천안시 동남구 목천읍,경상사고,0,0,1,0,차대차 - 측면충돌,안전거리미확보,서리/결빙,맑음,단일로 - 기타,건설기계,남,46세,상해없음,승용,남,32세,경상
2022011800100097,2022년 1월 18일 08시,화요일,충청남도 천안시 동남구 구성동,경상사고,0,0,1,0,차대차 - 측면충돌,안전운전불이행,서리/결빙,맑음,교차로 - 교차로안,승용,여,49세,상해없음,승용,남,57세,상해없음
2022011800100126,2022년 1월 18일 09시,화요일,충청남도 아산시 모종동,경상사고,0,0,3,0,차대차 - 측면충돌,차로위반,건조,맑음,단일로 - 기타,승용,남,25세,상해없음,승용,여,28세,경상
2022011800100127,2022년 1월 18일 09시,화요일,충청남도 공주시 계룡면,경상사고,0,0,1,0,차대차 - 측면충돌,교차로운행방법위반,건조,맑음,교차로 - 교차로안,승합,여,55세,상해없음,승용,남,33세,경상
2022011800100181,2022년 1월 18일 11시,화요일,충청남도 천안시 서북구 부대동,경상사고,0,0,1,0,차대차 - 기타,기타,건조,맑음,단일로 - 기타,화물,남,60세,상해없음,승용,남,40세,경상
2022011800100182,2022년 1월 18일 11시,화요일,충청남도 아산시 인주면,경상사고,0,0,1,0,차대차 - 추돌,안전운전불이행,건조,맑음,교차로 - 교차로부근,승용,남,60세,상해없음,승용,남,29세,경상
2022011800100252,2022년 1월 18일 13시,화요일,충청남도 천안시 서북구 백석동,경상사고,0,0,2,1,차대차 - 측면충돌,교차로운행방법위반,건조,맑음,교차로 - 교차로안,승용,남,62세,부상신고,승용,남,24세,경상
2022011800100295,2022년 1월 18일 14시,화요일,충청남도 공주시 신관동,경상사고,0,0,1,0,차대사람 - 횡단중,보행자보호의무위반,건조,맑음,교차로 - 교차로부근,승용,여,59세,상해없음,보행자,여,21세,경상
2022011800100331,2022년 1월 18일 15시,화요일,충청남도 서천군 마서면,경상사고,0,0,3,0,차대차 - 측면충돌,직진우회전진행방해,건조,맑음,교차로 - 교차로안,승용,여,30세,경상,화물,남,75세,경상
2022011800100378,2022년 1월 18일 16시,화요일,충청남도 아산시 인주면,경상사고,0,0,1,0,차대차 - 기타,기타,건조,맑음,단일로 - 기타,화물,남,63세,상해없음,승용,남,59세,경상
2022011800100379,2022년 1월 18일 16시,화요일,충청남도 아산시 염치읍,중상사고,0,1,0,0,차대차 - 기타,차로위반,건조,맑음,단일로 - 기타,승용,여,50세,상해없음,승용,여,59세,상해없음
2022011800100380,2022년 1월 18일 16시,화요일,충청남도 아산시 배방읍,경상사고,0,0,1,0,차대차 - 추돌,안전운전불이행,건조,맑음,교차로 - 교차로부근,화물,남,33세,상해없음,화물,남,58세,경상
2022011800100416,2022년 1월 18일 17시,화요일,충청남도 논산시 연산면,경상사고,0,0,3,0,차대차 - 측면충돌,신호위반,건조,맑음,교차로 - 교차로안,승용,여,58세,경상,승용,여,42세,경상
2022011800100461,2022년 1월 18일 18시,화요일,충청남도 서천군 장항읍,경상사고,0,0,1,0,차대사람 - 기타,안전운전불이행,건조,맑음,주차장 - 주차장,화물,남,36세,상해없음,보행자,남,27세,경상
2022011800100570,2022년 1월 18일 20시,화요일,충청남도 천안시 서북구 성정동,중상사고,0,1,1,0,차대차 - 기타,신호위반,건조,맑음,단일로 - 기타,승용,남,28세,상해없음,승용,남,50세,중상
2022011800100606,2022년 1월 18일 21시,화요일,충청남도 부여군 부여읍,경상사고,0,0,2,0,차대차 - 측면충돌,신호위반,건조,맑음,교차로 - 교차로안,화물,남,36세,상해없음,승용,여,64세,경상
2022011900100022,2022년 1월 19일 05시,수요일,충청남도 청양군 장평면,경상사고,0,0,1,1,차대차 - 추돌,안전운전불이행,건조,맑음,단일로 - 기타,화물,남,37세,부상신고,화물,남,63세,경상
2022011900100043,2022년 1월 19일 06시,수요일,충청남도 보령시 궁촌동,경상사고,0,0,1,0,차대사람 - 기타,신호위반,건조,맑음,단일로 - 기타,승용,남,60세,기타불명,보행자,여,23세,경상
2022011900100110,2022년 1월 19일 09시,수요일,충청남도 공주시 웅진동,중상사고,0,1,0,0,차대사람 - 기타,안전운전불이행,건조,맑음,단일로 - 기타,승용,남,30세,상해없음,보행자,남,77세,중상
2022011900100111,2022년 1월 19일 09시,수요일,충청남도 천안시 동남구 풍세면,경상사고,0,0,1,0,차대차 - 측면충돌,교차로운행방법위반,건조,맑음,교차로 - 교차로안,건설기계,남,45세,상해없음,승용,여,57세,경상
2022011900100181,2022년 1월 19일 11시,수요일,충청남도 당진시 순성면,중상사고,0,1,0,0,차대차 - 추돌,안전운전불이행,건조,맑음,단일로 - 기타,화물,남,61세,상해없음,특수,남,48세,중상
2022011900100246,2022년 1월 19일 14시,수요일,충청남도 천안시 서북구 불당동,중상사고,0,1,0,0,차대차 - 측면충돌,안전거리미확보,건조,맑음,교차로 - 교차로부근,승용,남,19세,상해없음,이륜,남,22세,중상
2022011900100247,2022년 1월 19일 14시,수요일,충청남도 천안시 동남구 청당동,중상사고,0,1,0,0,차대차 - 측면충돌,안전운전불이행,건조,맑음,교차로 - 교차로안,승용,남,59세,상해없음,자전거,남,7세,중상
2022011900100276,2022년 1월 19일 15시,수요일,충청남도 천안시 동남구 용곡동,경상사고,0,0,2,0,차대차 - 측면충돌,안전운전불이행,건조,맑음,단일로 - 고가도로위,화물,남,60세,상해없음,승용,여,42세,경상
2022011900100277,2022년 1월 19일 15시,수요일,충청남도 천안시 동남구 목천읍,경상사고,0,0,1,0,차대차 - 추돌,안전운전불이행,건조,맑음,단일로 - 기타,승용,남,45세,경상,화물,남,66세,상해없음
2022011900100294,2022년 1월 19일 16시,수요일,충청남도 부여군 부여읍,경상사고,0,0,7,0,차대차 - 측면충돌,안전운전불이행,건조,맑음,교차로 - 교차로부근,승용,남,66세,상해없음,승합,남,67세,경상
2022011900100320,2022년 1월 19일 17시,수요일,충청남도 태안군 소원면,경상사고,0,0,1,0,차대차 - 추돌,안전거리미확보,적설,눈,교차로 - 교차로부근,화물,남,59세,상해없음,승용,남,46세,경상
2022011900100373,2022년 1월 19일 18시,수요일,충청남도 아산시 배방읍,경상사고,0,0,1,0,차대차 - 기타,안전운전불이행,건조,맑음,교차로 - 교차로안,승용,남,31세,기타불명,승용,남,31세,경상
2022011900100424,2022년 1월 19일 20시,수요일,충청남도 천안시 서북구 쌍용동,경상사고,0,0,2,0,차대차 - 측면충돌,안전운전불이행,적설,흐림,단일로 - 기타,승용,남,32세,상해없음,승용,남,34세,경상
2022011900100425,2022년 1월 19일 20시,수요일,충청남도 아산시 둔포면,경상사고,0,0,1,0,차대차 - 기타,안전운전불이행,건조,맑음,교차로 - 교차로안,승용,남,20세,상해없음,승용,남,54세,경상
2022011900100449,2022년 1월 19일 21시,수요일,충청남도 논산시 취암동,중상사고,0,1,0,0,차대사람 - 횡단중,안전운전불이행,건조,맑음,교차로 - 교차로안,승용,남,19세,상해없음,보행자,남,49세,중상
2022011900100450,2022년 1월 19일 21시,수요일,충청남도 공주시 신관동,경상사고,0,0,1,0,차대차 - 측면충돌,교차로운행방법위반,건조,맑음,교차로 - 교차로안,화물,남,57세,상해없음,승용,남,20세,상해없음
2022011900100489,2022년 1월 19일 23시,수요일,충청남도 서산시 예천동,경상사고,0,0,6,0,차대차 - 측면충돌,안전운전불이행,건조,맑음,교차로 - 교차로안,승용,남,27세,상해없음,승합,남,60세,경상
2022011900100490,2022년 1월 19일 23시,수요일,충청남도 아산시 용화동,중상사고,0,1,0,0,차대사람 - 횡단중,안전운전불이행,건조,맑음,교차로 - 교차로안,승용,남,48세,상해없음,보행자,여,18세,중상
2022012000100035,2022년 1월 20일 06시,목요일,충청남도 보령시 주교면,경상사고,0,0,1,0,차대차 - 추돌,안전운전불이행,젖음/습기,흐림,단일로 - 기타,승용,남,38세,상해없음,이륜,남,61세,경상
2022012000100071,2022년 1월 20일 08시,목요일,충청남도 아산시 송악면,중상사고,0,1,0,0,차대차 - 측면충돌,안전운전불이행,서리/결빙,맑음,기타 - 기타,화물,남,50세,상해없음,승용,여,52세,중상
2022012000100122,2022년 1월 20일 10시,목요일,충청남도 서산시 인지면,중상사고,0,2,0,0,차대차 - 추돌,안전운전불이행,건조,맑음,단일로 - 기타,승합,남,56세,상해없음,승용,남,62세,상해없음
2022012000100123,2022년 1월 20일 10시,목요일,충청남도 아산시 인주면,중상사고,0,1,0,0,차대차 - 추돌,안전운전불이행,건조,맑음,단일로 - 기타,화물,남,47세,중상,화물,남,49세,기타불명
2022012000100155,2022년 1월 20일 11시,목요일,충청남도 천안시 서북구 성성동,중상사고,0,1,0,0,차대사람 - 기타,안전운전불이행,건조,맑음,기타 - 기타,승용,여,32세,상해없음,보행자,남,57세,중상
2022012000100223,2022년 1월 20일 13시,목요일,충청남도 천안시 서북구 불당동,경상사고,0,0,1,0,차대차 - 기타,교차로운행방법위반,건조,맑음,교차로 - 교차로안,승용,여,40세,기타불명,승용,남,40세,상해없음
2022012000100224,2022년 1월 20일 13시,목요일,충청남도 천안시 동남구 신부동,경상사고,0,0,1,0,차대차 - 기타,안전운전불이행,건조,맑음,단일로 - 기타,승용,남,54세,기타불명,승용,여,32세,경상
2022012000100247,2022년 1월 20일 14시,목요일,충청남도 아산시 도고면,부상신고사고,0,0,0,1,차량단독 - 전도전복 - 전도,안전운전불이행,건조,맑음,단일로 - 기타,이륜,남,83세,부상신고,,,,
2022012000100248,2022년 1월 20일 14시,목요일,충청남도 공주시 신관동,경상사고,0,0,1,0,차대차 - 추돌,안전운전불이행,건조,맑음,단일로 - 기타,승용,남,35세,기타불명,승용,남,53세,경상
2022012000100281,2022년 1월 20일 15시,목요일,충청남도 천안시 서북구 두정동,경상사고,0,0,1,0,차대차 - 기타,직진우회전진행방해,건조,맑음,교차로 - 교차로안,승용,남,32세,상해없음,이륜,남,36세,경상
2022012000100282,2022년 1월 20일 15시,목요일,충청남도 천안시 서북구 두정동,경상사고,0,0,1,0,차대사람 - 기타,안전운전불이행,건조,맑음,기타 - 기타,승합,남,56세,상해없음,보행자,남,12세,경상
2022012000100283,2022년 1월 20일 15시,목요일,충청남도 서천군 장항읍,경상사고,0,0,1,0,차대차 - 측면충돌,안전운전불이행,건조,맑음,교차로 - 교차로안,승용,여,46세,상해없음,화물,남,55세,경상
2022012000100319,2022년 1월 20일 16시,목요일,충청남도 당진시 읍내동,경상사고,0,0,2,0,차대차 - 기타,신호위반,건조,맑음,교차로 - 교차로부근,승용,남,64세,경상,승용,남,19세,경상
2022012000100353,2022년 1월 20일 17시,목요일,충청남도 금산군 금산읍,경상사고,0,0,1,0,차대사람 - 횡단중,보행자보호의무위반,건조,맑음,교차로 - 교차로횡단보도내,승용,여,43세,상해없음,보행자,여,80세,경상
2022012000100404,2022년 1월 20일 18시,목요일,충청남도 천안시 서북구 성정동,경상사고,0,0,1,0,차대차 - 추돌,안전운전불이행,건조,맑음,단일로 - 기타,승용,남,60세,상해없음,화물,남,45세,경상
2022012000100405,2022년 1월 20일 18시,목요일,충청남도 예산군 삽교읍,경상사고,0,0,2,0,차대차 - 기타,안전운전불이행,건조,맑음,단일로 - 기타,승용,여,65세,경상,승용,남,33세,경상
2022012000100406,2022년 1월 20일 18시,목요일,충청남도 천안시 동남구 풍세면,중상사고,0,1,0,0,차대사람 - 차도통행중,안전운전불이행,건조,맑음,단일로 - 기타,승용,남,28세,상해없음,보행자,남,51세,중상
2022012000100457,2022년 1월 20일 19시,목요일,충청남도 당진시 읍내동,중상사고,0,1,0,0,차대사람 - 기타,안전운전불이행,건조,맑음,교차로 - 교차로부근,승용,남,47세,상해없음,보행자,남,16세,중상
2022012000100458,2022년 1월 20일 19시,목요일,충청남도 천안시 동남구 신부동,경상사고,0,0,1,0,차대차 - 후진중충돌,안전운전불이행,건조,맑음,교차로 - 교차로안,승용,여,35세,상해없음,승용,남,54세,경상
2022012000100564,2022년 1월 20일 22시,목요일,충청남도 천안시 서북구 두정동,중상사고,0,2,0,0,차대차 - 정면충돌,중앙선침범,건조,맑음,단일로 - 지하차도(도로)내,승용,여,60세,중상,승용,남,58세,중상
2022012000100565,2022년 1월 20일 22시,목요일,충청남도 공주시 옥룡동,경상사고,0,0,1,0,차대차 - 측면충돌,직진우회전진행방해,건조,맑음,교차로 - 교차로안,승용,남,55세,상해없음,승용,여,55세,경상
2022012000100585,2022년 1월 20일 23시,목요일,충청남도 천안시 동남구 신부동,경상사고,0,0,2,0,차대차 - 측면충돌,안전운전불이행,건조,맑음,단일로 - 기타,승용,남,34세,상해없음,승용,남,50세,상해없음
2022012100100021,2022년 1월 21일 04시,금요일,충청남도 아산시 신창면,사망사고,2,0,0,0,차량단독 - 공작물충돌,안전운전불이행,젖음/습기,맑음,단일로 - 기타,승용,남,29세,사망,,,,
2022012100100047,2022년 1월 21일 06시,금요일,충청남도 아산시 배방읍,경상사고,0,0,1,0,차대차 - 기타,차로위반,건조,맑음,기타 - 기타,승용,여,52세,상해없음,승용,남,54세,경상
2022012100100048,2022년 1월 21일 06시,금요일,충청남도 천안시 동남구 신방동,경상사고,0,0,1,0,차대차 - 추돌,안전운전불이행,건조,맑음,교차로 - 교차로부근,화물,남,64세,상해없음,승용,남,68세,경상
2022012100100067,2022년 1월 21일 07시,금요일,충청남도 서산시 예천동,경상사고,0,0,1,0,차대사람 - 횡단중,안전운전불이행,건조,맑음,교차로 - 교차로안,승용,여,46세,상해없음,보행자,여,39세,경상
2022012100100068,2022년 1월 21일 07시,금요일,충청남도 부여군 내산면,중상사고,0,2,2,0,차대차 - 후진중충돌,안전운전불이행,건조,맑음,단일로 - 기타,화물,남,45세,상해없음,승합,남,54세,경상
2022012100100109,2022년 1월 21일 08시,금요일,충청남도 공주시 웅진동,경상사고,0,0,1,0,차대차 - 측면충돌,안전운전불이행,건조,맑음,단일로 - 기타,승용,남,64세,상해없음,승용,남,56세,경상
2022012100100110,2022년 1월 21일 08시,금요일,충청남도 천안시 동남구 수신면,경상사고,0,0,1,0,차대차 - 추돌,안전운전불이행,건조,맑음,단일로 - 기타,승용,여,57세,상해없음,화물,남,61세,경상