사고번호,사고일시,요일,시군구,사고내용,사망자수,중상자수,경상자수,부상신고자수,사고유형,법규위반,노면상태,기상상태,도로형태,가해운전자 차종,가해운전자 성별,가해운전자 연령,가해운전자 상해정도,피해운전자 차종,피해운전자 성별,피해운전자 연령,피해운전자 상해정도
2022012100100148,2022년 1월 21일 09시,금요일,충청남도 서산시 성연면,경상사고,0,0,4,0,차대차 - 측면충돌,안전운전불이행,건조,맑음,교차로 - 교차로부근,승용,여,31세,상해없음,승용,남,44세,경상
2022012100100149,2022년 1월 21일 09시,금요일,충청남도 홍성군 홍성읍,중상사고,0,1,0,0,차대사람 - 횡단중,신호위반,건조,맑음,교차로 - 교차로횡단보도내,승용,여,33세,상해없음,보행자,여,59세,중상
2022012100100180,2022년 1월 21일 10시,금요일,충청남도 천안시 서북구 쌍용동,부상신고사고,0,0,0,1,차대사람 - 기타,안전운전불이행,건조,맑음,교차로 - 교차로횡단보도내,승용,여,47세,상해없음,보행자,남,64세,부상신고
2022012100100266,2022년 1월 21일 12시,금요일,충청남도 천안시 서북구 입장면,경상사고,0,0,2,0,차대차 - 기타,안전거리미확보,건조,맑음,단일로 - 기타,승용,여,31세,상해없음,건설기계,남,39세,경상
2022012100100267,2022년 1월 21일 12시,금요일,충청남도 천안시 서북구 쌍용동,경상사고,0,0,1,0,차대차 - 기타,안전운전불이행,건조,맑음,교차로 - 교차로안,승용,남,48세,상해없음,원동기,남,39세,경상
2022012100100306,2022년 1월 21일 13시,금요일,충청남도 천안시 서북구 불당동,부상신고사고,0,0,0,1,차대차 - 기타,안전운전불이행,건조,맑음,교차로 - 교차로횡단보도내,개인형이동수단(PM),남,24세,상해없음,이륜,남,16세,부상신고
2022012100100368,2022년 1월 21일 15시,금요일,충청남도 아산시 용화동,경상사고,0,0,1,0,차대사람 - 기타,안전운전불이행,건조,맑음,교차로 - 교차로안,승용,여,51세,기타불명,보행자,여,13세,경상
2022012100100369,2022년 1월 21일 15시,금요일,충청남도 공주시 산성동,중상사고,0,1,0,0,차대사람 - 횡단중,안전운전불이행,건조,맑음,기타 - 기타,승용,남,68세,상해없음,보행자,여,72세,중상
2022012100100370,2022년 1월 21일 15시,금요일,충청남도 부여군 홍산면,중상사고,0,1,0,0,차대차 - 측면충돌,교차로운행방법위반,건조,맑음,교차로 - 교차로안,승용,여,56세,상해없음,자전거,남,81세,중상
2022012100100422,2022년 1월 21일 16시,금요일,충청남도 아산시 인주면,경상사고,0,0,1,0,차대차 - 기타,안전운전불이행,건조,맑음,단일로 - 기타,화물,남,30세,상해없음,승용,여,34세,경상
2022012100100468,2022년 1월 21일 17시,금요일,충청남도 천안시 서북구 성성동,경상사고,0,0,1,0,차대차 - 측면충돌,안전운전불이행,건조,맑음,교차로 - 교차로안,승용,남,32세,상해없음,승용,남,32세,경상
2022012100100527,2022년 1월 21일 18시,금요일,충청남도 서산시 예천동,경상사고,0,0,4,0,차대차 - 기타,교차로운행방법위반,건조,맑음,교차로 - 교차로안,승용,여,54세,상해없음,승용,남,39세,경상
2022012100100528,2022년 1월 21일 18시,금요일,충청남도 아산시 장존동,경상사고,0,0,2,0,차대차 - 기타,안전운전불이행,건조,맑음,교차로 - 교차로부근,승용,여,43세,상해없음,승용,여,46세,경상
2022012100100529,2022년 1월 21일 18시,금요일,충청남도 당진시 수청동,사망사고,1,0,4,0,차대차 - 추돌,안전운전불이행,건조,맑음,단일로 - 기타,이륜,남,51세,사망,승용,여,38세,경상
2022012100100530,2022년 1월 21일 18시,금요일,충청남도 금산군 금산읍,중상사고,0,1,0,0,차대사람 - 횡단중,안전운전불이행,건조,맑음,교차로 - 교차로횡단보도내,이륜,남,63세,상해없음,보행자,남,65세,중상
2022012100100584,2022년 1월 21일 19시,금요일,충청남도 아산시 탕정면,경상사고,0,0,1,0,차대차 - 후진중충돌,안전운전불이행,건조,흐림,단일로 - 기타,승용,남,54세,상해없음,승용,남,37세,경상
2022012100100585,2022년 1월 21일 19시,금요일,충청남도 아산시 용화동,경상사고,0,0,1,0,차대사람 - 기타,안전운전불이행,건조,맑음,단일로 - 기타,승용,남,50세,상해없음,보행자,남,22세,경상
2022012100100586,2022년 1월 21일 19시,금요일,충청남도 아산시 풍기동,경상사고,0,0,1,0,차대차 - 추돌,안전운전불이행,건조,맑음,단일로 - 기타,승용,남,59세,상해없음,승용,여,60세,경상
2022012100100618,2022년 1월 21일 20시,금요일,충청남도 아산시 모종동,경상사고,0,0,1,0,차대차 - 측면충돌,교차로운행방법위반,건조,맑음,교차로 - 교차로안,이륜,남,25세,상해없음,자전거,남,13세,경상
2022012100100619,2022년 1월 21일 20시,금요일,충청남도 당진시 신평면,경상사고,0,0,1,0,차대차 - 측면충돌,안전운전불이행,건조,맑음,단일로 - 기타,승용,남,38세,상해없음,승용,남,42세,경상
2022012100100672,2022년 1월 21일 21시,금요일,충청남도 천안시 동남구 봉명동,경상사고,0,0,1,0,차대차 - 추돌,안전운전불이행,건조,맑음,단일로 - 기타,승용,남,32세,상해없음,승용,여,26세,경상
2022012200100014,2022년 1월 22일 02시,토요일,충청남도 부여군 홍산면,중상사고,0,1,0,0,차대차 - 추돌,안전운전불이행,건조,맑음,단일로 - 기타,승용,남,29세,상해없음,승용,남,23세,중상
2022012200100028,2022년 1월 22일 05시,토요일,충청남도 천안시 서북구 두정동,중상사고,0,1,0,0,차대차 - 기타,직진우회전진행방해,건조,맑음,교차로 - 교차로안,승용,남,37세,상해없음,개인형이동수단(PM),남,30세,중상
2022012200100105,2022년 1월 22일 10시,토요일,충청남도 논산시 취암동,중상사고,0,1,0,0,차대차 - 추돌,교차로운행방법위반,건조,맑음,교차로 - 교차로안,승용,여,53세,중상,승용,남,50세,상해없음
2022012200100140,2022년 1월 22일 11시,토요일,충청남도 천안시 서북구 성성동,경상사고,0,0,2,0,차대차 - 측면충돌,안전운전불이행,건조,맑음,교차로 - 교차로부근,승용,여,59세,상해없음,승용,남,50세,경상
2022012200100214,2022년 1월 22일 13시,토요일,충청남도 논산시 광석면,경상사고,0,0,1,0,차대차 - 측면충돌,교차로운행방법위반,건조,맑음,교차로 - 교차로안,승용,여,52세,경상,승용,남,37세,상해없음
2022012200100215,2022년 1월 22일 13시,토요일,충청남도 아산시 배방읍,경상사고,0,0,1,0,차대차 - 추돌,안전운전불이행,건조,맑음,교차로 - 교차로부근,승용,남,34세,상해없음,승용,남,50세,경상
2022012200100216,2022년 1월 22일 13시,토요일,충청남도 청양군 청양읍,중상사고,0,1,1,0,차대차 - 정면충돌,중앙선침범,건조,흐림,교차로 - 교차로부근,승용,남,27세,중상,승용,남,42세,경상
2022012200100276,2022년 1월 22일 15시,토요일,충청남도 아산시 둔포면,경상사고,0,0,2,0,차대차 - 기타,안전운전불이행,건조,맑음,교차로 - 교차로부근,승용,남,51세,상해없음,승용,남,43세,경상
2022012200100277,2022년 1월 22일 15시,토요일,충청남도 천안시 동남구 영성동,경상사고,0,0,1,0,차대사람 - 보도통행중,보행자보호의무위반,건조,맑음,교차로 - 교차로횡단보도내,승용,남,43세,상해없음,보행자,여,60세,경상
2022012200100307,2022년 1월 22일 16시,토요일,충청남도 천안시 서북구 불당동,경상사고,0,0,2,0,차대차 - 측면충돌,신호위반,건조,맑음,교차로 - 교차로부근,승용,여,39세,상해없음,승용,여,50세,경상
2022012200100362,2022년 1월 22일 18시,토요일,충청남도 천안시 서북구 쌍용동,부상신고사고,0,0,0,1,차대사람 - 기타,안전운전불이행,건조,맑음,단일로 - 기타,승용,남,55세,상해없음,보행자,여,43세,부상신고
2022012200100363,2022년 1월 22일 18시,토요일,충청남도 천안시 서북구 두정동,중상사고,0,1,0,0,차대차 - 측면충돌,중앙선침범,건조,맑음,단일로 - 기타,승용,남,61세,상해없음,이륜,남,37세,중상
2022012200100364,2022년 1월 22일 18시,토요일,충청남도 아산시 온천동,경상사고,0,0,1,0,차대사람 - 횡단중,보행자보호의무위반,건조,맑음,단일로 - 기타,이륜,남,21세,기타불명,보행자,남,19세,경상
2022012200100365,2022년 1월 22일 18시,토요일,충청남도 천안시 동남구 병천면,경상사고,0,0,1,0,차대차 - 측면충돌,중앙선침범,건조,맑음,단일로 - 기타,화물,남,49세,상해없음,승합,남,61세,경상
2022012200100366,2022년 1월 22일 18시,토요일,충청남도 태안군 태안읍,경상사고,0,0,2,0,차대차 - 추돌,안전운전불이행,건조,맑음,교차로 - 교차로안,승용,남,25세,상해없음,승용,남,30세,경상
2022012200100434,2022년 1월 22일 20시,토요일,충청남도 서산시 예천동,경상사고,0,0,1,0,차대사람 - 횡단중,보행자보호의무위반,건조,맑음,단일로 - 기타,승용,남,23세,상해없음,보행자,남,42세,경상
2022012200100435,2022년 1월 22일 20시,토요일,충청남도 예산군 삽교읍,사망사고,1,0,0,0,차량단독 - 공작물충돌,안전운전불이행,건조,맑음,교차로 - 교차로부근,승용,여,48세,사망,,,,
2022012200100436,2022년 1월 22일 20시,토요일,충청남도 천안시 동남구 봉명동,중상사고,0,1,0,0,차대차 - 기타,안전운전불이행,건조,맑음,단일로 - 기타,승용,남,51세,상해없음,이륜,남,37세,중상
2022012300100022,2022년 1월 23일 04시,일요일,충청남도 천안시 서북구 와촌동,중상사고,0,1,0,0,차대차 - 측면충돌,직진우회전진행방해,건조,맑음,교차로 - 교차로안,승용,남,61세,상해없음,자전거,남,67세,중상
2022012300100032,2022년 1월 23일 07시,일요일,충청남도 천안시 서북구 성정동,경상사고,0,0,1,0,차대사람 - 보도통행중,안전운전불이행,건조,맑음,교차로 - 교차로안,승용,남,52세,상해없음,보행자,남,63세,경상
2022012300100066,2022년 1월 23일 11시,일요일,충청남도 금산군 남이면,중상사고,0,1,0,0,차대차 - 정면충돌,중앙선침범,건조,맑음,단일로 - 기타,승용,남,49세,상해없음,승용,남,55세,중상
2022012300100153,2022년 1월 23일 14시,일요일,충청남도 천안시 서북구 직산읍,경상사고,0,0,1,0,차대차 - 기타,중앙선침범,건조,맑음,기타 - 기타,승용,남,54세,상해없음,승용,남,24세,경상
2022012300100154,2022년 1월 23일 14시,일요일,충청남도 아산시 영인면,경상사고,0,0,1,0,차대차 - 측면충돌,안전운전불이행,건조,맑음,교차로 - 교차로안,화물,여,53세,상해없음,화물,남,62세,경상
2022012300100185,2022년 1월 23일 15시,일요일,충청남도 예산군 예산읍,중상사고,0,1,2,0,차대차 - 측면충돌,직진우회전진행방해,건조,맑음,교차로 - 교차로안,화물,여,39세,경상,승용,남,60세,중상
2022012300100186,2022년 1월 23일 15시,일요일,충청남도 당진시 송악읍,경상사고,0,0,8,0,차대차 - 추돌,안전운전불이행,건조,맑음,단일로 - 기타,승용,여,24세,경상,승용,여,44세,경상
2022012300100261,2022년 1월 23일 18시,일요일,충청남도 태안군 태안읍,부상신고사고,0,0,0,1,차대사람 - 횡단중,안전운전불이행,건조,맑음,교차로 - 교차로부근,승용,남,25세,상해없음,보행자,여,79세,부상신고
2022012300100307,2022년 1월 23일 19시,일요일,충청남도 천안시 서북구 성정동,중상사고,0,2,0,0,차대차 - 기타,교차로운행방법위반,건조,맑음,교차로 - 교차로안,화물,남,47세,상해없음,승용,남,25세,중상
2022012300100308,2022년 1월 23일 19시,일요일,충청남도 당진시 읍내동,경상사고,0,0,1,0,차대사람 - 횡단중,보행자보호의무위반,건조,맑음,교차로 - 교차로안,승용,여,60세,상해없음,보행자,여,62세,경상
2022012300100309,2022년 1월 23일 19시,일요일,충청남도 천안시 동남구 신부동,경상사고,0,0,1,0,차대차 - 기타,안전운전불이행,건조,맑음,교차로 - 교차로안,승용,여,51세,상해없음,이륜,남,57세,경상
2022012300100340,2022년 1월 23일 20시,일요일,충청남도 천안시 동남구 봉명동,중상사고,0,1,0,0,차대사람 - 횡단중,안전운전불이행,젖음/습기,맑음,단일로 - 기타,이륜,남,42세,상해없음,보행자,여,69세,중상
2022012300100379,2022년 1월 23일 21시,일요일,충청남도 아산시 둔포면,경상사고,0,0,1,0,차대차 - 정면충돌,중앙선침범,건조,맑음,단일로 - 기타,승용,남,42세,상해없음,화물,남,32세,경상
2022012400100035,2022년 1월 24일 06시,월요일,충청남도 천안시 서북구 직산읍,경상사고,0,0,1,0,차대차 - 기타,안전운전불이행,건조,맑음,교차로 - 교차로부근,화물,남,59세,경상,화물,남,61세,상해없음
2022012400100036,2022년 1월 24일 06시,월요일,충청남도 서천군 서면,사망사고,1,0,0,0,차대사람 - 기타,안전운전불이행,건조,맑음,교차로 - 교차로안,승용,남,32세,상해없음,보행자,여,72세,사망
2022012400100037,2022년 1월 24일 06시,월요일,충청남도 태안군 소원면,사망사고,1,0,0,0,차대차 - 추돌,안전운전불이행,건조,맑음,단일로 - 기타,승용,남,34세,상해없음,농기계,남,77세,사망
2022012400100054,2022년 1월 24일 07시,월요일,충청남도 천안시 서북구 성정동,경상사고,0,0,1,0,차대차 - 기타,중앙선침범,건조,맑음,단일로 - 기타,화물,남,54세,상해없음,승용,여,53세,경상
2022012400100055,2022년 1월 24일 07시,월요일,충청남도 아산시 온천동,경상사고,0,0,1,0,차대차 - 기타,신호위반,건조,맑음,교차로 - 교차로안,승합,남,66세,상해없음,승용,여,69세,경상
2022012400100056,2022년 1월 24일 07시,월요일,충청남도 보령시 동대동,경상사고,0,0,1,0,차대사람 - 횡단중,보행자보호의무위반,건조,맑음,교차로 - 교차로안,승용,여,61세,상해없음,보행자,여,26세,경상
2022012400100057,2022년 1월 24일 07시,월요일,충청남도 천안시 동남구 구성동,경상사고,0,0,2,0,차대차 - 추돌,안전운전불이행,건조,맑음,기타 - 기타,승용,남,56세,상해없음,승용,여,40세,경상
2022012400100086,2022년 1월 24일 08시,월요일,충청남도 천안시 서북구 백석동,경상사고,0,0,2,0,차대차 - 측면충돌,직진우회전진행방해,건조,맑음,교차로 - 교차로안,승용,남,37세,상해없음,승용,남,26세,경상
2022012400100194,2022년 1월 24일 11시,월요일,충청남도 당진시 송산면,경상사고,0,0,1,0,차대차 - 후진중충돌,안전운전불이행,건조,맑음,단일로 - 기타,화물,남,63세,상해없음,승용,남,40세,경상
2022012400100238,2022년 1월 24일 12시,월요일,충청남도 서산시 음암면,경상사고,0,0,2,1,차대차 - 추돌,안전거리미확보,건조,맑음,교차로 - 교차로부근,화물,남,58세,부상신고,승용,남,28세,경상
2022012400100270,2022년 1월 24일 13시,월요일,충청남도 논산시 연무읍,경상사고,0,0,2,0,차대차 - 추돌,안전운전불이행,건조,맑음,교차로 - 교차로부근,승용,남,19세,상해없음,승용,남,49세,경상
2022012400100271,2022년 1월 24일 13시,월요일,충청남도 당진시 채운동,경상사고,0,0,1,0,차대차 - 정면충돌,안전운전불이행,건조,맑음,교차로 - 교차로안,화물,남,63세,상해없음,화물,여,37세,경상
2022012400100323,2022년 1월 24일 15시,월요일,충청남도 금산군 금산읍,중상사고,0,1,0,0,차대차 - 측면충돌,교차로운행방법위반,건조,맑음,교차로 - 교차로안,특수,남,25세,상해없음,이륜,남,66세,중상
2022012400100414,2022년 1월 24일 18시,월요일,충청남도 천안시 서북구 두정동,경상사고,0,0,2,0,차대차 - 측면충돌,안전운전불이행,건조,맑음,교차로 - 교차로안,화물,남,69세,상해없음,승용,남,27세,경상
2022012400100415,2022년 1월 24일 18시,월요일,충청남도 당진시 읍내동,경상사고,0,0,1,0,차대차 - 측면충돌,안전운전불이행,건조,맑음,교차로 - 교차로안,승용,남,23세,상해없음,승용,여,45세,경상
2022012400100491,2022년 1월 24일 20시,월요일,충청남도 아산시 둔포면,경상사고,0,0,1,0,차대차 - 측면충돌,신호위반,건조,맑음,교차로 - 교차로안,승용,남,32세,상해없음,승용,여,39세,경상
2022012400100531,2022년 1월 24일 21시,월요일,충청남도 홍성군 홍성읍,중상사고,0,1,0,0,차대사람 - 기타,안전운전불이행,건조,맑음,교차로 - 교차로횡단보도내,승용,여,54세,상해없음,보행자,남,48세,중상
2022012400100551,2022년 1월 24일 22시,월요일,충청남도 아산시 탕정면,경상사고,0,0,1,0,차대차 - 기타,안전운전불이행,건조,맑음,단일로 - 기타,승용,남,35세,상해없음,승용,여,29세,경상
2022012400100564,2022년 1월 24일 23시,월요일,충청남도 천안시 서북구 성정동,경상사고,0,0,1,0,차대차 - 추돌,교차로운행방법위반,건조,맑음,교차로 - 교차로부근,승용,남,21세,상해없음,승용,여,45세,경상
2022012400100565,2022년 1월 24일 23시,월요일,충청남도 논산시 가야곡면,경상사고,0,0,2,0,차대차 - 추돌,안전운전불이행,건조,맑음,단일로 - 기타,승용,남,21세,기타불명,특수,남,56세,경상
2022012500100028,2022년 1월 25일 06시,화요일,충청남도 천안시 서북구 입장면,경상사고,0,0,1,0,차대차 - 측면충돌,교차로운행방법위반,젖음/습기,비,교차로 - 교차로안,화물,남,50세,상해없음,원동기,남,78세,경상
2022012500100077,2022년 1월 25일 08시,화요일,충청남도 논산시 부창동,경상사고,0,0,2,0,차대차 - 측면충돌,신호위반,젖음/습기,비,교차로 - 교차로안,승용,남,71세,상해없음,승용,남,33세,경상
2022012500100078,2022년 1월 25일 08시,화요일,충청남도 예산군 삽교읍,경상사고,0,0,1,0,차대차 - 측면충돌,안전거리미확보,건조,맑음,교차로 - 교차로안,승합,남,52세,상해없음,승용,남,44세,경상
2022012500100104,2022년 1월 25일 09시,화요일,충청남도 보령시 동대동,경상사고,0,0,1,0,차대차 - 측면충돌,안전운전불이행,건조,맑음,단일로 - 기타,승용,여,41세,상해없음,이륜,남,48세,경상
2022012500100131,2022년 1월 25일 10시,화요일,충청남도 당진시 신평면,경상사고,0,0,1,0,차대차 - 추돌,안전운전불이행,젖음/습기,맑음,기타 - 기타,화물,남,64세,상해없음,화물,여,43세,경상
2022012500100132,2022년 1월 25일 10시,화요일,충청남도 천안시 동남구 원성동,경상사고,0,0,1,0,차대차 - 기타,불법유턴,젖음/습기,맑음,교차로 - 교차로안,화물,남,65세,상해없음,이륜,남,53세,경상
2022012500100164,2022년 1월 25일 11시,화요일,충청남도 예산군 삽교읍,중상사고,0,1,0,0,차대사람 - 기타,안전운전불이행,건조,흐림,단일로 - 기타,승용,남,68세,상해없음,보행자,여,61세,중상
2022012500100165,2022년 1월 25일 11시,화요일,충청남도 천안시 동남구 영성동,중상사고,0,1,0,0,차대사람 - 기타,안전운전불이행,건조,맑음,교차로 - 교차로부근,화물,남,69세,상해없음,보행자,남,80세,중상
2022012500100194,2022년 1월 25일 12시,화요일,충청남도 천안시 서북구 불당동,경상사고,0,0,2,0,차대차 - 측면충돌,교차로운행방법위반,건조,맑음,교차로 - 교차로안,승용,여,38세,상해없음,승용,남,25세,경상
2022012500100195,2022년 1월 25일 12시,화요일,충청남도 아산시 둔포면,중상사고,0,1,0,0,차대사람 - 횡단중,보행자보호의무위반,건조,맑음,교차로 - 교차로횡단보도내,승용,남,56세,상해없음,보행자,남,87세,중상
2022012500100253,2022년 1월 25일 14시,화요일,충청남도 보령시 대천동,경상사고,0,0,1,0,차대사람 - 횡단중,보행자보호의무위반,건조,흐림,교차로 - 교차로안,승용,남,73세,상해없음,보행자,여,8세,경상
2022012500100315,2022년 1월 25일 16시,화요일,충청남도 서산시 동문동,경상사고,0,0,2,0,차대차 - 후진중충돌,안전운전불이행,건조,맑음,교차로 - 교차로부근,승용,남,65세,상해없음,승용,남,22세,경상
2022012500100346,2022년 1월 25일 17시,화요일,충청남도 예산군 삽교읍,중상사고,0,1,2,1,차대차 - 측면충돌,불법유턴,건조,맑음,교차로 - 교차로부근,화물,남,29세,상해없음,화물,남,40세,중상
2022012500100392,2022년 1월 25일 18시,화요일,충청남도 서산시 동문동,경상사고,0,0,1,0,차대차 - 측면충돌,교차로운행방법위반,건조,맑음,교차로 - 교차로안,승용,여,52세,상해없음,승용,남,61세,경상
2022012500100393,2022년 1월 25일 18시,화요일,충청남도 천안시 서북구 불당동,경상사고,0,0,1,0,차대차 - 측면충돌,신호위반,건조,맑음,단일로 - 기타,승용,여,36세,상해없음,승용,남,36세,경상
2022012500100394,2022년 1월 25일 18시,화요일,충청남도 아산시 탕정면,경상사고,0,0,1,0,차대차 - 측면충돌,안전운전불이행,건조,맑음,단일로 - 기타,이륜,남,28세,상해없음,화물,남,33세,경상
2022012500100439,2022년 1월 25일 19시,화요일,충청남도 논산시 취암동,중상사고,0,1,0,0,차대사람 - 횡단중,안전운전불이행,건조,맑음,교차로 - 교차로안,승용,남,27세,상해없음,보행자,여,64세,중상
2022012500100440,2022년 1월 25일 19시,화요일,충청남도 당진시 합덕읍,경상사고,0,0,1,0,차대차 - 정면충돌,교차로운행방법위반,건조,맑음,교차로 - 교차로부근,승용,여,69세,경상,승용,남,72세,상해없음
2022012500100505,2022년 1월 25일 21시,화요일,충청남도 천안시 서북구 두정동,경상사고,0,0,1,0,차대사람 - 횡단중,보행자보호의무위반,건조,맑음,교차로 - 교차로부근,승용,여,48세,상해없음,보행자,남,48세,경상
2022012500100546,2022년 1월 25일 22시,화요일,충청남도 천안시 서북구 성성동,경상사고,0,0,1,0,차대차 - 추돌,안전거리미확보,건조,맑음,단일로 - 기타,승용,남,48세,상해없음,승용,남,27세,경상
2022012600100008,2022년 1월 26일 00시,수요일,충청남도 천안시 서북구 불당동,경상사고,0,0,1,0,차대차 - 기타,신호위반,건조,맑음,교차로 - 교차로안,승용,남,53세,상해없음,승용,남,34세,경상
2022012600100067,2022년 1월 26일 07시,수요일,충청남도 천안시 서북구 입장면,경상사고,0,0,1,0,차대차 - 측면충돌,안전운전불이행,건조,맑음,단일로 - 기타,화물,남,60세,상해없음,승용,남,45세,경상
2022012600100096,2022년 1월 26일 08시,수요일,충청남도 서산시 팔봉면,경상사고,0,0,5,0,차대차 - 측면충돌,안전운전불이행,건조,맑음,단일로 - 기타,화물,여,59세,경상,승합,남,48세,상해없음
2022012600100097,2022년 1월 26일 08시,수요일,충청남도 아산시 둔포면,경상사고,0,0,1,0,차대차 - 추돌,신호위반,건조,맑음,단일로 - 기타,승용,남,55세,상해없음,승용,남,23세,경상
2022012600100098,2022년 1월 26일 08시,수요일,충청남도 아산시 음봉면,경상사고,0,0,1,0,차대차 - 측면충돌,중앙선침범,건조,맑음,단일로 - 기타,승용,남,67세,상해없음,승용,남,28세,경상
2022012600100153,2022년 1월 26일 10시,수요일,충청남도 서천군 서천읍,경상사고,0,0,1,0,차대사람 - 기타,안전운전불이행,건조,맑음,교차로 - 교차로안,화물,남,31세,상해없음,보행자,여,82세,경상
2022012600100277,2022년 1월 26일 14시,수요일,충청남도 논산시 지산동,사망사고,1,0,0,0,차대차 - 측면충돌,중앙선침범,건조,맑음,교차로 - 교차로안,자전거,남,70세,사망,화물,남,58세,상해없음
2022012600100312,2022년 1월 26일 15시,수요일,충청남도 천안시 동남구 신부동,경상사고,0,0,1,0,차대차 - 측면충돌,신호위반,건조,맑음,교차로 - 교차로안,승용,남,62세,상해없음,승용,여,34세,경상
2022012600100340,2022년 1월 26일 16시,수요일,충청남도 당진시 읍내동,경상사고,0,0,1,0,차대사람 - 차도통행중,안전운전불이행,건조,맑음,단일로 - 기타,승용,여,61세,상해없음,보행자,여,80세,경상
2022012600100430,2022년 1월 26일 18시,수요일,충청남도 아산시 송악면,중상사고,0,1,0,0,차대사람 - 길가장자리구역통행중,안전운전불이행,건조,맑음,기타 - 기타,건설기계,남,61세,상해없음,보행자,남,57세,중상
2022012600100461,2022년 1월 26일 19시,수요일,충청남도 아산시 음봉면,경상사고,0,0,1,0,차대차 - 측면충돌,안전운전불이행,건조,맑음,단일로 - 기타,승용,남,29세,상해없음,화물,남,58세,상해없음
2022012600100462,2022년 1월 26일 19시,수요일,충청남도 아산시 읍내동,경상사고,0,0,1,0,차대차 - 기타,안전운전불이행,건조,맑음,단일로 - 기타,승용,남,60세,기타불명,승용,여,41세,경상
2022012600100499,2022년 1월 26일 20시,수요일,충청남도 천안시 서북구 불당동,중상사고,0,1,1,0,차대차 - 측면충돌,신호위반,건조,맑음,교차로 - 교차로안,승용,여,22세,상해없음,승용,남,21세,경상
2022012600100529,2022년 1월 26일 21시,수요일,충청남도 천안시 서북구 성거읍,사망사고,1,0,0,0,차대사람 - 기타,안전운전불이행,건조,기타,기타 - 기타,승용,남,40세,상해없음,보행자,남,53세,사망
2022012600100530,2022년 1월 26일 21시,수요일,충청남도 아산시 온천동,부상신고사고,0,0,0,1,차대사람 - 횡단중,안전운전불이행,건조,맑음,교차로 - 교차로안,승용,남,35세,상해없음,보행자,남,47세,부상신고
2022012600100531,2022년 1월 26일 21시,수요일,충청남도 아산시 배방읍,경상사고,0,0,1,0,차대차 - 기타,안전운전불이행,건조,맑음,교차로 - 교차로부근,승합,남,56세,상해없음,승용,남,41세,경상
2022012600100532,2022년 1월 26일 21시,수요일,충청남도 천안시 동남구 안서동,경상사고,0,0,1,0,차대차 - 추돌,안전운전불이행,건조,맑음,단일로 - 기타,승용,남,61세,상해없음,승용,남,31세,경상
2022012700100008,2022년 1월 27일 01시,목요일,충청남도 당진시 수청동,경상사고,0,0,1,0,차대차 - 추돌,안전운전불이행,건조,맑음,단일로 - 기타,승용,남,33세,상해없음,승용,여,49세,경상
2022012700100047,2022년 1월 27일 07시,목요일,충청남도 공주시 석장리동,경상사고,0,0,1,0,차대차 - 측면충돌,안전운전불이행,건조,맑음,단일로 - 기타,승용,남,57세,상해없음,승용,여,32세,경상
2022012700100074,2022년 1월 27일 08시,목요일,충청남도 서천군 서천읍,중상사고,0,1,1,0,차대차 - 기타,안전거리미확보,건조,맑음,단일로 - 기타,이륜,여,77세,중상,승용,여,64세,경상
2022012700100075,2022년 1월 27일 08시,목요일,충청남도 당진시 송악읍,경상사고,0,0,1,0,차대차 - 측면충돌,안전운전불이행,건조,맑음,교차로 - 교차로안,승용,남,34세,상해없음,승용,여,51세,경상
2022012700100131,2022년 1월 27일 10시,목요일,충청남도 서산시 잠홍동,중상사고,0,1,0,0,차대차 - 측면충돌,불법유턴,건조,맑음,교차로 - 교차로부근,승용,남,30세,상해없음,이륜,남,28세,중상
2022012700100132,2022년 1월 27일 10시,목요일,충청남도 공주시 반포면,경상사고,0,0,1,0,차대차 - 측면충돌,교차로운행방법위반,건조,맑음,교차로 - 교차로안,화물,남,35세,상해없음,사륜오토바이(ATV),남,85세,경상
2022012700100165,2022년 1월 27일 11시,목요일,충청남도 천안시 동남구 다가동,중상사고,0,1,0,0,차대차 - 측면충돌,안전운전불이행,건조,맑음,교차로 - 교차로안,자전거,남,78세,중상,승합,남,33세,상해없음
2022012700100219,2022년 1월 27일 13시,목요일,충청남도 홍성군 홍성읍,경상사고,0,0,1,0,차대차 - 추돌,안전운전불이행,건조,맑음,교차로 - 교차로안,이륜,남,17세,상해없음,승용,남,47세,경상
2022012700100220,2022년 1월 27일 13시,목요일,충청남도 천안시 동남구 대흥동,경상사고,0,0,1,0,차대차 - 기타,안전거리미확보,건조,맑음,단일로 - 기타,승용,남,75세,상해없음,승합,남,52세,상해없음
2022012700100250,2022년 1월 27일 14시,목요일,충청남도 천안시 서북구 성정동,경상사고,0,0,1,0,차대차 - 측면충돌,안전운전불이행,건조,맑음,교차로 - 교차로안,승용,남,55세,상해없음,승용,남,68세,경상
2022012700100251,2022년 1월 27일 14시,목요일,충청남도 보령시 죽정동,경상사고,0,0,1,0,차대차 - 추돌,안전운전불이행,건조,맑음,단일로 - 교량,승용,여,49세,상해없음,승용,남,52세,경상
2022012700100252,2022년 1월 27일 14시,목요일,충청남도 천안시 동남구 청당동,중상사고,0,1,1,0,차대사람 - 보도통행중,신호위반,건조,맑음,교차로 - 교차로횡단보도내,승용,여,30세,상해없음,보행자,남,81세,경상