사고번호,사고일시,요일,시군구,사고내용,사망자수,중상자수,경상자수,부상신고자수,사고유형,법규위반,노면상태,기상상태,도로형태,가해운전자 차종,가해운전자 성별,가해운전자 연령,가해운전자 상해정도,피해운전자 차종,피해운전자 성별,피해운전자 연령,피해운전자 상해정도
2022012700100300,2022년 1월 27일 15시,목요일,충청남도 서천군 서천읍,중상사고,0,1,2,0,차대차 - 측면충돌,교차로운행방법위반,건조,맑음,교차로 - 교차로부근,승용,여,34세,경상,승용,남,35세,중상
2022012700100332,2022년 1월 27일 16시,목요일,충청남도 천안시 서북구 불당동,경상사고,0,0,1,0,차대차 - 기타,교차로운행방법위반,건조,맑음,교차로 - 교차로안,승용,남,45세,상해없음,승용,남,59세,경상
2022012700100333,2022년 1월 27일 16시,목요일,충청남도 당진시 읍내동,경상사고,0,0,1,0,차대사람 - 보도통행중,보행자보호의무위반,건조,맑음,교차로 - 교차로횡단보도내,승용,남,53세,상해없음,보행자,남,9세,경상
2022012700100364,2022년 1월 27일 17시,목요일,충청남도 천안시 서북구 입장면,경상사고,0,0,1,0,차대차 - 기타,안전운전불이행,건조,맑음,단일로 - 기타,승합,남,69세,상해없음,승용,남,56세,경상
2022012700100406,2022년 1월 27일 18시,목요일,충청남도 천안시 서북구 쌍용동,중상사고,0,1,0,0,차대차 - 측면충돌,안전운전불이행,건조,맑음,교차로 - 교차로부근,승용,남,51세,상해없음,이륜,남,59세,중상
2022012700100407,2022년 1월 27일 18시,목요일,충청남도 당진시 송악읍,경상사고,0,0,2,0,차대차 - 추돌,안전거리미확보,건조,맑음,단일로 - 기타,승용,남,38세,상해없음,승용,남,60세,경상
2022012700100448,2022년 1월 27일 19시,목요일,충청남도 홍성군 홍북읍,중상사고,0,2,1,0,차대차 - 측면충돌,신호위반,건조,맑음,교차로 - 교차로안,승용,남,71세,상해없음,승용,여,56세,중상
2022012700100449,2022년 1월 27일 19시,목요일,충청남도 아산시 온천동,중상사고,0,2,0,0,차대차 - 기타,안전운전불이행,건조,맑음,교차로 - 교차로안,승용,남,57세,상해없음,승용,남,31세,중상
2022012700100552,2022년 1월 27일 23시,목요일,충청남도 천안시 서북구 성환읍,중상사고,0,1,1,1,차대차 - 추돌,안전운전불이행,건조,맑음,단일로 - 기타,승용,여,56세,경상,승용,남,33세,중상
2022012800100037,2022년 1월 28일 07시,금요일,충청남도 천안시 동남구 목천읍,경상사고,0,0,1,0,차대사람 - 횡단중,안전운전불이행,건조,맑음,교차로 - 교차로안,승용,남,50세,상해없음,보행자,남,51세,경상
2022012800100200,2022년 1월 28일 12시,금요일,충청남도 천안시 서북구 백석동,경상사고,0,0,1,0,차대차 - 측면충돌,신호위반,건조,맑음,교차로 - 교차로부근,건설기계,남,41세,상해없음,승용,여,35세,경상
2022012800100281,2022년 1월 28일 14시,금요일,충청남도 천안시 서북구 성정동,부상신고사고,0,0,0,1,차대차 - 측면충돌,신호위반,건조,맑음,교차로 - 교차로부근,승용,남,40세,상해없음,화물,남,28세,부상신고
2022012800100282,2022년 1월 28일 14시,금요일,충청남도 아산시 인주면,경상사고,0,0,1,0,차대차 - 측면충돌,중앙선침범,건조,맑음,단일로 - 기타,승용,남,55세,상해없음,승용,남,29세,경상
2022012800100283,2022년 1월 28일 14시,금요일,충청남도 보령시 천북면,경상사고,0,0,1,0,차량단독 - 전도전복 - 전도,안전운전불이행,건조,맑음,단일로 - 기타,이륜,남,82세,경상,,,,
2022012800100326,2022년 1월 28일 15시,금요일,충청남도 아산시 음봉면,중상사고,0,1,1,0,차대차 - 정면충돌,중앙선침범,건조,맑음,단일로 - 기타,화물,남,45세,중상,승합,남,24세,경상
2022012800100364,2022년 1월 28일 16시,금요일,충청남도 서산시 석남동,중상사고,0,1,0,0,차대차 - 추돌,안전운전불이행,건조,맑음,단일로 - 기타,승용,남,26세,상해없음,이륜,남,66세,중상
2022012800100366,2022년 1월 28일 16시,금요일,충청남도 공주시 유구읍,중상사고,0,1,0,0,차대차 - 측면충돌,교차로운행방법위반,건조,맑음,교차로 - 교차로안,승용,여,28세,상해없음,원동기,남,69세,중상
2022012800100367,2022년 1월 28일 16시,금요일,충청남도 천안시 동남구 사직동,경상사고,0,0,1,0,차대차 - 기타,안전운전불이행,건조,맑음,교차로 - 교차로안,승용,남,60세,상해없음,승용,남,41세,상해없음
2022012800100464,2022년 1월 28일 18시,금요일,충청남도 아산시 온천동,경상사고,0,0,1,0,차대사람 - 차도통행중,안전운전불이행,건조,맑음,교차로 - 교차로안,승용,남,26세,상해없음,보행자,남,41세,경상
2022012800100465,2022년 1월 28일 18시,금요일,충청남도 태안군 태안읍,경상사고,0,0,1,0,차대차 - 기타,안전운전불이행,젖음/습기,흐림,단일로 - 기타,승용,남,43세,상해없음,승용,남,56세,경상
2022012800100523,2022년 1월 28일 19시,금요일,충청남도 아산시 신동,경상사고,0,0,1,0,차대차 - 측면충돌,신호위반,건조,맑음,단일로 - 교량,승용,남,22세,상해없음,승용,남,29세,경상
2022012800100553,2022년 1월 28일 20시,금요일,충청남도 천안시 서북구 두정동,경상사고,0,0,1,0,차대사람 - 기타,안전운전불이행,건조,맑음,단일로 - 기타,승용,남,44세,상해없음,보행자,여,28세,경상
2022012800100554,2022년 1월 28일 20시,금요일,충청남도 천안시 동남구 원성동,경상사고,0,0,1,0,차대차 - 추돌,안전운전불이행,건조,맑음,교차로 - 교차로부근,승용,남,59세,상해없음,승합,남,57세,경상
2022012800100555,2022년 1월 28일 20시,금요일,충청남도 당진시 송악읍,중상사고,0,3,0,0,차대차 - 기타,안전운전불이행,건조,맑음,단일로 - 기타,화물,남,58세,기타불명,승용,여,59세,중상
2022012800100593,2022년 1월 28일 21시,금요일,충청남도 천안시 서북구 성정동,경상사고,0,0,4,0,차대차 - 추돌,안전운전불이행,건조,맑음,교차로 - 교차로부근,승용,남,23세,상해없음,승용,남,52세,경상
2022012800100594,2022년 1월 28일 21시,금요일,충청남도 공주시 웅진동,경상사고,0,0,1,0,차대차 - 추돌,안전운전불이행,젖음/습기,눈,교차로 - 교차로부근,화물,남,52세,상해없음,승용,여,29세,경상
2022012800100629,2022년 1월 28일 22시,금요일,충청남도 천안시 서북구 직산읍,중상사고,0,1,0,0,차대차 - 정면충돌,직진우회전진행방해,건조,맑음,교차로 - 교차로안,승용,남,36세,상해없음,승용,여,29세,중상
2022012800100630,2022년 1월 28일 22시,금요일,충청남도 천안시 동남구 원성동,경상사고,0,0,1,0,차대차 - 추돌,안전거리미확보,건조,맑음,단일로 - 기타,승용,여,55세,상해없음,승용,남,58세,상해없음
2022012900100020,2022년 1월 29일 03시,토요일,충청남도 천안시 서북구 두정동,중상사고,0,1,1,0,차대차 - 측면충돌,안전운전불이행,건조,맑음,교차로 - 교차로부근,승용,남,19세,상해없음,승용,남,60세,경상
2022012900100025,2022년 1월 29일 05시,토요일,충청남도 서산시 수석동,경상사고,0,0,1,0,차대차 - 추돌,안전운전불이행,건조,맑음,교차로 - 교차로부근,승합,남,38세,상해없음,승용,여,32세,경상
2022012900100031,2022년 1월 29일 06시,토요일,충청남도 천안시 서북구 쌍용동,경상사고,0,0,1,0,차대차 - 기타,안전운전불이행,건조,맑음,교차로 - 교차로부근,승용,여,48세,상해없음,승용,남,25세,경상
2022012900100032,2022년 1월 29일 06시,토요일,충청남도 논산시 내동,경상사고,0,0,4,0,차대차 - 정면충돌,신호위반,건조,맑음,교차로 - 교차로안,건설기계,남,36세,상해없음,승합,남,61세,경상
2022012900100089,2022년 1월 29일 10시,토요일,충청남도 보령시 웅천읍,경상사고,0,0,1,0,차대차 - 정면충돌,중앙선침범,건조,맑음,단일로 - 기타,승용,여,35세,기타불명,화물,남,71세,경상
2022012900100115,2022년 1월 29일 11시,토요일,충청남도 천안시 동남구 봉명동,경상사고,0,0,1,0,차대차 - 추돌,안전운전불이행,건조,맑음,단일로 - 기타,승용,남,55세,상해없음,승용,여,48세,경상
2022012900100144,2022년 1월 29일 12시,토요일,충청남도 금산군 금산읍,경상사고,0,0,1,0,차대차 - 측면충돌,안전운전불이행,건조,맑음,교차로 - 교차로안,승용,여,49세,상해없음,이륜,남,46세,경상
2022012900100238,2022년 1월 29일 15시,토요일,충청남도 천안시 서북구 불당동,경상사고,0,0,1,0,차대차 - 추돌,안전운전불이행,건조,맑음,단일로 - 기타,승용,남,63세,상해없음,기타불명,기타불명,미분류,기타불명
2022012900100239,2022년 1월 29일 15시,토요일,충청남도 아산시 영인면,사망사고,1,0,0,0,차량단독 - 기타,안전운전불이행,건조,맑음,교차로 - 교차로부근,이륜,남,86세,사망,,,,
2022012900100275,2022년 1월 29일 16시,토요일,충청남도 천안시 서북구 성정동,중상사고,0,1,0,0,차대차 - 기타,중앙선침범,건조,맑음,단일로 - 기타,승용,남,51세,상해없음,이륜,남,17세,중상
2022012900100276,2022년 1월 29일 16시,토요일,충청남도 아산시 신창면,경상사고,0,0,2,0,차대차 - 정면충돌,신호위반,건조,맑음,교차로 - 교차로안,승용,남,22세,경상,승용,여,45세,경상
2022012900100277,2022년 1월 29일 16시,토요일,충청남도 서천군 서천읍,중상사고,0,1,0,0,차대사람 - 횡단중,보행자보호의무위반,건조,맑음,단일로 - 기타,승용,남,79세,상해없음,보행자,남,31세,중상
2022012900100278,2022년 1월 29일 16시,토요일,충청남도 보령시 내항동,중상사고,0,1,0,0,차대차 - 기타,중앙선침범,건조,맑음,단일로 - 기타,승용,여,52세,상해없음,승용,여,53세,중상
2022012900100279,2022년 1월 29일 16시,토요일,충청남도 공주시 송선동,경상사고,0,0,1,0,차대차 - 측면충돌,교차로운행방법위반,건조,맑음,교차로 - 교차로안,화물,남,45세,상해없음,승용,여,34세,경상
2022012900100311,2022년 1월 29일 17시,토요일,충청남도 천안시 서북구 쌍용동,경상사고,0,0,1,0,차대차 - 기타,안전운전불이행,건조,맑음,기타 - 기타,이륜,남,17세,기타불명,승용,남,45세,경상
2022012900100335,2022년 1월 29일 18시,토요일,충청남도 천안시 서북구 성환읍,중상사고,0,1,0,0,차대차 - 기타,안전운전불이행,건조,맑음,단일로 - 기타,승용,남,64세,상해없음,승용,여,41세,상해없음
2022012900100364,2022년 1월 29일 19시,토요일,충청남도 천안시 동남구 봉명동,경상사고,0,0,3,0,차대차 - 정면충돌,중앙선침범,건조,맑음,교차로 - 교차로부근,승용,남,60세,상해없음,승용,여,35세,경상
2022012900100394,2022년 1월 29일 20시,토요일,충청남도 서산시 동문동,중상사고,0,1,0,0,차대사람 - 기타,안전운전불이행,건조,맑음,교차로 - 교차로부근,승용,남,51세,상해없음,보행자,남,38세,중상
2022012900100395,2022년 1월 29일 20시,토요일,충청남도 천안시 서북구 성정동,경상사고,0,0,1,0,차대차 - 기타,안전운전불이행,건조,맑음,단일로 - 기타,승용,남,30세,상해없음,승용,여,28세,경상
2022012900100428,2022년 1월 29일 21시,토요일,충청남도 천안시 서북구 불당동,경상사고,0,0,1,0,차대차 - 기타,안전운전불이행,건조,맑음,단일로 - 기타,승용,남,26세,상해없음,승용,남,68세,경상
2022012900100429,2022년 1월 29일 21시,토요일,충청남도 공주시 금성동,경상사고,0,0,1,0,차대사람 - 횡단중,안전운전불이행,건조,기타,단일로 - 기타,승용,남,66세,상해없음,보행자,남,61세,경상
2022012900100430,2022년 1월 29일 21시,토요일,충청남도 당진시 송악읍,경상사고,0,0,1,0,차대차 - 추돌,안전운전불이행,건조,흐림,단일로 - 기타,승용,남,34세,상해없음,화물,남,22세,상해없음
2022013000100041,2022년 1월 30일 09시,일요일,충청남도 서천군 종천면,중상사고,0,1,1,0,차대차 - 추돌,안전거리미확보,건조,맑음,교차로 - 교차로안,승용,남,65세,상해없음,승용,여,66세,경상
2022013000100051,2022년 1월 30일 10시,일요일,충청남도 당진시 신평면,중상사고,0,1,0,0,차대차 - 기타,기타,건조,맑음,단일로 - 기타,화물,남,63세,상해없음,승용,남,67세,중상
2022013000100073,2022년 1월 30일 11시,일요일,충청남도 당진시 송악읍,경상사고,0,0,4,0,차대차 - 측면충돌,신호위반,건조,맑음,단일로 - 기타,승용,여,56세,상해없음,승용,남,29세,경상
2022013000100122,2022년 1월 30일 13시,일요일,충청남도 서천군 서천읍,경상사고,0,0,1,0,차대차 - 추돌,안전거리미확보,건조,맑음,교차로 - 교차로부근,승용,기타불명,미분류,기타불명,화물,남,71세,경상
2022013000100123,2022년 1월 30일 13시,일요일,충청남도 부여군 세도면,중상사고,0,1,0,0,차대차 - 측면충돌,기타,건조,맑음,교차로 - 교차로안,승용,여,65세,상해없음,이륜,남,90세,중상
2022013000100148,2022년 1월 30일 14시,일요일,충청남도 천안시 서북구 신당동,경상사고,0,0,3,0,차대차 - 기타,안전운전불이행,건조,맑음,교차로 - 교차로부근,승용,남,50세,상해없음,승용,여,53세,경상
2022013000100149,2022년 1월 30일 14시,일요일,충청남도 아산시 둔포면,경상사고,0,0,3,0,차대차 - 기타,신호위반,건조,맑음,교차로 - 교차로안,승용,남,62세,경상,승합,남,51세,경상
2022013000100150,2022년 1월 30일 14시,일요일,충청남도 아산시 풍기동,경상사고,0,0,3,0,차대차 - 추돌,안전운전불이행,건조,맑음,기타 - 기타,승용,여,20세,상해없음,승용,여,28세,경상
2022013000100151,2022년 1월 30일 14시,일요일,충청남도 천안시 동남구 청당동,경상사고,0,0,1,0,차대차 - 측면충돌,안전운전불이행,건조,맑음,교차로 - 교차로횡단보도내,승용,남,64세,상해없음,승합,남,61세,경상
2022013000100208,2022년 1월 30일 16시,일요일,충청남도 아산시 배방읍,경상사고,0,0,1,0,차대차 - 기타,안전운전불이행,건조,맑음,단일로 - 기타,승용,여,71세,상해없음,이륜,남,43세,경상
2022013000100209,2022년 1월 30일 16시,일요일,충청남도 당진시 원당동,경상사고,0,0,2,0,차대차 - 추돌,안전운전불이행,건조,맑음,단일로 - 기타,승용,남,38세,상해없음,승용,남,38세,경상
2022013000100235,2022년 1월 30일 17시,일요일,충청남도 공주시 탄천면,중상사고,0,1,0,0,차량단독 - 공작물충돌,안전운전불이행,건조,맑음,교차로 - 교차로안,승용,남,50세,중상,,,,
2022013000100236,2022년 1월 30일 17시,일요일,충청남도 당진시 읍내동,중상사고,0,1,1,0,차대차 - 추돌,안전거리미확보,건조,맑음,단일로 - 기타,승용,남,41세,상해없음,승용,남,26세,중상
2022013000100260,2022년 1월 30일 18시,일요일,충청남도 공주시 신관동,경상사고,0,0,2,0,차대차 - 측면충돌,안전운전불이행,건조,맑음,교차로 - 교차로안,승용,남,50세,상해없음,승용,남,62세,경상
2022013000100286,2022년 1월 30일 19시,일요일,충청남도 천안시 동남구 봉명동,중상사고,0,1,0,0,차대차 - 추돌,안전운전불이행,건조,맑음,단일로 - 기타,승용,남,51세,상해없음,승용,여,39세,중상
2022013000100287,2022년 1월 30일 19시,일요일,충청남도 천안시 동남구 신방동,경상사고,0,0,2,0,차대차 - 측면충돌,교차로운행방법위반,건조,맑음,교차로 - 교차로안,화물,남,51세,상해없음,승용,여,28세,경상
2022013000100307,2022년 1월 30일 20시,일요일,충청남도 아산시 배방읍,사망사고,1,0,0,0,차량단독 - 공작물충돌,안전운전불이행,건조,맑음,기타 - 기타,이륜,남,39세,사망,,,,
2022013000100343,2022년 1월 30일 21시,일요일,충청남도 아산시 온천동,중상사고,0,1,0,0,차대사람 - 기타,안전운전불이행,건조,맑음,교차로 - 교차로안,승합,남,52세,상해없음,보행자,남,43세,중상
2022013100100004,2022년 1월 31일 00시,월요일,충청남도 아산시 배방읍,경상사고,0,0,1,0,차대차 - 추돌,안전운전불이행,건조,맑음,교차로 - 교차로부근,이륜,남,29세,상해없음,승용,남,24세,경상
2022013100100013,2022년 1월 31일 02시,월요일,충청남도 예산군 덕산면,부상신고사고,0,0,0,1,차량단독 - 공작물충돌,안전운전불이행,건조,맑음,교차로 - 교차로안,승용,남,23세,부상신고,,,,
2022013100100034,2022년 1월 31일 08시,월요일,충청남도 서천군 서천읍,중상사고,0,1,0,0,차대사람 - 길가장자리구역통행중,안전운전불이행,건조,맑음,단일로 - 기타,승용,여,66세,상해없음,보행자,남,72세,중상
2022013100100035,2022년 1월 31일 08시,월요일,충청남도 예산군 대흥면,경상사고,0,0,3,0,차대차 - 기타,안전운전불이행,건조,맑음,단일로 - 기타,승용,남,44세,상해없음,승용,남,56세,경상
2022013100100057,2022년 1월 31일 10시,월요일,충청남도 청양군 대치면,경상사고,0,0,2,0,차대차 - 측면충돌,신호위반,건조,맑음,교차로 - 교차로안,승합,남,38세,상해없음,승용,여,52세,경상
2022013100100088,2022년 1월 31일 12시,월요일,충청남도 서산시 동문동,중상사고,0,1,0,0,차대사람 - 기타,안전운전불이행,건조,맑음,교차로 - 교차로안,승용,여,44세,상해없음,보행자,남,68세,중상
2022013100100089,2022년 1월 31일 12시,월요일,충청남도 천안시 서북구 성거읍,중상사고,0,1,0,0,차대차 - 측면충돌,안전운전불이행,건조,맑음,단일로 - 기타,승용,남,51세,기타불명,승용,남,35세,중상
2022013100100103,2022년 1월 31일 13시,월요일,충청남도 천안시 동남구 신부동,경상사고,0,0,1,0,차대사람 - 보도통행중,기타,건조,맑음,교차로 - 교차로안,이륜,남,40세,상해없음,보행자,여,21세,경상
2022013100100137,2022년 1월 31일 14시,월요일,충청남도 금산군 금산읍,경상사고,0,0,1,0,차대사람 - 기타,안전운전불이행,건조,맑음,기타 - 기타,승용,여,49세,상해없음,보행자,여,62세,경상
2022013100100158,2022년 1월 31일 15시,월요일,충청남도 아산시 영인면,경상사고,0,0,2,0,차대차 - 측면충돌,신호위반,건조,맑음,교차로 - 교차로안,승용,남,33세,상해없음,승용,남,29세,경상
2022013100100221,2022년 1월 31일 18시,월요일,충청남도 논산시 부적면,중상사고,0,1,0,0,차대사람 - 횡단중,안전운전불이행,건조,맑음,단일로 - 기타,승용,남,51세,상해없음,보행자,남,63세,중상
2022013100100251,2022년 1월 31일 19시,월요일,충청남도 천안시 서북구 쌍용동,경상사고,0,0,2,0,차대차 - 추돌,안전운전불이행,건조,맑음,교차로 - 교차로부근,승용,남,41세,상해없음,승용,여,50세,경상
2022013100100252,2022년 1월 31일 19시,월요일,충청남도 보령시 명천동,경상사고,0,0,3,0,차대차 - 측면충돌,신호위반,건조,흐림,교차로 - 교차로안,승용,남,53세,상해없음,승용,남,24세,경상
2022013100100270,2022년 1월 31일 20시,월요일,충청남도 보령시 주포면,경상사고,0,0,1,0,차대차 - 추돌,안전운전불이행,건조,흐림,교차로 - 교차로부근,승용,남,54세,상해없음,화물,남,54세,경상
2022013100100271,2022년 1월 31일 20시,월요일,충청남도 태안군 남면,중상사고,0,2,1,0,차대차 - 추돌,안전거리미확보,적설,눈,단일로 - 기타,승용,남,75세,경상,승용,여,52세,중상
2022013100100322,2022년 1월 31일 22시,월요일,충청남도 아산시 온천동,경상사고,0,0,2,0,차대차 - 추돌,안전거리미확보,적설,눈,교차로 - 교차로부근,승용,남,29세,상해없음,승용,남,58세,경상
2022020100100009,2022년 2월 1일 05시,화요일,충청남도 천안시 동남구 용곡동,경상사고,0,0,1,0,차대차 - 기타,안전거리미확보,건조,맑음,단일로 - 기타,승용,남,33세,상해없음,승용,여,66세,경상
2022020100100018,2022년 2월 1일 07시,화요일,충청남도 천안시 서북구 쌍용동,경상사고,0,0,2,0,차대차 - 추돌,안전운전불이행,젖음/습기,흐림,교차로 - 교차로부근,승용,남,62세,상해없음,승용,여,52세,경상
2022020100100026,2022년 2월 1일 08시,화요일,충청남도 천안시 서북구 두정동,중상사고,0,1,0,0,차대차 - 측면충돌,기타,적설,맑음,교차로 - 교차로안,승용,남,37세,중상,승용,남,59세,상해없음
2022020100100027,2022년 2월 1일 08시,화요일,충청남도 아산시 둔포면,중상사고,0,1,0,0,차대차 - 기타,안전운전불이행,적설,눈,단일로 - 기타,승용,남,31세,상해없음,승용,남,47세,중상
2022020100100033,2022년 2월 1일 09시,화요일,충청남도 아산시 둔포면,중상사고,0,1,0,0,차량단독 - 공작물충돌,안전운전불이행,적설,눈,단일로 - 기타,화물,남,60세,중상,,,,
2022020100100034,2022년 2월 1일 09시,화요일,충청남도 보령시 죽정동,경상사고,0,0,4,0,차대차 - 추돌,안전운전불이행,서리/결빙,눈,단일로 - 기타,승용,남,52세,상해없음,승용,남,49세,경상
2022020100100035,2022년 2월 1일 09시,화요일,충청남도 천안시 서북구 입장면,중상사고,0,1,0,0,차대사람 - 기타,안전운전불이행,적설,눈,주차장 - 주차장,승용,남,38세,상해없음,보행자,남,41세,중상
2022020100100036,2022년 2월 1일 09시,화요일,충청남도 예산군 오가면,경상사고,0,0,1,0,차대차 - 기타,안전운전불이행,적설,눈,단일로 - 기타,화물,남,44세,상해없음,승용,여,45세,경상
2022020100100059,2022년 2월 1일 11시,화요일,충청남도 천안시 서북구 성거읍,경상사고,0,0,3,0,차대차 - 기타,안전운전불이행,적설,눈,단일로 - 기타,승용,남,38세,상해없음,승용,여,39세,경상
2022020100100060,2022년 2월 1일 11시,화요일,충청남도 천안시 서북구 두정동,경상사고,0,0,2,0,차대사람 - 횡단중,신호위반,적설,맑음,교차로 - 교차로안,승용,여,56세,경상,보행자,여,24세,경상
2022020100100061,2022년 2월 1일 11시,화요일,충청남도 공주시 이인면,경상사고,0,0,2,0,차대차 - 정면충돌,안전운전불이행,적설,눈,단일로 - 기타,승용,남,30세,기타불명,승용,남,27세,경상
2022020100100062,2022년 2월 1일 11시,화요일,충청남도 천안시 동남구 성남면,경상사고,0,0,3,0,차대차 - 측면충돌,안전운전불이행,서리/결빙,눈,단일로 - 기타,승용,남,61세,상해없음,승용,남,59세,경상
2022020100100063,2022년 2월 1일 11시,화요일,충청남도 천안시 동남구 목천읍,경상사고,0,0,2,0,차대차 - 기타,안전거리미확보,젖음/습기,맑음,단일로 - 기타,화물,남,65세,상해없음,승용,여,62세,경상
2022020100100080,2022년 2월 1일 12시,화요일,충청남도 부여군 세도면,경상사고,0,0,6,0,차대차 - 정면충돌,안전운전불이행,적설,눈,단일로 - 기타,화물,남,61세,상해없음,승용,남,51세,경상
2022020100100098,2022년 2월 1일 13시,화요일,충청남도 천안시 서북구 성거읍,경상사고,0,0,1,0,차대차 - 추돌,안전운전불이행,젖음/습기,흐림,단일로 - 기타,승합,남,47세,상해없음,승용,남,22세,경상
2022020100100110,2022년 2월 1일 14시,화요일,충청남도 당진시 합덕읍,경상사고,0,0,2,0,차대차 - 추돌,안전운전불이행,건조,맑음,교차로 - 교차로안,승용,여,30세,상해없음,승용,남,53세,경상
2022020100100191,2022년 2월 1일 19시,화요일,충청남도 천안시 서북구 두정동,경상사고,0,0,1,0,차대차 - 기타,안전운전불이행,건조,맑음,기타 - 기타,승용,여,50세,상해없음,승합,남,38세,상해없음
2022020100100223,2022년 2월 1일 21시,화요일,충청남도 보령시 동대동,경상사고,0,0,3,0,차대차 - 추돌,안전운전불이행,건조,맑음,단일로 - 기타,승용,남,52세,상해없음,승용,남,27세,경상
2022020100100224,2022년 2월 1일 21시,화요일,충청남도 천안시 동남구 사직동,중상사고,0,1,0,0,차대차 - 측면충돌,안전운전불이행,서리/결빙,눈,교차로 - 교차로안,이륜,남,40세,중상,승용,남,35세,상해없음
2022020100100254,2022년 2월 1일 23시,화요일,충청남도 천안시 서북구 성정동,경상사고,0,0,1,0,차대사람 - 기타,안전운전불이행,건조,맑음,기타 - 기타,승용,남,23세,상해없음,보행자,남,27세,경상
2022020200100006,2022년 2월 2일 00시,수요일,충청남도 부여군 은산면,사망사고,1,0,0,0,차량단독 - 도로외이탈 - 추락,안전운전불이행,건조,맑음,단일로 - 교량,원동기,남,61세,사망,,,,
2022020200100049,2022년 2월 2일 10시,수요일,충청남도 논산시 광석면,경상사고,0,0,1,0,차대차 - 추돌,안전운전불이행,건조,맑음,단일로 - 기타,승용,남,29세,상해없음,승용,남,65세,경상
2022020200100093,2022년 2월 2일 13시,수요일,충청남도 공주시 송선동,경상사고,0,0,1,0,차대차 - 추돌,안전운전불이행,건조,맑음,교차로 - 교차로안,승용,남,39세,상해없음,승용,여,37세,경상
2022020200100124,2022년 2월 2일 14시,수요일,충청남도 아산시 둔포면,경상사고,0,0,1,0,차대차 - 추돌,안전운전불이행,건조,맑음,교차로 - 교차로부근,승용,남,36세,상해없음,승용,남,31세,경상
2022020200100146,2022년 2월 2일 15시,수요일,충청남도 천안시 서북구 성정동,경상사고,0,0,1,0,차대차 - 추돌,안전운전불이행,건조,맑음,교차로 - 교차로부근,승용,남,55세,상해없음,이륜,남,33세,경상
2022020200100147,2022년 2월 2일 15시,수요일,충청남도 천안시 서북구 입장면,경상사고,0,0,1,0,차대차 - 기타,안전운전불이행,건조,맑음,단일로 - 기타,승용,남,61세,상해없음,승용,남,68세,경상
2022020200100168,2022년 2월 2일 16시,수요일,충청남도 아산시 온천동,중상사고,0,1,2,0,차대차 - 측면충돌,신호위반,건조,맑음,교차로 - 교차로안,승용,여,48세,상해없음,승용,남,34세,경상
2022020200100186,2022년 2월 2일 17시,수요일,충청남도 홍성군 홍성읍,경상사고,0,0,1,0,차대차 - 후진중충돌,안전운전불이행,건조,맑음,교차로 - 교차로부근,화물,남,54세,상해없음,승용,여,49세,경상
2022020200100233,2022년 2월 2일 19시,수요일,충청남도 천안시 서북구 직산읍,경상사고,0,0,1,0,차대차 - 기타,안전운전불이행,건조,맑음,단일로 - 기타,승용,기타불명,미분류,기타불명,이륜,남,27세,경상
2022020200100234,2022년 2월 2일 19시,수요일,충청남도 천안시 서북구 성정동,경상사고,0,0,1,0,차대차 - 측면충돌,안전운전불이행,건조,맑음,단일로 - 기타,승용,남,54세,상해없음,승용,남,69세,경상
2022020200100261,2022년 2월 2일 20시,수요일,충청남도 천안시 서북구 성정동,경상사고,0,0,2,0,차대차 - 측면충돌,교차로운행방법위반,건조,맑음,교차로 - 교차로안,승용,여,34세,상해없음,승용,남,27세,경상
2022020200100297,2022년 2월 2일 21시,수요일,충청남도 부여군 규암면,중상사고,0,1,2,0,차대차 - 추돌,안전운전불이행,건조,맑음,단일로 - 기타,승용,남,30세,상해없음,승용,남,64세,중상
2022020300100019,2022년 2월 3일 06시,목요일,충청남도 아산시 장존동,중상사고,0,1,0,0,차대사람 - 기타,안전운전불이행,건조,흐림,단일로 - 기타,화물,남,45세,상해없음,보행자,여,68세,중상
2022020300100030,2022년 2월 3일 07시,목요일,충청남도 천안시 동남구 목천읍,경상사고,0,0,2,0,차대차 - 기타,직진우회전진행방해,건조,맑음,교차로 - 교차로안,승용,남,30세,상해없음,승용,남,40세,경상
2022020300100059,2022년 2월 3일 08시,목요일,충청남도 서산시 석남동,경상사고,0,0,1,0,차대차 - 측면충돌,차로위반,건조,맑음,교차로 - 교차로부근,화물,남,70세,상해없음,이륜,여,40세,경상
2022020300100060,2022년 2월 3일 08시,목요일,충청남도 천안시 서북구 차암동,경상사고,0,0,1,0,차대차 - 추돌,안전운전불이행,건조,맑음,단일로 - 기타,승용,남,48세,상해없음,승용,남,31세,경상
2022020300100090,2022년 2월 3일 09시,목요일,충청남도 천안시 서북구 두정동,경상사고,0,0,1,0,차대차 - 추돌,안전운전불이행,젖음/습기,맑음,단일로 - 고가도로위,화물,남,31세,상해없음,승용,여,46세,경상
2022020300100117,2022년 2월 3일 10시,목요일,충청남도 천안시 서북구 쌍용동,경상사고,0,0,1,0,차대차 - 기타,교차로운행방법위반,건조,맑음,교차로 - 교차로안,승용,여,59세,상해없음,승용,여,40세,경상
2022020300100118,2022년 2월 3일 10시,목요일,충청남도 당진시 원당동,경상사고,0,0,1,0,차대차 - 측면충돌,안전운전불이행,건조,맑음,교차로 - 교차로부근,승용,남,67세,상해없음,화물,남,28세,경상