사고번호,사고일시,요일,시군구,사고내용,사망자수,중상자수,경상자수,부상신고자수,사고유형,법규위반,노면상태,기상상태,도로형태,가해운전자 차종,가해운전자 성별,가해운전자 연령,가해운전자 상해정도,피해운전자 차종,피해운전자 성별,피해운전자 연령,피해운전자 상해정도
2022020300100143,2022년 2월 3일 11시,목요일,충청남도 아산시 배방읍,경상사고,0,0,4,0,차대차 - 기타,안전운전불이행,건조,맑음,단일로 - 기타,승용,남,62세,상해없음,승용,남,37세,경상
2022020300100170,2022년 2월 3일 12시,목요일,충청남도 서산시 석림동,경상사고,0,0,1,0,차대차 - 측면충돌,직진우회전진행방해,건조,맑음,교차로 - 교차로안,승용,남,32세,상해없음,승용,남,40세,경상
2022020300100171,2022년 2월 3일 12시,목요일,충청남도 서천군 서천읍,경상사고,0,0,3,0,차대차 - 측면충돌,직진우회전진행방해,건조,맑음,교차로 - 교차로안,승용,남,68세,경상,승용,여,28세,경상
2022020300100224,2022년 2월 3일 14시,목요일,충청남도 천안시 서북구 업성동,부상신고사고,0,0,0,1,차대차 - 측면충돌,안전거리미확보,건조,맑음,교차로 - 교차로안,승용,여,24세,부상신고,화물,남,62세,상해없음
2022020300100225,2022년 2월 3일 14시,목요일,충청남도 천안시 서북구 쌍용동,경상사고,0,0,1,0,차대사람 - 횡단중,안전운전불이행,건조,맑음,교차로 - 교차로안,승용,여,33세,상해없음,보행자,여,80세,경상
2022020300100226,2022년 2월 3일 14시,목요일,충청남도 태안군 고남면,경상사고,0,0,2,0,차대차 - 정면충돌,중앙선침범,서리/결빙,맑음,단일로 - 기타,승용,남,32세,상해없음,승용,남,31세,경상
2022020300100289,2022년 2월 3일 16시,목요일,충청남도 서천군 비인면,경상사고,0,0,1,0,차대차 - 측면충돌,직진우회전진행방해,건조,맑음,교차로 - 교차로안,승용,여,71세,상해없음,농기계,남,88세,경상
2022020300100311,2022년 2월 3일 17시,목요일,충청남도 천안시 서북구 성정동,경상사고,0,0,1,0,차대차 - 측면충돌,안전운전불이행,건조,맑음,단일로 - 기타,승용,남,30세,상해없음,승용,여,33세,경상
2022020300100312,2022년 2월 3일 17시,목요일,충청남도 천안시 서북구 불당동,경상사고,0,0,2,0,차대차 - 측면충돌,안전운전불이행,건조,맑음,교차로 - 교차로횡단보도내,화물,남,59세,상해없음,승용,여,39세,경상
2022020300100313,2022년 2월 3일 17시,목요일,충청남도 아산시 염치읍,경상사고,0,0,2,0,차대차 - 기타,안전운전불이행,건조,맑음,교차로 - 교차로안,승합,남,71세,상해없음,승용,여,67세,경상
2022020300100314,2022년 2월 3일 17시,목요일,충청남도 서천군 장항읍,중상사고,0,1,0,0,차대차 - 측면충돌,신호위반,건조,맑음,교차로 - 교차로안,승용,남,35세,상해없음,이륜,남,52세,중상
2022020400100039,2022년 2월 4일 07시,금요일,충청남도 논산시 연산면,경상사고,0,0,1,0,차대차 - 측면충돌,안전거리미확보,건조,맑음,단일로 - 기타,승용,남,78세,상해없음,승용,여,58세,경상
2022020400100088,2022년 2월 4일 09시,금요일,충청남도 아산시 둔포면,중상사고,0,2,1,0,차대차 - 추돌,안전운전불이행,건조,맑음,단일로 - 기타,화물,남,57세,상해없음,승용,남,57세,경상
2022020400100089,2022년 2월 4일 09시,금요일,충청남도 청양군 청양읍,경상사고,0,0,2,0,차대차 - 측면충돌,교차로운행방법위반,건조,맑음,교차로 - 교차로안,승용,남,84세,상해없음,승용,남,35세,경상
2022020400100142,2022년 2월 4일 11시,금요일,충청남도 천안시 동남구 신부동,경상사고,0,0,1,0,차대사람 - 기타,안전운전불이행,건조,맑음,교차로 - 교차로부근,승용,남,57세,상해없음,보행자,여,21세,경상
2022020400100226,2022년 2월 4일 14시,금요일,충청남도 아산시 송악면,경상사고,0,0,4,0,차대차 - 추돌,안전운전불이행,건조,맑음,단일로 - 기타,승용,여,46세,상해없음,승용,남,51세,경상
2022020400100280,2022년 2월 4일 16시,금요일,충청남도 천안시 동남구 신부동,경상사고,0,0,2,0,차대차 - 측면충돌,차로위반,건조,맑음,교차로 - 교차로안,승용,여,59세,경상,승용,남,59세,경상
2022020400100312,2022년 2월 4일 17시,금요일,충청남도 서산시 석림동,경상사고,0,0,1,0,차대차 - 측면충돌,기타,건조,맑음,교차로 - 교차로안,승용,여,37세,상해없음,승용,남,61세,경상
2022020400100359,2022년 2월 4일 18시,금요일,충청남도 서산시 석남동,경상사고,0,0,1,0,차대차 - 측면충돌,불법유턴,건조,맑음,교차로 - 교차로부근,승용,여,43세,상해없음,승용,남,34세,경상
2022020400100360,2022년 2월 4일 18시,금요일,충청남도 천안시 서북구 쌍용동,경상사고,0,0,1,0,차대차 - 기타,차로위반,건조,맑음,단일로 - 기타,승용,남,72세,상해없음,승용,남,45세,경상
2022020400100361,2022년 2월 4일 18시,금요일,충청남도 천안시 동남구 신부동,경상사고,0,0,1,0,차대사람 - 횡단중,안전운전불이행,건조,맑음,단일로 - 기타,승용,여,35세,상해없음,보행자,남,62세,경상
2022020400100398,2022년 2월 4일 19시,금요일,충청남도 천안시 서북구 쌍용동,부상신고사고,0,0,0,2,차대차 - 기타,안전운전불이행,건조,맑음,기타 - 기타,승용,남,47세,상해없음,승용,여,20세,부상신고
2022020400100425,2022년 2월 4일 20시,금요일,충청남도 천안시 서북구 두정동,경상사고,0,0,1,0,차대차 - 추돌,안전운전불이행,건조,맑음,교차로 - 교차로부근,승용,남,40세,상해없음,승용,남,54세,경상
2022020400100426,2022년 2월 4일 20시,금요일,충청남도 보령시 대천동,경상사고,0,0,1,0,차대사람 - 길가장자리구역통행중,안전운전불이행,적설,흐림,교차로 - 교차로부근,승용,여,51세,상해없음,보행자,남,62세,경상
2022020400100457,2022년 2월 4일 21시,금요일,충청남도 천안시 서북구 직산읍,경상사고,0,0,1,0,차대차 - 기타,교차로운행방법위반,건조,맑음,교차로 - 교차로안,승용,남,21세,상해없음,승용,여,28세,경상
2022020400100458,2022년 2월 4일 21시,금요일,충청남도 천안시 서북구 쌍용동,중상사고,0,1,0,0,차대차 - 측면충돌,신호위반,건조,맑음,교차로 - 교차로안,승용,남,58세,상해없음,이륜,남,26세,중상
2022020400100459,2022년 2월 4일 21시,금요일,충청남도 아산시 배방읍,경상사고,0,0,1,0,차대차 - 기타,신호위반,건조,맑음,교차로 - 교차로안,이륜,남,30세,상해없음,승용,여,33세,경상
2022020400100487,2022년 2월 4일 22시,금요일,충청남도 천안시 서북구 쌍용동,부상신고사고,0,0,0,2,차대차 - 기타,안전운전불이행,건조,맑음,단일로 - 기타,승용,남,19세,상해없음,승용,남,40세,상해없음
2022020400100488,2022년 2월 4일 22시,금요일,충청남도 천안시 서북구 백석동,경상사고,0,0,3,0,차대차 - 기타,안전운전불이행,건조,맑음,교차로 - 교차로안,승용,남,20세,상해없음,승용,남,58세,경상
2022020500100009,2022년 2월 5일 00시,토요일,충청남도 아산시 배방읍,경상사고,0,0,1,0,차대차 - 정면충돌,신호위반,건조,맑음,교차로 - 교차로안,승용,남,32세,상해없음,승용,남,37세,경상
2022020500100053,2022년 2월 5일 09시,토요일,충청남도 아산시 온천동,경상사고,0,0,1,0,차대차 - 기타,신호위반,건조,맑음,교차로 - 교차로안,화물,남,54세,상해없음,승용,남,37세,경상
2022020500100068,2022년 2월 5일 10시,토요일,충청남도 천안시 동남구 삼룡동,경상사고,0,0,1,0,차대차 - 기타,안전운전불이행,건조,맑음,주차장 - 주차장,승용,남,58세,상해없음,승용,여,39세,경상
2022020500100092,2022년 2월 5일 11시,토요일,충청남도 청양군 청양읍,중상사고,0,2,0,1,차대차 - 측면충돌,직진우회전진행방해,젖음/습기,맑음,교차로 - 교차로안,승용,여,46세,부상신고,승용,남,74세,중상
2022020500100093,2022년 2월 5일 11시,토요일,충청남도 천안시 동남구 원성동,경상사고,0,0,1,0,차량단독 - 기타,안전운전불이행,건조,맑음,교차로 - 교차로안,승합,남,54세,상해없음,,,,
2022020500100114,2022년 2월 5일 12시,토요일,충청남도 아산시 배방읍,경상사고,0,0,4,0,차대차 - 기타,차로위반,건조,맑음,단일로 - 기타,승용,여,52세,경상,승용,여,56세,경상
2022020500100202,2022년 2월 5일 15시,토요일,충청남도 천안시 동남구 안서동,경상사고,0,0,1,0,차대차 - 측면충돌,안전운전불이행,건조,맑음,교차로 - 교차로안,승용,남,40세,상해없음,승용,남,46세,경상
2022020500100253,2022년 2월 5일 17시,토요일,충청남도 천안시 동남구 신방동,경상사고,0,0,1,0,차대차 - 측면충돌,안전운전불이행,적설,눈,단일로 - 기타,승용,남,53세,상해없음,승용,여,48세,경상
2022020500100326,2022년 2월 5일 20시,토요일,충청남도 천안시 서북구 성정동,경상사고,0,0,1,0,차대사람 - 횡단중,신호위반,건조,맑음,단일로 - 기타,원동기,남,36세,상해없음,보행자,남,46세,경상
2022020500100348,2022년 2월 5일 21시,토요일,충청남도 서산시 예천동,경상사고,0,0,1,0,차대차 - 기타,차로위반,건조,맑음,단일로 - 기타,승용,남,54세,상해없음,이륜,남,22세,경상
2022020500100349,2022년 2월 5일 21시,토요일,충청남도 홍성군 구항면,경상사고,0,0,3,0,차대차 - 추돌,안전운전불이행,건조,맑음,교차로 - 교차로안,승용,남,51세,상해없음,승용,남,58세,경상
2022020500100350,2022년 2월 5일 21시,토요일,충청남도 천안시 동남구 신부동,중상사고,0,2,1,0,차대차 - 측면충돌,신호위반,건조,맑음,교차로 - 교차로안,승합,남,51세,상해없음,승용,남,32세,경상
2022020600100108,2022년 2월 6일 14시,일요일,충청남도 천안시 서북구 불당동,경상사고,0,0,1,0,차대차 - 기타,신호위반,건조,맑음,교차로 - 교차로안,승용,남,45세,상해없음,이륜,남,56세,경상
2022020600100128,2022년 2월 6일 15시,일요일,충청남도 천안시 서북구 백석동,경상사고,0,0,1,0,차대사람 - 기타,안전운전불이행,건조,맑음,교차로 - 교차로안,승용,남,47세,상해없음,보행자,여,37세,경상
2022020600100129,2022년 2월 6일 15시,일요일,충청남도 예산군 예산읍,경상사고,0,0,2,0,차대차 - 측면충돌,신호위반,건조,맑음,교차로 - 교차로안,화물,여,57세,경상,승용,남,69세,경상
2022020600100217,2022년 2월 6일 19시,일요일,충청남도 천안시 서북구 성정동,경상사고,0,0,1,0,차대차 - 추돌,안전운전불이행,건조,맑음,교차로 - 교차로부근,이륜,남,18세,상해없음,이륜,남,40세,경상
2022020600100218,2022년 2월 6일 19시,일요일,충청남도 공주시 반포면,경상사고,0,0,1,0,차대차 - 측면충돌,안전운전불이행,건조,맑음,단일로 - 기타,승용,남,67세,기타불명,승용,남,43세,경상
2022020600100219,2022년 2월 6일 19시,일요일,충청남도 부여군 부여읍,경상사고,0,0,1,0,차대사람 - 횡단중,보행자보호의무위반,건조,맑음,단일로 - 기타,이륜,남,33세,상해없음,보행자,남,75세,경상
2022020600100237,2022년 2월 6일 20시,일요일,충청남도 서산시 석림동,중상사고,0,1,1,0,차대차 - 정면충돌,신호위반,건조,맑음,교차로 - 교차로안,승용,남,23세,상해없음,승용,여,40세,경상
2022020600100279,2022년 2월 6일 23시,일요일,충청남도 금산군 추부면,중상사고,0,1,0,0,차대차 - 추돌,안전운전불이행,건조,맑음,단일로 - 기타,화물,남,57세,상해없음,화물,남,60세,중상
2022020700100065,2022년 2월 7일 08시,월요일,충청남도 천안시 서북구 불당동,경상사고,0,0,4,0,차대차 - 기타,안전거리미확보,건조,맑음,단일로 - 기타,승합,남,69세,기타불명,승용,여,33세,경상
2022020700100086,2022년 2월 7일 09시,월요일,충청남도 아산시 권곡동,사망사고,1,0,0,0,차대사람 - 횡단중,보행자보호의무위반,건조,맑음,교차로 - 교차로횡단보도내,승합,남,56세,상해없음,보행자,여,69세,사망
2022020700100106,2022년 2월 7일 10시,월요일,충청남도 보령시 동대동,경상사고,0,0,1,0,차대사람 - 기타,안전운전불이행,건조,맑음,단일로 - 기타,승용,여,57세,상해없음,보행자,여,72세,경상
2022020700100107,2022년 2월 7일 10시,월요일,충청남도 천안시 동남구 신방동,경상사고,0,0,1,0,차대차 - 측면충돌,안전운전불이행,건조,맑음,교차로 - 교차로안,승용,여,63세,상해없음,승용,여,46세,경상
2022020700100129,2022년 2월 7일 11시,월요일,충청남도 당진시 송악읍,경상사고,0,0,3,0,차대차 - 기타,안전운전불이행,건조,맑음,단일로 - 기타,승용,남,74세,상해없음,화물,남,30세,경상
2022020700100130,2022년 2월 7일 11시,월요일,충청남도 천안시 동남구 신방동,중상사고,0,1,0,0,차대사람 - 횡단중,보행자보호의무위반,건조,맑음,단일로 - 기타,승용,남,26세,상해없음,보행자,여,58세,중상
2022020700100147,2022년 2월 7일 12시,월요일,충청남도 서산시 동문동,중상사고,0,1,0,0,차대사람 - 보도통행중,보행자보호의무위반,건조,맑음,교차로 - 교차로안,승용,남,51세,상해없음,보행자,남,68세,중상
2022020700100189,2022년 2월 7일 14시,월요일,충청남도 당진시 읍내동,사망사고,1,0,0,0,차대사람 - 횡단중,보행자보호의무위반,건조,맑음,교차로 - 교차로횡단보도내,승용,여,35세,상해없음,보행자,여,78세,사망
2022020700100190,2022년 2월 7일 14시,월요일,충청남도 천안시 동남구 신부동,경상사고,0,0,1,0,차대차 - 기타,안전운전불이행,건조,맑음,단일로 - 기타,화물,남,53세,상해없음,승용,남,29세,경상
2022020700100214,2022년 2월 7일 15시,월요일,충청남도 예산군 예산읍,중상사고,0,1,1,0,차대차 - 측면충돌,신호위반,건조,맑음,단일로 - 교량,화물,남,80세,상해없음,승용,여,57세,경상
2022020700100303,2022년 2월 7일 18시,월요일,충청남도 서산시 동문동,경상사고,0,0,1,0,차대차 - 측면충돌,안전운전불이행,건조,맑음,단일로 - 기타,승용,남,57세,상해없음,자전거,남,15세,경상
2022020700100304,2022년 2월 7일 18시,월요일,충청남도 당진시 읍내동,경상사고,0,0,1,0,차대사람 - 횡단중,안전운전불이행,건조,맑음,기타 - 기타,승용,여,51세,상해없음,보행자,남,8세,경상
2022020700100305,2022년 2월 7일 18시,월요일,충청남도 태안군 소원면,경상사고,0,0,1,0,차대차 - 측면충돌,교차로운행방법위반,건조,맑음,교차로 - 교차로안,사륜오토바이(ATV),여,75세,경상,승용,여,70세,상해없음
2022020700100402,2022년 2월 7일 22시,월요일,충청남도 천안시 서북구 업성동,경상사고,0,0,2,0,차대차 - 기타,신호위반,건조,맑음,교차로 - 교차로부근,승용,남,48세,상해없음,승용,남,42세,경상
2022020800100017,2022년 2월 8일 01시,화요일,충청남도 천안시 서북구 두정동,경상사고,0,0,1,0,차대차 - 기타,안전거리미확보,건조,맑음,기타 - 기타,승용,남,41세,상해없음,승용,남,32세,경상
2022020800100055,2022년 2월 8일 07시,화요일,충청남도 홍성군 홍북읍,경상사고,0,0,4,0,차대차 - 측면충돌,중앙선침범,건조,맑음,단일로 - 기타,승용,남,60세,상해없음,승용,남,45세,경상
2022020800100056,2022년 2월 8일 07시,화요일,충청남도 홍성군 광천읍,중상사고,0,6,8,0,차량단독 - 공작물충돌,안전운전불이행,건조,맑음,단일로 - 고가도로위,승합,남,50세,상해없음,,,,
2022020800100057,2022년 2월 8일 07시,화요일,충청남도 아산시 인주면,중상사고,0,1,0,0,차대사람 - 횡단중,보행자보호의무위반,건조,흐림,교차로 - 교차로횡단보도내,승용,남,60세,상해없음,보행자,남,32세,중상
2022020800100085,2022년 2월 8일 08시,화요일,충청남도 서산시 예천동,경상사고,0,0,1,0,차대차 - 측면충돌,안전운전불이행,건조,맑음,교차로 - 교차로부근,화물,남,68세,상해없음,승용,여,42세,경상
2022020800100154,2022년 2월 8일 11시,화요일,충청남도 서산시 석림동,경상사고,0,0,1,0,차대차 - 측면충돌,신호위반,건조,맑음,교차로 - 교차로안,승용,남,74세,상해없음,승용,남,62세,경상
2022020800100201,2022년 2월 8일 13시,화요일,충청남도 당진시 신평면,경상사고,0,0,1,0,차대차 - 측면충돌,안전거리미확보,건조,맑음,단일로 - 기타,승용,여,28세,상해없음,승용,여,51세,경상
2022020800100233,2022년 2월 8일 14시,화요일,충청남도 청양군 대치면,중상사고,0,2,0,0,차대차 - 측면충돌,직진우회전진행방해,건조,맑음,교차로 - 교차로안,승용,남,84세,중상,승용,남,57세,중상
2022020800100234,2022년 2월 8일 14시,화요일,충청남도 천안시 동남구 영성동,중상사고,0,1,0,0,차대차 - 측면충돌,안전운전불이행,건조,맑음,교차로 - 교차로안,화물,남,64세,상해없음,자전거,여,73세,중상
2022020800100271,2022년 2월 8일 15시,화요일,충청남도 서산시 석남동,경상사고,0,0,1,0,차대차 - 측면충돌,차로위반,건조,맑음,단일로 - 기타,건설기계,남,52세,상해없음,승용,여,29세,경상
2022020800100321,2022년 2월 8일 17시,화요일,충청남도 홍성군 홍성읍,경상사고,0,0,1,0,차대차 - 측면충돌,안전운전불이행,건조,맑음,교차로 - 교차로안,승용,여,57세,상해없음,승용,여,44세,경상
2022020800100363,2022년 2월 8일 18시,화요일,충청남도 천안시 서북구 성성동,경상사고,0,0,1,0,차대차 - 추돌,안전운전불이행,건조,맑음,단일로 - 기타,승용,남,29세,상해없음,승용,남,24세,경상
2022020800100364,2022년 2월 8일 18시,화요일,충청남도 천안시 서북구 성환읍,경상사고,0,0,1,0,차대차 - 정면충돌,교차로운행방법위반,건조,맑음,교차로 - 교차로안,승용,여,43세,기타불명,승용,남,64세,경상
2022020800100411,2022년 2월 8일 19시,화요일,충청남도 서산시 고북면,중상사고,0,1,0,0,차대차 - 추돌,안전운전불이행,건조,맑음,교차로 - 교차로부근,승용,여,56세,상해없음,승용,남,64세,중상
2022020800100412,2022년 2월 8일 19시,화요일,충청남도 천안시 서북구 성환읍,경상사고,0,0,2,0,차대차 - 기타,직진우회전진행방해,건조,맑음,단일로 - 기타,승용,남,22세,경상,승용,남,29세,경상
2022020800100413,2022년 2월 8일 19시,화요일,충청남도 천안시 동남구 신부동,경상사고,0,0,1,0,차대차 - 추돌,기타,건조,맑음,단일로 - 기타,승용,남,78세,상해없음,이륜,남,24세,경상
2022020800100500,2022년 2월 8일 22시,화요일,충청남도 천안시 서북구 백석동,경상사고,0,0,1,0,차대차 - 추돌,안전운전불이행,건조,맑음,단일로 - 기타,이륜,남,46세,기타불명,승용,여,41세,경상
2022020800100501,2022년 2월 8일 22시,화요일,충청남도 아산시 배방읍,경상사고,0,0,4,0,차대차 - 측면충돌,안전운전불이행,건조,맑음,교차로 - 교차로안,승용,남,25세,경상,승용,남,44세,경상
2022020900100017,2022년 2월 9일 02시,수요일,충청남도 천안시 동남구 봉명동,중상사고,0,1,0,0,차대차 - 측면충돌,안전운전불이행,건조,맑음,교차로 - 교차로부근,승용,남,36세,상해없음,승용,여,40세,중상
2022020900100039,2022년 2월 9일 06시,수요일,충청남도 천안시 서북구 불당동,경상사고,0,0,1,0,차대차 - 추돌,안전거리미확보,건조,맑음,단일로 - 기타,건설기계,남,59세,상해없음,승용,여,29세,경상
2022020900100040,2022년 2월 9일 06시,수요일,충청남도 천안시 동남구 구성동,경상사고,0,0,1,0,차대차 - 측면충돌,안전운전불이행,건조,맑음,교차로 - 교차로안,승용,남,38세,상해없음,승합,남,52세,경상
2022020900100084,2022년 2월 9일 08시,수요일,충청남도 아산시 둔포면,중상사고,0,1,0,0,차대차 - 기타,안전운전불이행,건조,맑음,교차로 - 교차로안,건설기계,남,65세,상해없음,승용,남,59세,중상
2022020900100085,2022년 2월 9일 08시,수요일,충청남도 천안시 동남구 풍세면,경상사고,0,0,1,0,차대차 - 측면충돌,직진우회전진행방해,건조,맑음,교차로 - 교차로부근,승용,남,54세,상해없음,승용,남,39세,경상
2022020900100155,2022년 2월 9일 11시,수요일,충청남도 서산시 동문동,경상사고,0,0,1,0,차대차 - 측면충돌,직진우회전진행방해,건조,맑음,교차로 - 교차로안,승용,남,76세,상해없음,승용,남,56세,경상
2022020900100157,2022년 2월 9일 11시,수요일,충청남도 청양군 화성면,경상사고,0,0,1,0,차대차 - 측면충돌,기타,건조,맑음,교차로 - 교차로안,승용,남,72세,상해없음,화물,남,44세,경상
2022020900100186,2022년 2월 9일 12시,수요일,충청남도 천안시 서북구 입장면,경상사고,0,0,1,0,차대차 - 정면충돌,안전운전불이행,건조,맑음,단일로 - 기타,승용,여,40세,상해없음,화물,남,66세,경상
2022020900100218,2022년 2월 9일 13시,수요일,충청남도 천안시 서북구 쌍용동,경상사고,0,0,1,0,차대차 - 기타,안전운전불이행,건조,맑음,단일로 - 기타,승용,여,39세,기타불명,승용,남,50세,기타불명
2022020900100241,2022년 2월 9일 14시,수요일,충청남도 천안시 동남구 영성동,경상사고,0,0,1,0,차대차 - 기타,안전운전불이행,건조,맑음,단일로 - 기타,화물,남,61세,상해없음,승합,남,52세,상해없음
2022020900100268,2022년 2월 9일 15시,수요일,충청남도 서산시 읍내동,경상사고,0,0,2,0,차대차 - 측면충돌,교차로운행방법위반,건조,맑음,교차로 - 교차로안,승용,여,27세,상해없음,화물,남,82세,경상
2022020900100269,2022년 2월 9일 15시,수요일,충청남도 서산시 동문동,부상신고사고,0,0,0,1,차대차 - 기타,안전운전불이행,건조,맑음,단일로 - 기타,승용,여,47세,상해없음,자전거,남,78세,부상신고
2022020900100270,2022년 2월 9일 15시,수요일,충청남도 당진시 신평면,중상사고,0,1,0,0,차대차 - 기타,안전운전불이행,건조,맑음,기타 - 기타,화물,남,66세,상해없음,승용,남,66세,상해없음
2022020900100304,2022년 2월 9일 16시,수요일,충청남도 천안시 서북구 성환읍,경상사고,0,0,1,0,차대차 - 측면충돌,안전운전불이행,건조,맑음,단일로 - 기타,승합,남,37세,상해없음,승용,여,24세,경상
2022020900100305,2022년 2월 9일 16시,수요일,충청남도 아산시 영인면,경상사고,0,0,1,0,차대차 - 기타,안전운전불이행,건조,맑음,단일로 - 기타,건설기계,남,53세,상해없음,승용,여,38세,경상
2022020900100366,2022년 2월 9일 18시,수요일,충청남도 청양군 비봉면,중상사고,0,1,2,0,차대차 - 측면충돌,직진우회전진행방해,건조,맑음,교차로 - 교차로안,승용,여,21세,경상,화물,남,61세,경상
2022020900100416,2022년 2월 9일 19시,수요일,충청남도 보령시 내항동,사망사고,1,3,1,0,차대차 - 측면충돌,안전운전불이행,건조,맑음,단일로 - 기타,승용,남,39세,경상,승용,남,54세,중상
2022020900100524,2022년 2월 9일 22시,수요일,충청남도 천안시 서북구 성환읍,경상사고,0,0,1,0,차대차 - 정면충돌,중앙선침범,건조,맑음,단일로 - 기타,승용,남,39세,상해없음,승용,여,38세,경상
2022020900100525,2022년 2월 9일 22시,수요일,충청남도 천안시 동남구 신방동,경상사고,0,0,1,0,차대차 - 추돌,안전운전불이행,건조,맑음,단일로 - 기타,승용,남,27세,상해없음,승용,남,40세,경상
2022021000100043,2022년 2월 10일 07시,목요일,충청남도 서산시 읍내동,사망사고,1,0,0,0,차대사람 - 횡단중,안전운전불이행,건조,맑음,단일로 - 기타,승용,남,61세,상해없음,보행자,남,78세,사망
2022021000100044,2022년 2월 10일 07시,목요일,충청남도 천안시 동남구 삼룡동,경상사고,0,0,1,0,차대차 - 측면충돌,안전운전불이행,건조,맑음,단일로 - 기타,승용,남,45세,상해없음,승용,남,23세,경상
2022021000100064,2022년 2월 10일 08시,목요일,충청남도 천안시 동남구 북면,경상사고,0,0,1,0,차대차 - 기타,안전운전불이행,건조,맑음,교차로 - 교차로안,승용,남,66세,상해없음,승용,여,24세,경상
2022021000100118,2022년 2월 10일 10시,목요일,충청남도 천안시 서북구 두정동,경상사고,0,0,1,0,차대차 - 측면충돌,차로위반,건조,맑음,단일로 - 기타,승용,여,55세,상해없음,승용,여,57세,경상
2022021000100119,2022년 2월 10일 10시,목요일,충청남도 청양군 정산면,경상사고,0,0,1,0,차량단독 - 기타,안전운전불이행,건조,맑음,단일로 - 기타,이륜,남,73세,상해없음,,,,
2022021000100180,2022년 2월 10일 12시,목요일,충청남도 천안시 서북구 입장면,중상사고,0,1,0,0,차대차 - 측면충돌,안전운전불이행,건조,맑음,단일로 - 기타,승용,남,49세,상해없음,승용,여,59세,중상
2022021000100181,2022년 2월 10일 12시,목요일,충청남도 천안시 동남구 병천면,경상사고,0,0,1,0,차대차 - 측면충돌,안전운전불이행,건조,맑음,단일로 - 기타,승용,기타불명,미분류,기타불명,이륜,여,75세,경상
2022021000100203,2022년 2월 10일 13시,목요일,충청남도 천안시 서북구 쌍용동,부상신고사고,0,0,0,1,차량단독 - 기타,안전운전불이행,건조,맑음,단일로 - 기타,승용,남,56세,부상신고,,,,
2022021000100204,2022년 2월 10일 13시,목요일,충청남도 천안시 서북구 백석동,경상사고,0,0,1,0,차량단독 - 기타,안전운전불이행,건조,맑음,기타 - 기타,승합,남,54세,상해없음,,,,
2022021000100205,2022년 2월 10일 13시,목요일,충청남도 천안시 동남구 청수동,경상사고,0,0,1,0,차대차 - 추돌,안전운전불이행,건조,맑음,기타 - 기타,승합,남,49세,기타불명,승용,남,22세,경상
2022021000100243,2022년 2월 10일 14시,목요일,충청남도 서산시 인지면,경상사고,0,0,1,0,차대차 - 측면충돌,안전운전불이행,건조,맑음,교차로 - 교차로안,승용,여,67세,상해없음,승용,여,63세,경상
2022021000100296,2022년 2월 10일 16시,목요일,충청남도 천안시 서북구 백석동,경상사고,0,0,1,0,차대차 - 기타,안전운전불이행,건조,맑음,단일로 - 기타,승용,여,36세,상해없음,자전거,남,72세,경상
2022021000100297,2022년 2월 10일 16시,목요일,충청남도 공주시 신관동,경상사고,0,0,1,0,차대사람 - 차도통행중,안전운전불이행,건조,맑음,단일로 - 기타,승용,남,69세,상해없음,보행자,남,23세,경상
2022021000100298,2022년 2월 10일 16시,목요일,충청남도 태안군 태안읍,중상사고,0,1,0,0,차대차 - 기타,교차로운행방법위반,건조,맑음,교차로 - 교차로안,승합,남,67세,상해없음,원동기,남,70세,중상
2022021000100325,2022년 2월 10일 17시,목요일,충청남도 천안시 서북구 성거읍,경상사고,0,0,1,0,차대차 - 추돌,직진우회전진행방해,건조,맑음,교차로 - 교차로안,화물,남,40세,상해없음,승용,여,56세,경상
2022021000100362,2022년 2월 10일 18시,목요일,충청남도 천안시 서북구 두정동,중상사고,0,1,0,0,차대사람 - 기타,안전운전불이행,건조,맑음,기타 - 기타,승용,남,39세,상해없음,보행자,남,23세,중상
2022021000100392,2022년 2월 10일 19시,목요일,충청남도 아산시 배방읍,중상사고,0,1,1,0,차대차 - 측면충돌,안전운전불이행,건조,맑음,단일로 - 기타,이륜,남,44세,중상,승용,여,61세,경상
2022021000100393,2022년 2월 10일 19시,목요일,충청남도 당진시 채운동,중상사고,0,1,0,0,차대사람 - 횡단중,신호위반,건조,맑음,교차로 - 교차로횡단보도내,이륜,남,45세,상해없음,보행자,남,56세,중상
2022021000100430,2022년 2월 10일 20시,목요일,충청남도 예산군 예산읍,중상사고,0,1,1,0,차대차 - 추돌,안전운전불이행,건조,맑음,교차로 - 교차로부근,원동기,남,62세,중상,승용,남,39세,경상
2022021000100431,2022년 2월 10일 20시,목요일,충청남도 천안시 동남구 신방동,부상신고사고,0,0,0,1,차대차 - 측면충돌,안전거리미확보,건조,맑음,단일로 - 기타,승용,여,55세,상해없음,화물,남,40세,부상신고
2022021000100462,2022년 2월 10일 21시,목요일,충청남도 아산시 둔포면,경상사고,0,0,3,0,차대차 - 정면충돌,중앙선침범,건조,흐림,교차로 - 교차로안,승용,여,37세,상해없음,승용,여,33세,경상
2022021000100463,2022년 2월 10일 21시,목요일,충청남도 공주시 신관동,중상사고,0,1,0,0,차대차 - 기타,기타,건조,맑음,단일로 - 기타,승용,남,36세,기타불명,승용,남,46세,중상