사고번호,사고일시,요일,시군구,사고내용,사망자수,중상자수,경상자수,부상신고자수,사고유형,법규위반,노면상태,기상상태,도로형태,가해운전자 차종,가해운전자 성별,가해운전자 연령,가해운전자 상해정도,피해운전자 차종,피해운전자 성별,피해운전자 연령,피해운전자 상해정도
2022021000100464,2022년 2월 10일 21시,목요일,충청남도 태안군 태안읍,경상사고,0,0,1,0,차대차 - 기타,직진우회전진행방해,건조,맑음,교차로 - 교차로안,승용,남,42세,상해없음,이륜,남,22세,경상
2022021100100005,2022년 2월 11일 00시,금요일,충청남도 천안시 서북구 성정동,경상사고,0,0,1,0,차대차 - 기타,안전운전불이행,건조,맑음,기타 - 기타,이륜,남,43세,경상,승용,남,63세,상해없음
2022021100100041,2022년 2월 11일 07시,금요일,충청남도 천안시 서북구 차암동,경상사고,0,0,1,0,차대차 - 추돌,안전운전불이행,건조,맑음,교차로 - 교차로부근,승용,여,30세,상해없음,승용,여,30세,경상
2022021100100093,2022년 2월 11일 09시,금요일,충청남도 서천군 서천읍,중상사고,0,1,0,0,차대차 - 측면충돌,교차로운행방법위반,건조,맑음,교차로 - 교차로안,화물,남,59세,상해없음,승용,여,63세,중상
2022021100100234,2022년 2월 11일 14시,금요일,충청남도 공주시 신관동,경상사고,0,0,1,0,차대차 - 측면충돌,안전운전불이행,건조,맑음,단일로 - 기타,승용,남,64세,상해없음,이륜,남,76세,경상
2022021100100268,2022년 2월 11일 15시,금요일,충청남도 부여군 세도면,중상사고,0,1,1,0,차대차 - 추돌,안전운전불이행,건조,맑음,단일로 - 기타,승용,남,33세,상해없음,승용,남,52세,경상
2022021100100269,2022년 2월 11일 15시,금요일,충청남도 천안시 동남구 다가동,경상사고,0,0,1,0,차대차 - 측면충돌,교차로운행방법위반,건조,맑음,교차로 - 교차로안,승용,남,30세,상해없음,자전거,남,65세,경상
2022021100100270,2022년 2월 11일 15시,금요일,충청남도 천안시 동남구 구성동,경상사고,0,0,1,0,차대차 - 측면충돌,교차로운행방법위반,건조,맑음,교차로 - 교차로안,승용,여,54세,상해없음,승용,남,63세,경상
2022021100100299,2022년 2월 11일 16시,금요일,충청남도 서산시 갈산동,경상사고,0,0,2,0,차대차 - 기타,차로위반,건조,맑음,기타 - 기타,승용,남,72세,상해없음,승용,남,40세,경상
2022021100100300,2022년 2월 11일 16시,금요일,충청남도 홍성군 홍성읍,경상사고,0,0,1,0,차대차 - 추돌,안전운전불이행,건조,맑음,단일로 - 기타,화물,남,32세,상해없음,승용,여,58세,경상
2022021100100301,2022년 2월 11일 16시,금요일,충청남도 아산시 배방읍,경상사고,0,0,2,0,차대차 - 측면충돌,안전운전불이행,건조,맑음,교차로 - 교차로안,승용,여,70세,경상,승용,남,38세,경상
2022021100100423,2022년 2월 11일 19시,금요일,충청남도 천안시 동남구 용곡동,경상사고,0,0,4,0,차대차 - 측면충돌,안전거리미확보,건조,맑음,교차로 - 교차로안,승용,남,28세,상해없음,승용,남,62세,경상
2022021100100482,2022년 2월 11일 21시,금요일,충청남도 아산시 모종동,중상사고,0,1,0,0,차대사람 - 횡단중,안전운전불이행,건조,맑음,교차로 - 교차로횡단보도내,승용,남,47세,상해없음,보행자,여,65세,중상
2022021200100039,2022년 2월 12일 06시,토요일,충청남도 서산시 석림동,중상사고,0,1,2,0,차대차 - 측면충돌,신호위반,건조,맑음,교차로 - 교차로안,화물,남,61세,상해없음,승용,남,70세,경상
2022021200100040,2022년 2월 12일 06시,토요일,충청남도 아산시 온천동,경상사고,0,0,2,0,차대차 - 측면충돌,중앙선침범,건조,맑음,기타 - 기타,승용,남,67세,상해없음,승용,여,38세,경상
2022021200100066,2022년 2월 12일 09시,토요일,충청남도 아산시 온천동,부상신고사고,0,0,0,1,차대사람 - 횡단중,안전운전불이행,건조,맑음,교차로 - 교차로안,기타불명,기타불명,미분류,기타불명,보행자,여,83세,부상신고
2022021200100094,2022년 2월 12일 10시,토요일,충청남도 천안시 서북구 쌍용동,경상사고,0,0,1,0,차대차 - 기타,안전거리미확보,건조,맑음,기타 - 기타,승용,여,68세,상해없음,승용,여,53세,경상
2022021200100095,2022년 2월 12일 10시,토요일,충청남도 당진시 읍내동,경상사고,0,0,1,0,차대사람 - 길가장자리구역통행중,보행자보호의무위반,건조,맑음,교차로 - 교차로횡단보도내,화물,여,45세,상해없음,보행자,남,78세,경상
2022021200100117,2022년 2월 12일 11시,토요일,충청남도 아산시 둔포면,경상사고,0,0,2,0,차대차 - 기타,안전운전불이행,건조,맑음,기타 - 기타,승용,남,65세,상해없음,승용,여,30세,경상
2022021200100118,2022년 2월 12일 11시,토요일,충청남도 서천군 서천읍,경상사고,0,0,2,0,차대차 - 측면충돌,신호위반,건조,맑음,교차로 - 교차로안,승용,남,75세,상해없음,승용,남,68세,경상
2022021200100119,2022년 2월 12일 11시,토요일,충청남도 금산군 부리면,경상사고,0,0,1,0,차대사람 - 기타,안전운전불이행,건조,맑음,단일로 - 기타,화물,남,59세,상해없음,보행자,남,86세,경상
2022021200100138,2022년 2월 12일 12시,토요일,충청남도 공주시 금성동,중상사고,0,1,3,0,차대차 - 측면충돌,교차로운행방법위반,건조,맑음,교차로 - 교차로안,승용,여,39세,기타불명,승용,남,73세,경상
2022021200100166,2022년 2월 12일 13시,토요일,충청남도 천안시 서북구 성정동,경상사고,0,0,1,0,차대차 - 기타,교차로운행방법위반,건조,맑음,교차로 - 교차로안,승용,남,35세,상해없음,이륜,남,39세,경상
2022021200100167,2022년 2월 12일 13시,토요일,충청남도 천안시 서북구 쌍용동,중상사고,0,1,0,0,차대사람 - 기타,안전운전불이행,건조,맑음,단일로 - 기타,승용,남,49세,상해없음,보행자,여,77세,중상
2022021200100168,2022년 2월 12일 13시,토요일,충청남도 천안시 서북구 불당동,경상사고,0,0,1,0,차대차 - 측면충돌,안전운전불이행,건조,맑음,교차로 - 교차로부근,승합,여,57세,상해없음,원동기,남,35세,경상
2022021200100169,2022년 2월 12일 13시,토요일,충청남도 태안군 태안읍,경상사고,0,0,1,0,차대사람 - 기타,안전운전불이행,건조,맑음,주차장 - 주차장,승용,여,42세,상해없음,보행자,여,61세,경상
2022021200100202,2022년 2월 12일 14시,토요일,충청남도 천안시 동남구 청당동,사망사고,1,1,0,0,차대차 - 기타,안전운전불이행,건조,맑음,교차로 - 교차로부근,이륜,남,71세,사망,건설기계,남,52세,상해없음
2022021200100225,2022년 2월 12일 15시,토요일,충청남도 천안시 서북구 백석동,사망사고,1,0,0,0,차대차 - 기타,안전운전불이행,건조,맑음,교차로 - 교차로안,자전거,남,79세,사망,승용,남,64세,상해없음
2022021200100226,2022년 2월 12일 15시,토요일,충청남도 홍성군 갈산면,사망사고,1,0,0,0,차대차 - 측면충돌,기타,건조,맑음,단일로 - 기타,승용,여,31세,상해없음,자전거,남,78세,사망
2022021200100227,2022년 2월 12일 15시,토요일,충청남도 서천군 장항읍,경상사고,0,0,1,0,차대차 - 기타,안전운전불이행,건조,맑음,주차장 - 주차장,승용,남,63세,상해없음,승합,남,42세,상해없음
2022021200100255,2022년 2월 12일 16시,토요일,충청남도 서산시 석림동,경상사고,0,0,1,0,차대차 - 기타,안전운전불이행,건조,맑음,단일로 - 기타,승용,여,51세,상해없음,이륜,남,24세,경상
2022021200100256,2022년 2월 12일 16시,토요일,충청남도 천안시 서북구 쌍용동,경상사고,0,0,1,0,차대사람 - 차도통행중,안전운전불이행,건조,맑음,단일로 - 기타,화물,남,51세,상해없음,보행자,여,57세,경상
2022021200100281,2022년 2월 12일 17시,토요일,충청남도 서산시 고북면,중상사고,0,1,0,0,차량단독 - 기타,안전운전불이행,건조,맑음,단일로 - 기타,이륜,남,77세,중상,,,,
2022021200100282,2022년 2월 12일 17시,토요일,충청남도 천안시 동남구 용곡동,중상사고,0,1,0,0,차대차 - 기타,안전운전불이행,건조,맑음,단일로 - 기타,이륜,남,16세,중상,화물,남,43세,상해없음
2022021200100316,2022년 2월 12일 18시,토요일,충청남도 논산시 취암동,중상사고,0,1,0,0,차대차 - 측면충돌,안전운전불이행,건조,맑음,교차로 - 교차로안,승합,남,22세,상해없음,승용,여,51세,중상
2022021200100317,2022년 2월 12일 18시,토요일,충청남도 천안시 동남구 동면,중상사고,0,1,2,0,차대차 - 측면충돌,직진우회전진행방해,건조,맑음,교차로 - 교차로안,승용,남,47세,경상,화물,남,48세,경상
2022021200100343,2022년 2월 12일 19시,토요일,충청남도 천안시 서북구 성정동,중상사고,0,1,0,0,차대사람 - 기타,안전운전불이행,건조,맑음,단일로 - 기타,승용,남,48세,상해없음,보행자,남,45세,중상
2022021200100344,2022년 2월 12일 19시,토요일,충청남도 계룡시 엄사면,중상사고,0,1,0,0,차대사람 - 횡단중,보행자보호의무위반,건조,맑음,교차로 - 교차로횡단보도내,승용,여,47세,상해없음,보행자,남,50세,중상
2022021200100365,2022년 2월 12일 20시,토요일,충청남도 서천군 마서면,경상사고,0,0,1,0,차대차 - 측면충돌,기타,건조,맑음,교차로 - 교차로안,승용,남,16세,상해없음,승용,여,33세,경상
2022021200100423,2022년 2월 12일 22시,토요일,충청남도 천안시 서북구 성성동,경상사고,0,0,4,0,차대차 - 측면충돌,신호위반,건조,맑음,교차로 - 교차로안,승합,남,19세,상해없음,승용,여,41세,경상
2022021300100006,2022년 2월 13일 00시,일요일,충청남도 보령시 주교면,경상사고,0,0,1,0,차대차 - 기타,중앙선침범,건조,맑음,단일로 - 기타,승용,남,46세,상해없음,승용,남,32세,경상
2022021300100095,2022년 2월 13일 13시,일요일,충청남도 서산시 동문동,경상사고,0,0,1,0,차대차 - 측면충돌,안전운전불이행,건조,맑음,단일로 - 기타,승용,남,75세,상해없음,승용,남,31세,경상
2022021300100096,2022년 2월 13일 13시,일요일,충청남도 당진시 송악읍,경상사고,0,0,1,0,차대차 - 정면충돌,중앙선침범,건조,맑음,교차로 - 교차로안,승합,남,45세,상해없음,승용,남,44세,경상
2022021300100097,2022년 2월 13일 13시,일요일,충청남도 천안시 동남구 용곡동,경상사고,0,0,1,0,차대차 - 측면충돌,신호위반,건조,맑음,교차로 - 교차로안,승합,남,45세,상해없음,승용,여,75세,경상
2022021300100120,2022년 2월 13일 14시,일요일,충청남도 태안군 남면,경상사고,0,0,1,0,차대차 - 기타,불법유턴,건조,맑음,단일로 - 기타,건설기계,남,60세,상해없음,승용,여,21세,경상
2022021300100148,2022년 2월 13일 15시,일요일,충청남도 당진시 신평면,경상사고,0,0,1,0,차대차 - 추돌,안전운전불이행,건조,흐림,기타 - 기타,승용,남,37세,경상,화물,여,67세,상해없음
2022021300100173,2022년 2월 13일 16시,일요일,충청남도 아산시 탕정면,경상사고,0,0,1,0,차대차 - 기타,안전운전불이행,건조,맑음,교차로 - 교차로안,승용,남,37세,상해없음,승용,남,44세,경상
2022021300100174,2022년 2월 13일 16시,일요일,충청남도 당진시 신평면,경상사고,0,0,1,0,차대차 - 정면충돌,신호위반,건조,맑음,교차로 - 교차로안,승용,여,35세,상해없음,승용,여,32세,경상
2022021300100195,2022년 2월 13일 17시,일요일,충청남도 천안시 서북구 불당동,경상사고,0,0,2,0,차대차 - 추돌,안전거리미확보,건조,맑음,단일로 - 기타,승용,남,31세,상해없음,승용,여,23세,경상
2022021300100196,2022년 2월 13일 17시,일요일,충청남도 아산시 초사동,중상사고,0,1,0,0,차량단독 - 공작물충돌,안전운전불이행,건조,맑음,단일로 - 기타,승용,여,61세,중상,,,,
2022021300100197,2022년 2월 13일 17시,일요일,충청남도 부여군 부여읍,경상사고,0,0,1,0,차대사람 - 횡단중,안전운전불이행,건조,맑음,단일로 - 기타,이륜,남,72세,경상,보행자,여,45세,기타불명
2022021300100246,2022년 2월 13일 19시,일요일,충청남도 당진시 석문면,사망사고,1,0,0,0,차대사람 - 횡단중,안전운전불이행,건조,맑음,교차로 - 교차로횡단보도내,화물,여,59세,상해없음,보행자,여,75세,사망
2022021300100270,2022년 2월 13일 20시,일요일,충청남도 당진시 송악읍,경상사고,0,0,2,0,차대차 - 측면충돌,안전거리미확보,건조,맑음,단일로 - 기타,승용,남,61세,상해없음,승용,남,32세,경상
2022021300100271,2022년 2월 13일 20시,일요일,충청남도 천안시 동남구 원성동,중상사고,0,1,0,0,차대사람 - 차도통행중,안전운전불이행,건조,맑음,단일로 - 기타,승용,남,54세,상해없음,보행자,남,64세,중상
2022021300100325,2022년 2월 13일 23시,일요일,충청남도 예산군 삽교읍,경상사고,0,0,2,0,차대차 - 기타,안전운전불이행,건조,맑음,단일로 - 기타,승용,남,54세,상해없음,승용,남,45세,경상
2022021400100037,2022년 2월 14일 06시,월요일,충청남도 천안시 서북구 쌍용동,중상사고,0,1,0,0,차대사람 - 횡단중,안전운전불이행,건조,맑음,단일로 - 기타,승용,남,28세,상해없음,보행자,여,70세,중상
2022021400100121,2022년 2월 14일 10시,월요일,충청남도 아산시 배방읍,경상사고,0,0,1,0,차대차 - 측면충돌,신호위반,건조,맑음,교차로 - 교차로안,승합,남,69세,상해없음,이륜,남,39세,경상
2022021400100122,2022년 2월 14일 10시,월요일,충청남도 아산시 배방읍,경상사고,0,0,1,0,차대사람 - 횡단중,보행자보호의무위반,건조,맑음,교차로 - 교차로횡단보도내,승용,여,61세,상해없음,보행자,남,31세,경상
2022021400100155,2022년 2월 14일 11시,월요일,충청남도 논산시 광석면,중상사고,0,1,0,0,차대차 - 추돌,안전운전불이행,건조,맑음,단일로 - 기타,화물,남,65세,중상,승용,남,62세,기타불명
2022021400100156,2022년 2월 14일 11시,월요일,충청남도 아산시 온천동,중상사고,0,1,0,0,차대차 - 측면충돌,안전운전불이행,건조,맑음,교차로 - 교차로안,화물,여,55세,상해없음,승용,여,58세,중상
2022021400100157,2022년 2월 14일 11시,월요일,충청남도 금산군 추부면,경상사고,0,0,2,0,차대차 - 측면충돌,교차로운행방법위반,건조,맑음,교차로 - 교차로안,승용,남,73세,상해없음,화물,남,49세,경상
2022021400100213,2022년 2월 14일 13시,월요일,충청남도 서산시 해미면,중상사고,0,1,0,0,차대차 - 측면충돌,안전운전불이행,건조,맑음,교차로 - 교차로안,승용,남,30세,상해없음,자전거,여,68세,중상
2022021400100214,2022년 2월 14일 13시,월요일,충청남도 서천군 마서면,경상사고,0,0,2,0,차대차 - 측면충돌,신호위반,건조,맑음,교차로 - 교차로안,화물,남,44세,상해없음,승용,남,55세,경상
2022021400100215,2022년 2월 14일 13시,월요일,충청남도 천안시 서북구 성거읍,경상사고,0,0,3,0,차대차 - 측면충돌,안전운전불이행,건조,맑음,단일로 - 기타,승용,남,45세,상해없음,승용,남,42세,경상
2022021400100245,2022년 2월 14일 14시,월요일,충청남도 논산시 강경읍,중상사고,0,1,0,0,차대차 - 측면충돌,기타,건조,맑음,교차로 - 교차로안,이륜,남,81세,중상,승용,여,64세,상해없음
2022021400100246,2022년 2월 14일 14시,월요일,충청남도 천안시 동남구 광덕면,경상사고,0,0,1,0,차대사람 - 기타,안전운전불이행,건조,맑음,단일로 - 기타,화물,남,68세,상해없음,보행자,남,54세,경상
2022021400100313,2022년 2월 14일 16시,월요일,충청남도 예산군 삽교읍,경상사고,0,0,3,0,차대차 - 정면충돌,직진우회전진행방해,건조,맑음,교차로 - 교차로안,승용,여,31세,경상,화물,남,35세,경상
2022021400100314,2022년 2월 14일 16시,월요일,충청남도 부여군 부여읍,중상사고,0,1,0,0,차대차 - 기타,직진우회전진행방해,건조,맑음,교차로 - 교차로안,화물,남,76세,상해없음,승용,남,33세,중상
2022021400100315,2022년 2월 14일 16시,월요일,충청남도 금산군 추부면,사망사고,1,0,0,0,차대차 - 측면충돌,안전운전불이행,건조,맑음,단일로 - 기타,승용,남,65세,상해없음,자전거,남,86세,사망
2022021400100381,2022년 2월 14일 18시,월요일,충청남도 천안시 서북구 두정동,중상사고,0,1,0,0,차대사람 - 기타,기타,젖음/습기,비,단일로 - 기타,승합,남,56세,상해없음,보행자,여,22세,중상
2022021400100382,2022년 2월 14일 18시,월요일,충청남도 공주시 신관동,사망사고,1,0,0,0,차대사람 - 횡단중,안전운전불이행,젖음/습기,비,단일로 - 기타,승용,남,35세,상해없음,보행자,남,81세,사망
2022021400100412,2022년 2월 14일 19시,월요일,충청남도 예산군 예산읍,중상사고,0,1,1,1,차대차 - 정면충돌,기타,젖음/습기,흐림,교차로 - 교차로안,화물,남,43세,기타불명,승용,남,21세,중상
2022021400100413,2022년 2월 14일 19시,월요일,충청남도 천안시 동남구 원성동,경상사고,0,0,1,0,차대차 - 측면충돌,안전거리미확보,젖음/습기,비,단일로 - 기타,승합,남,52세,기타불명,승용,여,22세,경상
2022021400100443,2022년 2월 14일 20시,월요일,충청남도 당진시 채운동,경상사고,0,0,1,0,차대차 - 추돌,신호위반,건조,맑음,교차로 - 교차로안,승용,여,49세,상해없음,승용,여,35세,경상
2022021400100462,2022년 2월 14일 21시,월요일,충청남도 천안시 서북구 쌍용동,경상사고,0,0,1,0,차대차 - 추돌,안전운전불이행,젖음/습기,비,교차로 - 교차로부근,승용,남,47세,상해없음,승용,남,22세,경상
2022021400100463,2022년 2월 14일 21시,월요일,충청남도 당진시 시곡동,경상사고,0,0,2,0,차대차 - 추돌,안전운전불이행,건조,맑음,단일로 - 기타,승용,남,38세,상해없음,승합,남,47세,상해없음
2022021400100485,2022년 2월 14일 22시,월요일,충청남도 천안시 서북구 직산읍,경상사고,0,0,3,0,차대차 - 측면충돌,기타,건조,맑음,교차로 - 교차로안,승용,여,36세,경상,승용,남,33세,경상
2022021400100497,2022년 2월 14일 23시,월요일,충청남도 서산시 읍내동,경상사고,0,0,1,0,차대차 - 후진중충돌,안전운전불이행,건조,흐림,단일로 - 기타,승용,여,42세,상해없음,이륜,남,62세,경상
2022021400100498,2022년 2월 14일 23시,월요일,충청남도 천안시 서북구 성정동,경상사고,0,0,1,0,차대차 - 측면충돌,안전운전불이행,건조,맑음,교차로 - 교차로부근,승용,남,32세,상해없음,개인형이동수단(PM),남,51세,경상
2022021500100011,2022년 2월 15일 04시,화요일,충청남도 천안시 서북구 두정동,경상사고,0,0,1,0,차대차 - 측면충돌,안전운전불이행,젖음/습기,흐림,단일로 - 기타,승용,남,65세,상해없음,이륜,남,29세,경상
2022021500100034,2022년 2월 15일 07시,화요일,충청남도 천안시 동남구 신부동,경상사고,0,0,1,0,차대차 - 측면충돌,차로위반,건조,맑음,단일로 - 기타,화물,남,49세,상해없음,승용,여,34세,경상
2022021500100052,2022년 2월 15일 08시,화요일,충청남도 천안시 동남구 신방동,중상사고,0,1,0,0,차량단독 - 공작물충돌,안전운전불이행,건조,맑음,단일로 - 기타,승용,여,26세,중상,,,,
2022021500100077,2022년 2월 15일 09시,화요일,충청남도 천안시 서북구 직산읍,부상신고사고,0,0,0,1,차대차 - 측면충돌,안전운전불이행,젖음/습기,흐림,교차로 - 교차로안,화물,남,34세,부상신고,승용,남,41세,상해없음
2022021500100143,2022년 2월 15일 12시,화요일,충청남도 천안시 동남구 청당동,경상사고,0,0,1,0,차대차 - 기타,안전거리미확보,건조,맑음,단일로 - 기타,승용,남,56세,상해없음,이륜,남,34세,경상
2022021500100174,2022년 2월 15일 13시,화요일,충청남도 논산시 강산동,경상사고,0,0,1,0,차대차 - 측면충돌,교차로운행방법위반,건조,맑음,교차로 - 교차로안,화물,남,53세,상해없음,승용,남,34세,경상
2022021500100202,2022년 2월 15일 14시,화요일,충청남도 천안시 서북구 두정동,중상사고,0,1,0,0,차대사람 - 횡단중,신호위반,젖음/습기,눈,교차로 - 교차로횡단보도내,승용,여,41세,상해없음,보행자,여,10세,중상
2022021500100258,2022년 2월 15일 16시,화요일,충청남도 서산시 대산읍,경상사고,0,0,1,0,차대차 - 추돌,안전운전불이행,건조,맑음,교차로 - 교차로부근,승용,남,22세,상해없음,승용,여,52세,경상
2022021500100290,2022년 2월 15일 17시,화요일,충청남도 천안시 동남구 신부동,중상사고,0,1,0,0,차대차 - 측면충돌,직진우회전진행방해,젖음/습기,맑음,교차로 - 교차로안,승용,여,27세,상해없음,이륜,남,58세,중상
2022021600100040,2022년 2월 16일 07시,수요일,충청남도 천안시 동남구 신부동,경상사고,0,0,1,0,차대차 - 기타,안전거리미확보,건조,맑음,교차로 - 교차로안,승용,남,55세,상해없음,승용,여,37세,경상
2022021600100041,2022년 2월 16일 07시,수요일,충청남도 천안시 동남구 삼룡동,경상사고,0,0,1,0,차대차 - 추돌,안전운전불이행,적설,눈,단일로 - 기타,승용,남,26세,상해없음,승용,남,53세,경상
2022021600100061,2022년 2월 16일 08시,수요일,충청남도 천안시 동남구 봉명동,경상사고,0,0,1,0,차대차 - 기타,안전운전불이행,적설,눈,교차로 - 교차로부근,승용,남,23세,상해없음,승용,남,44세,경상
2022021600100077,2022년 2월 16일 09시,수요일,충청남도 천안시 동남구 풍세면,경상사고,0,0,2,0,차대차 - 측면충돌,안전운전불이행,적설,눈,단일로 - 기타,승용,남,34세,경상,화물,남,48세,경상
2022021600100096,2022년 2월 16일 10시,수요일,충청남도 천안시 서북구 불당동,경상사고,0,0,1,0,차대사람 - 기타,신호위반,서리/결빙,맑음,교차로 - 교차로부근,승용,남,27세,상해없음,보행자,여,19세,경상
2022021600100097,2022년 2월 16일 10시,수요일,충청남도 아산시 배방읍,경상사고,0,0,1,0,차대차 - 측면충돌,안전운전불이행,적설,맑음,기타 - 기타,승용,남,65세,상해없음,승용,여,36세,경상
2022021600100141,2022년 2월 16일 12시,수요일,충청남도 천안시 서북구 입장면,중상사고,0,1,0,0,차대차 - 측면충돌,안전운전불이행,건조,맑음,단일로 - 기타,승용,남,50세,상해없음,승용,여,38세,중상
2022021600100142,2022년 2월 16일 12시,수요일,충청남도 공주시 월송동,경상사고,0,0,1,0,차대사람 - 기타,안전운전불이행,건조,맑음,단일로 - 기타,화물,남,50세,상해없음,보행자,남,40세,경상
2022021600100175,2022년 2월 16일 13시,수요일,충청남도 천안시 서북구 백석동,경상사고,0,0,2,0,차대차 - 추돌,안전운전불이행,건조,맑음,교차로 - 교차로안,승용,남,60세,상해없음,승용,여,39세,경상
2022021600100176,2022년 2월 16일 13시,수요일,충청남도 홍성군 홍성읍,중상사고,0,1,0,0,차대사람 - 기타,안전운전불이행,건조,맑음,기타 - 기타,승용,남,47세,상해없음,보행자,남,67세,중상
2022021600100197,2022년 2월 16일 14시,수요일,충청남도 천안시 동남구 목천읍,중상사고,0,1,0,0,차대차 - 측면충돌,안전운전불이행,젖음/습기,맑음,교차로 - 교차로안,승용,남,67세,상해없음,화물,남,31세,중상
2022021600100252,2022년 2월 16일 16시,수요일,충청남도 서산시 읍내동,경상사고,0,0,3,0,차대차 - 측면충돌,차로위반,건조,맑음,교차로 - 교차로안,화물,남,53세,상해없음,승합,남,45세,경상
2022021600100253,2022년 2월 16일 16시,수요일,충청남도 당진시 읍내동,부상신고사고,0,0,0,1,차대차 - 추돌,안전운전불이행,건조,맑음,교차로 - 교차로안,화물,남,44세,상해없음,승용,남,26세,부상신고
2022021600100283,2022년 2월 16일 17시,수요일,충청남도 천안시 동남구 신부동,중상사고,0,1,0,0,차대사람 - 횡단중,보행자보호의무위반,기타,맑음,단일로 - 기타,승용,남,52세,상해없음,보행자,여,75세,중상
2022021600100317,2022년 2월 16일 18시,수요일,충청남도 천안시 서북구 입장면,경상사고,0,0,1,0,차대차 - 측면충돌,교차로운행방법위반,건조,맑음,교차로 - 교차로안,승용,여,26세,상해없음,승용,남,35세,경상
2022021600100318,2022년 2월 16일 18시,수요일,충청남도 공주시 신관동,경상사고,0,0,1,0,차대차 - 측면충돌,신호위반,건조,기타,교차로 - 교차로안,승용,남,73세,상해없음,이륜,남,28세,경상
2022021600100319,2022년 2월 16일 18시,수요일,충청남도 천안시 동남구 목천읍,경상사고,0,0,1,0,차대차 - 추돌,안전운전불이행,건조,맑음,교차로 - 교차로부근,승용,남,42세,상해없음,승용,남,33세,경상
2022021600100365,2022년 2월 16일 19시,수요일,충청남도 천안시 서북구 성정동,경상사고,0,0,1,0,차대사람 - 기타,안전운전불이행,건조,맑음,교차로 - 교차로안,승용,남,40세,상해없음,보행자,남,41세,경상
2022021600100430,2022년 2월 16일 21시,수요일,충청남도 아산시 염치읍,경상사고,0,0,1,0,차대차 - 측면충돌,신호위반,건조,흐림,교차로 - 교차로안,승용,남,51세,상해없음,화물,남,57세,경상
2022021600100459,2022년 2월 16일 22시,수요일,충청남도 천안시 서북구 쌍용동,중상사고,0,1,1,0,차대차 - 기타,안전운전불이행,건조,맑음,교차로 - 교차로부근,승용,여,27세,상해없음,승용,여,30세,중상
2022021700100021,2022년 2월 17일 05시,목요일,충청남도 아산시 음봉면,경상사고,0,0,2,0,차대차 - 추돌,안전운전불이행,건조,맑음,교차로 - 교차로부근,승용,남,38세,상해없음,승용,남,64세,경상
2022021700100066,2022년 2월 17일 08시,목요일,충청남도 홍성군 구항면,중상사고,0,1,0,0,차대차 - 측면충돌,안전운전불이행,건조,맑음,단일로 - 기타,승용,여,58세,상해없음,이륜,남,80세,중상
2022021700100067,2022년 2월 17일 08시,목요일,충청남도 서천군 마서면,경상사고,0,0,1,0,차대차 - 추돌,안전거리미확보,건조,맑음,교차로 - 교차로부근,화물,남,42세,상해없음,승용,남,68세,경상
2022021700100096,2022년 2월 17일 09시,목요일,충청남도 서산시 석남동,경상사고,0,0,2,0,차대차 - 기타,안전운전불이행,건조,맑음,기타 - 기타,화물,남,36세,상해없음,승용,여,32세,경상
2022021700100122,2022년 2월 17일 10시,목요일,충청남도 아산시 온천동,경상사고,0,0,1,0,차대사람 - 보도통행중,신호위반,건조,맑음,교차로 - 교차로안,승용,여,61세,상해없음,보행자,남,88세,경상
2022021700100123,2022년 2월 17일 10시,목요일,충청남도 당진시 송악읍,경상사고,0,0,1,0,차대차 - 추돌,안전운전불이행,건조,맑음,단일로 - 기타,승용,남,51세,상해없음,승용,여,45세,경상
2022021700100124,2022년 2월 17일 10시,목요일,충청남도 천안시 동남구 신부동,중상사고,0,1,0,0,차대사람 - 횡단중,안전운전불이행,건조,맑음,단일로 - 기타,승용,여,29세,상해없음,보행자,남,92세,중상
2022021700100157,2022년 2월 17일 11시,목요일,충청남도 금산군 금산읍,중상사고,0,1,0,0,차대사람 - 횡단중,안전운전불이행,건조,맑음,단일로 - 기타,화물,남,64세,상해없음,보행자,남,81세,중상
2022021700100158,2022년 2월 17일 11시,목요일,충청남도 청양군 청양읍,중상사고,0,1,0,0,차대사람 - 차도통행중,안전운전불이행,건조,맑음,교차로 - 교차로안,승용,남,47세,상해없음,보행자,여,67세,중상
2022021700100159,2022년 2월 17일 11시,목요일,충청남도 천안시 동남구 신부동,경상사고,0,0,1,0,차대차 - 측면충돌,안전거리미확보,건조,맑음,단일로 - 기타,승용,여,21세,상해없음,승용,여,47세,경상
2022021700100230,2022년 2월 17일 14시,목요일,충청남도 청양군 청양읍,중상사고,0,1,0,0,차대차 - 측면충돌,직진우회전진행방해,건조,맑음,교차로 - 교차로안,승용,여,49세,상해없음,이륜,남,88세,중상
2022021700100231,2022년 2월 17일 14시,목요일,충청남도 당진시 송악읍,경상사고,0,0,1,0,차대차 - 기타,기타,건조,맑음,단일로 - 기타,화물,남,61세,상해없음,승용,남,59세,상해없음
2022021700100261,2022년 2월 17일 15시,목요일,충청남도 서산시 동문동,경상사고,0,0,1,0,차대차 - 추돌,교차로운행방법위반,건조,맑음,교차로 - 교차로안,승용,여,52세,상해없음,이륜,남,21세,경상
2022021700100262,2022년 2월 17일 15시,목요일,충청남도 아산시 둔포면,경상사고,0,0,1,0,차대차 - 추돌,안전운전불이행,건조,맑음,단일로 - 기타,특수,남,55세,상해없음,화물,남,72세,경상