사고번호,사고일시,요일,시군구,사고내용,사망자수,중상자수,경상자수,부상신고자수,사고유형,법규위반,노면상태,기상상태,도로형태,가해운전자 차종,가해운전자 성별,가해운전자 연령,가해운전자 상해정도,피해운전자 차종,피해운전자 성별,피해운전자 연령,피해운전자 상해정도
2022021700100263,2022년 2월 17일 15시,목요일,충청남도 태안군 안면읍,중상사고,0,2,0,0,차대차 - 정면충돌,교차로운행방법위반,건조,맑음,교차로 - 교차로안,화물,남,77세,중상,승용,여,77세,중상
2022021700100286,2022년 2월 17일 16시,목요일,충청남도 당진시 합덕읍,중상사고,0,1,0,0,차대차 - 측면충돌,교차로운행방법위반,건조,맑음,교차로 - 교차로안,승용,남,69세,상해없음,이륜,남,86세,중상
2022021700100316,2022년 2월 17일 17시,목요일,충청남도 논산시 연산면,경상사고,0,0,2,0,차대차 - 추돌,안전운전불이행,건조,맑음,교차로 - 교차로안,화물,남,30세,상해없음,화물,남,70세,경상
2022021700100352,2022년 2월 17일 18시,목요일,충청남도 천안시 서북구 성정동,경상사고,0,0,2,0,차대차 - 측면충돌,안전운전불이행,건조,맑음,교차로 - 교차로안,승합,남,47세,상해없음,승용,남,41세,경상
2022021700100353,2022년 2월 17일 18시,목요일,충청남도 논산시 연무읍,경상사고,0,0,1,0,차대사람 - 횡단중,안전운전불이행,건조,맑음,단일로 - 기타,승용,남,66세,상해없음,보행자,남,55세,경상
2022021700100378,2022년 2월 17일 19시,목요일,충청남도 서산시 부석면,중상사고,0,1,1,0,차대차 - 추돌,안전운전불이행,젖음/습기,맑음,교차로 - 교차로안,화물,남,65세,기타불명,화물,남,62세,경상
2022021700100379,2022년 2월 17일 19시,목요일,충청남도 아산시 온천동,경상사고,0,0,1,0,차대차 - 기타,안전운전불이행,건조,맑음,교차로 - 교차로안,승용,남,60세,상해없음,이륜,남,42세,경상
2022021700100412,2022년 2월 17일 20시,목요일,충청남도 천안시 서북구 두정동,경상사고,0,0,1,0,차대차 - 후진중충돌,안전운전불이행,건조,맑음,단일로 - 기타,화물,남,60세,상해없음,원동기,남,23세,경상
2022021700100436,2022년 2월 17일 21시,목요일,충청남도 천안시 서북구 두정동,경상사고,0,0,1,0,차대차 - 기타,신호위반,건조,맑음,교차로 - 교차로안,이륜,남,18세,상해없음,이륜,남,26세,경상
2022021700100437,2022년 2월 17일 21시,목요일,충청남도 천안시 서북구 두정동,중상사고,0,1,0,0,차대차 - 측면충돌,안전운전불이행,건조,맑음,교차로 - 교차로부근,승용,남,33세,기타불명,승용,남,39세,기타불명
2022021700100438,2022년 2월 17일 21시,목요일,충청남도 천안시 서북구 쌍용동,경상사고,0,0,1,0,차대차 - 측면충돌,안전운전불이행,건조,맑음,교차로 - 교차로안,승용,남,63세,상해없음,이륜,남,41세,경상
2022021700100439,2022년 2월 17일 21시,목요일,충청남도 아산시 음봉면,경상사고,0,0,1,0,차대차 - 기타,안전운전불이행,건조,맑음,기타 - 기타,승용,남,42세,상해없음,승용,남,39세,경상
2022021700100440,2022년 2월 17일 21시,목요일,충청남도 당진시 수청동,경상사고,0,0,1,0,차대차 - 측면충돌,기타,건조,맑음,교차로 - 교차로안,승용,남,21세,상해없음,승용,남,57세,경상
2022021800100004,2022년 2월 18일 00시,금요일,충청남도 서산시 양대동,경상사고,0,0,5,0,차대차 - 추돌,안전운전불이행,건조,맑음,교차로 - 교차로안,승용,남,24세,상해없음,기타불명,남,26세,경상
2022021800100057,2022년 2월 18일 07시,금요일,충청남도 아산시 배방읍,경상사고,0,0,1,0,차대차 - 기타,안전운전불이행,건조,맑음,기타 - 기타,승용,남,27세,상해없음,승용,남,32세,경상
2022021800100058,2022년 2월 18일 07시,금요일,충청남도 천안시 동남구 신방동,경상사고,0,0,1,0,차대차 - 측면충돌,신호위반,건조,맑음,교차로 - 교차로안,승용,남,60세,상해없음,승용,남,25세,경상
2022021800100084,2022년 2월 18일 08시,금요일,충청남도 서천군 서천읍,중상사고,0,1,0,0,차대사람 - 차도통행중,안전운전불이행,건조,맑음,주차장 - 주차장,승용,남,72세,상해없음,보행자,여,78세,중상
2022021800100085,2022년 2월 18일 08시,금요일,충청남도 천안시 동남구 청수동,경상사고,0,0,1,0,차대사람 - 기타,안전운전불이행,건조,맑음,단일로 - 기타,승용,남,28세,상해없음,보행자,남,79세,경상
2022021800100108,2022년 2월 18일 09시,금요일,충청남도 태안군 남면,경상사고,0,0,7,0,차대차 - 기타,안전운전불이행,건조,맑음,단일로 - 기타,승용,남,21세,경상,화물,남,71세,경상
2022021800100136,2022년 2월 18일 10시,금요일,충청남도 태안군 태안읍,중상사고,0,1,2,0,차대차 - 측면충돌,교차로운행방법위반,건조,맑음,교차로 - 교차로안,화물,남,62세,경상,승용,여,43세,중상
2022021800100169,2022년 2월 18일 11시,금요일,충청남도 보령시 명천동,중상사고,0,1,0,0,차대차 - 기타,안전운전불이행,건조,맑음,단일로 - 기타,화물,남,78세,상해없음,자전거,남,92세,중상
2022021800100381,2022년 2월 18일 18시,금요일,충청남도 천안시 서북구 성거읍,중상사고,0,1,0,0,차대사람 - 차도통행중,안전운전불이행,건조,맑음,단일로 - 기타,화물,남,47세,상해없음,보행자,남,56세,중상
2022021800100382,2022년 2월 18일 18시,금요일,충청남도 천안시 서북구 두정동,부상신고사고,0,0,0,1,차대사람 - 보도통행중,신호위반,건조,맑음,교차로 - 교차로횡단보도내,기타불명,기타불명,미분류,기타불명,보행자,남,37세,부상신고
2022021800100417,2022년 2월 18일 19시,금요일,충청남도 청양군 비봉면,사망사고,1,0,0,0,차대차 - 측면충돌,신호위반,건조,맑음,교차로 - 교차로안,승용,여,52세,상해없음,이륜,남,58세,사망
2022021800100450,2022년 2월 18일 20시,금요일,충청남도 천안시 서북구 불당동,경상사고,0,0,1,0,차대차 - 추돌,안전운전불이행,건조,맑음,단일로 - 기타,승용,남,48세,상해없음,승용,남,38세,경상
2022021800100451,2022년 2월 18일 20시,금요일,충청남도 천안시 동남구 신부동,경상사고,0,0,1,0,차대차 - 측면충돌,직진우회전진행방해,건조,맑음,교차로 - 교차로안,승용,남,36세,상해없음,이륜,남,42세,경상
2022021800100476,2022년 2월 18일 21시,금요일,충청남도 천안시 동남구 용곡동,경상사고,0,0,1,0,차대사람 - 길가장자리구역통행중,안전운전불이행,건조,맑음,단일로 - 기타,승용,남,50세,상해없음,보행자,여,64세,경상
2022021800100503,2022년 2월 18일 22시,금요일,충청남도 천안시 서북구 두정동,경상사고,0,0,1,0,차대사람 - 길가장자리구역통행중,안전운전불이행,건조,맑음,단일로 - 기타,승용,남,22세,상해없음,보행자,남,29세,경상
2022021900100145,2022년 2월 19일 12시,토요일,충청남도 천안시 동남구 신부동,경상사고,0,0,1,0,차대차 - 측면충돌,기타,건조,맑음,단일로 - 기타,승용,남,61세,상해없음,이륜,남,16세,경상
2022021900100165,2022년 2월 19일 13시,토요일,충청남도 천안시 서북구 입장면,경상사고,0,0,1,0,차대차 - 기타,안전운전불이행,건조,맑음,기타 - 기타,화물,남,64세,기타불명,이륜,남,81세,경상
2022021900100225,2022년 2월 19일 15시,토요일,충청남도 논산시 가야곡면,경상사고,0,0,4,0,차대차 - 정면충돌,중앙선침범,건조,맑음,교차로 - 교차로부근,승용,남,56세,상해없음,승용,남,41세,경상
2022021900100226,2022년 2월 19일 15시,토요일,충청남도 천안시 동남구 신부동,경상사고,0,0,1,0,차대차 - 기타,직진우회전진행방해,건조,맑음,단일로 - 기타,승용,남,36세,상해없음,이륜,남,26세,경상
2022021900100248,2022년 2월 19일 16시,토요일,충청남도 보령시 신흑동,경상사고,0,0,5,0,차대차 - 기타,신호위반,건조,맑음,교차로 - 교차로안,화물,남,67세,상해없음,승용,남,62세,경상
2022021900100279,2022년 2월 19일 17시,토요일,충청남도 서산시 동문동,경상사고,0,0,2,0,차대차 - 측면충돌,안전거리미확보,건조,맑음,교차로 - 교차로부근,승용,남,61세,기타불명,승용,남,53세,경상
2022021900100346,2022년 2월 19일 19시,토요일,충청남도 천안시 서북구 성정동,경상사고,0,0,1,0,차대차 - 기타,직진우회전진행방해,건조,맑음,교차로 - 교차로안,승용,남,22세,상해없음,이륜,남,31세,경상
2022021900100428,2022년 2월 19일 22시,토요일,충청남도 천안시 서북구 두정동,경상사고,0,0,1,0,차대사람 - 기타,안전운전불이행,건조,맑음,기타 - 기타,승용,남,29세,상해없음,보행자,여,28세,경상
2022021900100452,2022년 2월 19일 23시,토요일,충청남도 당진시 사기소동,경상사고,0,0,1,0,차대차 - 기타,안전운전불이행,건조,맑음,단일로 - 기타,승용,남,52세,상해없음,승용,여,60세,경상
2022022000100017,2022년 2월 20일 01시,일요일,충청남도 천안시 서북구 쌍용동,경상사고,0,0,1,0,차대차 - 기타,신호위반,건조,맑음,교차로 - 교차로안,승용,남,28세,상해없음,승용,남,25세,경상
2022022000100031,2022년 2월 20일 05시,일요일,충청남도 홍성군 홍성읍,사망사고,1,0,0,0,차대사람 - 횡단중,안전운전불이행,건조,맑음,단일로 - 기타,승용,여,60세,상해없음,보행자,여,69세,사망
2022022000100040,2022년 2월 20일 08시,일요일,충청남도 공주시 웅진동,경상사고,0,0,1,0,차대차 - 측면충돌,안전운전불이행,건조,맑음,단일로 - 기타,승용,여,62세,상해없음,승용,여,56세,경상
2022022000100050,2022년 2월 20일 09시,일요일,충청남도 보령시 신흑동,경상사고,0,0,2,0,차대차 - 측면충돌,직진우회전진행방해,건조,맑음,교차로 - 교차로안,승용,여,24세,상해없음,화물,남,38세,경상
2022022000100051,2022년 2월 20일 09시,일요일,충청남도 천안시 동남구 청수동,경상사고,0,0,1,0,차대차 - 측면충돌,신호위반,건조,맑음,교차로 - 교차로안,승용,여,52세,상해없음,승용,남,44세,경상
2022022000100078,2022년 2월 20일 11시,일요일,충청남도 보령시 대천동,경상사고,0,0,3,0,차대차 - 측면충돌,직진우회전진행방해,건조,맑음,교차로 - 교차로안,승합,남,70세,상해없음,승용,여,45세,경상
2022022000100079,2022년 2월 20일 11시,일요일,충청남도 부여군 세도면,경상사고,0,0,1,0,차대차 - 측면충돌,중앙선침범,건조,맑음,단일로 - 기타,승용,남,77세,상해없음,승용,남,34세,경상
2022022000100080,2022년 2월 20일 11시,일요일,충청남도 당진시 수청동,부상신고사고,0,0,0,1,차대차 - 기타,안전운전불이행,건조,맑음,교차로 - 교차로안,승용,남,50세,상해없음,승용,여,32세,상해없음
2022022000100102,2022년 2월 20일 12시,일요일,충청남도 천안시 서북구 백석동,경상사고,0,0,1,0,차대차 - 기타,안전운전불이행,건조,맑음,단일로 - 기타,화물,남,78세,상해없음,이륜,남,24세,경상
2022022000100103,2022년 2월 20일 12시,일요일,충청남도 홍성군 홍북읍,중상사고,0,1,0,0,차대차 - 기타,안전운전불이행,건조,맑음,교차로 - 교차로안,승용,남,28세,상해없음,이륜,남,36세,중상
2022022000100104,2022년 2월 20일 12시,일요일,충청남도 천안시 동남구 신부동,경상사고,0,0,1,0,차대사람 - 차도통행중,안전운전불이행,건조,맑음,단일로 - 기타,승용,남,66세,상해없음,보행자,남,50세,경상
2022022000100125,2022년 2월 20일 13시,일요일,충청남도 공주시 금학동,경상사고,0,0,3,0,차대차 - 정면충돌,안전운전불이행,건조,맑음,단일로 - 기타,승용,남,62세,상해없음,승용,여,66세,경상
2022022000100126,2022년 2월 20일 13시,일요일,충청남도 천안시 동남구 신방동,경상사고,0,0,1,0,차대차 - 기타,안전운전불이행,건조,맑음,기타 - 기타,이륜,남,33세,상해없음,이륜,남,21세,경상
2022022000100153,2022년 2월 20일 14시,일요일,충청남도 천안시 동남구 신부동,경상사고,0,0,2,0,차대차 - 측면충돌,차로위반,건조,맑음,교차로 - 교차로부근,승용,남,27세,상해없음,승용,여,43세,경상
2022022000100179,2022년 2월 20일 15시,일요일,충청남도 천안시 서북구 쌍용동,경상사고,0,0,1,0,차대차 - 측면충돌,안전운전불이행,건조,맑음,단일로 - 기타,승용,남,56세,상해없음,이륜,남,25세,경상
2022022000100180,2022년 2월 20일 15시,일요일,충청남도 보령시 신흑동,경상사고,0,0,2,0,차대차 - 측면충돌,직진우회전진행방해,건조,맑음,교차로 - 교차로안,승용,남,82세,상해없음,승용,남,27세,경상
2022022000100181,2022년 2월 20일 15시,일요일,충청남도 당진시 송산면,경상사고,0,0,2,0,차대차 - 측면충돌,차로위반,건조,맑음,단일로 - 기타,승용,남,78세,상해없음,승용,남,31세,경상
2022022000100273,2022년 2월 20일 19시,일요일,충청남도 예산군 덕산면,중상사고,0,1,0,0,차대차 - 측면충돌,교차로운행방법위반,건조,맑음,교차로 - 교차로안,이륜,남,71세,중상,승용,여,40세,상해없음
2022022000100294,2022년 2월 20일 20시,일요일,충청남도 서천군 화양면,중상사고,0,1,0,0,차량단독 - 공작물충돌,안전운전불이행,건조,맑음,교차로 - 교차로안,승용,남,36세,중상,,,,
2022022000100295,2022년 2월 20일 20시,일요일,충청남도 보령시 죽정동,경상사고,0,0,2,0,차대차 - 추돌,안전운전불이행,건조,맑음,교차로 - 교차로부근,승용,여,49세,상해없음,승용,남,41세,경상
2022022000100309,2022년 2월 20일 21시,일요일,충청남도 보령시 청라면,사망사고,1,0,0,0,차량단독 - 전도전복 - 전도,안전운전불이행,건조,맑음,단일로 - 기타,승용,여,40세,사망,,,,
2022022000100310,2022년 2월 20일 21시,일요일,충청남도 당진시 신평면,중상사고,0,2,0,0,차대차 - 추돌,안전운전불이행,건조,맑음,단일로 - 기타,승용,남,26세,상해없음,승용,남,38세,중상
2022022000100311,2022년 2월 20일 21시,일요일,충청남도 당진시 신평면,중상사고,0,1,0,0,차대사람 - 기타,안전운전불이행,건조,맑음,단일로 - 기타,승용,남,24세,상해없음,보행자,남,26세,중상
2022022000100312,2022년 2월 20일 21시,일요일,충청남도 당진시 고대면,중상사고,0,1,0,0,차대차 - 추돌,안전운전불이행,건조,맑음,단일로 - 기타,화물,남,38세,상해없음,승용,여,55세,중상
2022022000100313,2022년 2월 20일 21시,일요일,충청남도 천안시 동남구 신방동,경상사고,0,0,2,0,차대차 - 기타,안전거리미확보,건조,맑음,교차로 - 교차로부근,승용,남,30세,상해없음,승용,남,27세,경상
2022022000100331,2022년 2월 20일 22시,일요일,충청남도 서산시 석림동,경상사고,0,0,2,0,차대차 - 기타,안전운전불이행,건조,맑음,교차로 - 교차로안,승용,남,55세,기타불명,승용,여,48세,경상
2022022100100004,2022년 2월 21일 00시,월요일,충청남도 아산시 탕정면,경상사고,0,0,1,0,차대차 - 추돌,안전운전불이행,건조,흐림,교차로 - 교차로안,승용,남,40세,기타불명,승용,남,40세,경상
2022022100100034,2022년 2월 21일 06시,월요일,충청남도 천안시 서북구 불당동,경상사고,0,0,1,0,차대차 - 기타,안전운전불이행,건조,맑음,교차로 - 교차로안,승용,남,57세,상해없음,이륜,남,40세,경상
2022022100100049,2022년 2월 21일 07시,월요일,충청남도 아산시 탕정면,경상사고,0,0,1,0,차대차 - 기타,안전운전불이행,건조,맑음,단일로 - 기타,승합,여,55세,상해없음,승용,남,28세,경상
2022022100100050,2022년 2월 21일 07시,월요일,충청남도 청양군 남양면,중상사고,0,1,1,0,차량단독 - 도로외이탈 - 추락,안전운전불이행,건조,맑음,단일로 - 기타,화물,남,58세,경상,,,,
2022022100100072,2022년 2월 21일 08시,월요일,충청남도 아산시 둔포면,중상사고,0,1,0,0,차대차 - 기타,안전운전불이행,건조,맑음,교차로 - 교차로안,승용,남,46세,상해없음,자전거,남,72세,중상
2022022100100073,2022년 2월 21일 08시,월요일,충청남도 공주시 이인면,경상사고,0,0,1,0,차대차 - 기타,안전운전불이행,건조,맑음,기타 - 기타,승용,남,56세,기타불명,화물,남,56세,경상
2022022100100188,2022년 2월 21일 12시,월요일,충청남도 논산시 연무읍,경상사고,0,0,1,0,차대차 - 측면충돌,안전운전불이행,건조,맑음,단일로 - 기타,승용,남,20세,상해없음,승용,남,52세,경상
2022022100100293,2022년 2월 21일 15시,월요일,충청남도 천안시 서북구 불당동,경상사고,0,0,2,0,차대차 - 측면충돌,안전운전불이행,건조,맑음,단일로 - 기타,승용,남,68세,상해없음,승용,남,29세,경상
2022022100100294,2022년 2월 21일 15시,월요일,충청남도 천안시 동남구 신부동,경상사고,0,0,1,0,차대사람 - 기타,신호위반,건조,맑음,기타 - 기타,승합,남,50세,상해없음,보행자,여,15세,경상
2022022100100295,2022년 2월 21일 15시,월요일,충청남도 천안시 동남구 신부동,경상사고,0,0,1,0,차대차 - 측면충돌,신호위반,건조,맑음,단일로 - 기타,화물,남,43세,상해없음,승용,남,39세,경상
2022022100100365,2022년 2월 21일 17시,월요일,충청남도 공주시 금성동,중상사고,0,1,0,0,차대사람 - 횡단중,보행자보호의무위반,건조,맑음,단일로 - 기타,화물,남,33세,상해없음,보행자,여,54세,중상
2022022100100366,2022년 2월 21일 17시,월요일,충청남도 천안시 동남구 목천읍,경상사고,0,0,1,0,차대차 - 측면충돌,직진우회전진행방해,건조,맑음,교차로 - 교차로안,승합,남,64세,상해없음,승용,남,41세,경상
2022022100100402,2022년 2월 21일 18시,월요일,충청남도 천안시 서북구 불당동,경상사고,0,0,1,0,차대차 - 기타,안전거리미확보,건조,맑음,교차로 - 교차로부근,화물,남,50세,상해없음,승용,남,22세,경상
2022022100100403,2022년 2월 21일 18시,월요일,충청남도 당진시 읍내동,경상사고,0,0,2,0,차대차 - 추돌,안전운전불이행,건조,맑음,단일로 - 기타,승용,남,57세,상해없음,승합,남,28세,경상
2022022100100443,2022년 2월 21일 19시,월요일,충청남도 아산시 탕정면,중상사고,0,1,7,0,차대차 - 추돌,안전운전불이행,건조,맑음,교차로 - 교차로부근,승용,남,45세,상해없음,승용,남,34세,경상
2022022100100470,2022년 2월 21일 20시,월요일,충청남도 당진시 송산면,사망사고,1,0,0,0,차대사람 - 횡단중,안전운전불이행,건조,맑음,단일로 - 기타,승용,남,45세,상해없음,보행자,남,65세,사망
2022022100100491,2022년 2월 21일 21시,월요일,충청남도 천안시 서북구 두정동,경상사고,0,0,1,0,차대차 - 기타,안전운전불이행,건조,맑음,교차로 - 교차로안,승용,남,69세,상해없음,승용,남,27세,상해없음
2022022100100521,2022년 2월 21일 22시,월요일,충청남도 천안시 서북구 성정동,경상사고,0,0,1,0,차량단독 - 기타,안전운전불이행,건조,맑음,교차로 - 교차로안,개인형이동수단(PM),남,38세,경상,,,,
2022022200100007,2022년 2월 22일 01시,화요일,충청남도 청양군 목면,경상사고,0,0,1,0,차량단독 - 공작물충돌,안전운전불이행,건조,맑음,교차로 - 교차로부근,승용,여,39세,경상,,,,
2022022200100050,2022년 2월 22일 07시,화요일,충청남도 천안시 동남구 풍세면,경상사고,0,0,1,0,차대차 - 추돌,차로위반,건조,맑음,단일로 - 기타,승용,여,50세,상해없음,승용,남,50세,경상
2022022200100073,2022년 2월 22일 08시,화요일,충청남도 아산시 온천동,중상사고,0,1,0,0,차대차 - 기타,안전운전불이행,건조,맑음,교차로 - 교차로부근,승용,남,51세,상해없음,이륜,남,78세,중상
2022022200100074,2022년 2월 22일 08시,화요일,충청남도 부여군 규암면,경상사고,0,0,1,0,차대차 - 측면충돌,중앙선침범,건조,맑음,단일로 - 기타,승용,남,62세,상해없음,승용,여,23세,경상
2022022200100144,2022년 2월 22일 11시,화요일,충청남도 천안시 서북구 쌍용동,경상사고,0,0,1,0,차대차 - 추돌,안전운전불이행,건조,맑음,단일로 - 기타,승용,남,47세,상해없음,승용,여,41세,경상
2022022200100145,2022년 2월 22일 11시,화요일,충청남도 아산시 온천동,경상사고,0,0,1,0,차대차 - 측면충돌,안전운전불이행,건조,맑음,교차로 - 교차로안,승합,남,45세,상해없음,승용,남,72세,경상
2022022200100146,2022년 2월 22일 11시,화요일,충청남도 당진시 합덕읍,경상사고,0,0,2,0,차대차 - 측면충돌,교차로운행방법위반,건조,맑음,교차로 - 교차로안,화물,남,60세,상해없음,승용,남,61세,경상
2022022200100209,2022년 2월 22일 13시,화요일,충청남도 천안시 서북구 백석동,경상사고,0,0,2,0,차대차 - 기타,안전운전불이행,건조,맑음,교차로 - 교차로안,승용,여,28세,상해없음,승합,남,57세,상해없음
2022022200100210,2022년 2월 22일 13시,화요일,충청남도 천안시 동남구 쌍용동,경상사고,0,0,1,0,차대차 - 측면충돌,안전운전불이행,건조,맑음,단일로 - 기타,승용,남,60세,상해없음,승용,남,46세,경상
2022022200100211,2022년 2월 22일 13시,화요일,충청남도 천안시 서북구 쌍용동,경상사고,0,0,1,0,차대사람 - 기타,보행자보호의무위반,건조,맑음,교차로 - 교차로안,승합,남,38세,상해없음,보행자,여,6세,경상
2022022200100212,2022년 2월 22일 13시,화요일,충청남도 아산시 용화동,경상사고,0,0,1,0,차대차 - 기타,기타,건조,맑음,교차로 - 교차로안,이륜,남,40세,기타불명,승용,남,22세,경상
2022022200100273,2022년 2월 22일 15시,화요일,충청남도 태안군 안면읍,경상사고,0,0,5,0,차대차 - 추돌,안전거리미확보,건조,맑음,단일로 - 기타,승용,남,72세,상해없음,승용,남,46세,경상
2022022200100295,2022년 2월 22일 16시,화요일,충청남도 천안시 서북구 백석동,경상사고,0,0,1,0,차대차 - 기타,안전운전불이행,건조,맑음,교차로 - 교차로안,승용,남,23세,경상,승합,남,57세,상해없음
2022022200100331,2022년 2월 22일 17시,화요일,충청남도 천안시 서북구 성정동,경상사고,0,0,1,0,차대차 - 기타,안전운전불이행,건조,맑음,교차로 - 교차로부근,승용,남,21세,상해없음,승용,여,50세,경상
2022022200100360,2022년 2월 22일 18시,화요일,충청남도 천안시 서북구 두정동,경상사고,0,0,1,0,차대차 - 기타,안전운전불이행,건조,맑음,기타 - 기타,승용,남,40세,상해없음,이륜,남,33세,경상
2022022200100361,2022년 2월 22일 18시,화요일,충청남도 서천군 서천읍,중상사고,0,1,0,0,차대차 - 정면충돌,중앙선침범,건조,맑음,단일로 - 기타,승용,여,48세,상해없음,이륜,남,60세,중상
2022022200100404,2022년 2월 22일 19시,화요일,충청남도 서산시 동문동,경상사고,0,0,3,0,차대차 - 측면충돌,중앙선침범,건조,맑음,교차로 - 교차로부근,승용,남,59세,상해없음,승용,여,26세,경상
2022022200100405,2022년 2월 22일 19시,화요일,충청남도 천안시 서북구 차암동,경상사고,0,0,1,0,차대사람 - 횡단중,보행자보호의무위반,건조,맑음,교차로 - 교차로횡단보도내,승용,여,62세,상해없음,보행자,남,54세,경상
2022022200100406,2022년 2월 22일 19시,화요일,충청남도 천안시 동남구 북면,경상사고,0,0,1,0,차대차 - 측면충돌,중앙선침범,건조,맑음,단일로 - 기타,승용,여,49세,상해없음,승용,남,22세,경상
2022022200100407,2022년 2월 22일 19시,화요일,충청남도 천안시 동남구 신부동,중상사고,0,1,1,0,차대차 - 추돌,안전운전불이행,건조,맑음,교차로 - 교차로부근,원동기,남,37세,중상,원동기,남,26세,경상
2022022200100433,2022년 2월 22일 20시,화요일,충청남도 천안시 서북구 쌍용동,중상사고,0,1,0,0,차대차 - 기타,직진우회전진행방해,건조,맑음,교차로 - 교차로안,화물,남,32세,상해없음,이륜,남,35세,중상
2022022200100455,2022년 2월 22일 21시,화요일,충청남도 천안시 동남구 신부동,경상사고,0,0,2,0,차대차 - 추돌,안전운전불이행,건조,맑음,단일로 - 교량,승용,남,37세,상해없음,승용,여,20세,경상
2022022200100456,2022년 2월 22일 21시,화요일,충청남도 천안시 동남구 신부동,경상사고,0,0,1,0,차대사람 - 길가장자리구역통행중,안전운전불이행,젖음/습기,눈,단일로 - 기타,기타불명,기타불명,미분류,기타불명,보행자,여,17세,경상
2022022200100457,2022년 2월 22일 21시,화요일,충청남도 천안시 동남구 신부동,경상사고,0,0,1,0,차대차 - 기타,안전운전불이행,적설,눈,교차로 - 교차로안,승용,남,57세,상해없음,승용,남,26세,경상
2022022200100483,2022년 2월 22일 22시,화요일,충청남도 천안시 서북구 성거읍,경상사고,0,0,1,0,차대차 - 기타,안전운전불이행,건조,맑음,교차로 - 교차로안,승용,남,38세,상해없음,승용,남,23세,경상
2022022200100484,2022년 2월 22일 22시,화요일,충청남도 아산시 온천동,경상사고,0,0,1,0,차대차 - 측면충돌,교차로운행방법위반,건조,맑음,교차로 - 교차로안,승용,남,29세,상해없음,승용,남,30세,경상
2022022200100499,2022년 2월 22일 23시,화요일,충청남도 보령시 화산동,경상사고,0,0,1,0,차량단독 - 공작물충돌,안전운전불이행,건조,맑음,단일로 - 기타,화물,남,47세,경상,,,,
2022022300100077,2022년 2월 23일 09시,수요일,충청남도 천안시 서북구 차암동,경상사고,0,0,3,0,차대차 - 측면충돌,기타,건조,맑음,교차로 - 교차로안,화물,남,42세,경상,승용,남,60세,경상
2022022300100078,2022년 2월 23일 09시,수요일,충청남도 아산시 둔포면,경상사고,0,0,2,0,차대차 - 정면충돌,중앙선침범,건조,맑음,교차로 - 교차로부근,승용,남,33세,상해없음,승용,남,26세,경상
2022022300100101,2022년 2월 23일 10시,수요일,충청남도 천안시 서북구 쌍용동,경상사고,0,0,1,0,차대차 - 기타,불법유턴,건조,맑음,단일로 - 기타,승용,여,48세,상해없음,승용,여,32세,경상
2022022300100147,2022년 2월 23일 12시,수요일,충청남도 아산시 배방읍,경상사고,0,0,1,0,차대차 - 기타,안전운전불이행,건조,맑음,단일로 - 고가도로위,특수,남,41세,상해없음,승용,여,51세,경상
2022022300100148,2022년 2월 23일 12시,수요일,충청남도 당진시 읍내동,경상사고,0,0,1,0,차대사람 - 기타,보행자보호의무위반,건조,맑음,교차로 - 교차로부근,승용,남,60세,상해없음,보행자,여,17세,경상
2022022300100218,2022년 2월 23일 14시,수요일,충청남도 보령시 대천동,중상사고,0,1,0,0,차대사람 - 기타,보행자보호의무위반,건조,맑음,교차로 - 교차로횡단보도내,화물,남,64세,상해없음,보행자,여,52세,중상
2022022300100219,2022년 2월 23일 14시,수요일,충청남도 공주시 정안면,경상사고,0,0,2,0,차대차 - 추돌,안전운전불이행,건조,맑음,단일로 - 기타,승용,남,25세,상해없음,화물,남,59세,경상
2022022300100273,2022년 2월 23일 16시,수요일,충청남도 당진시 원당동,경상사고,0,0,1,0,차대차 - 측면충돌,안전거리미확보,건조,맑음,교차로 - 교차로부근,승용,남,49세,상해없음,화물,남,38세,경상
2022022300100311,2022년 2월 23일 17시,수요일,충청남도 아산시 배방읍,경상사고,0,0,1,0,차대차 - 기타,신호위반,건조,맑음,교차로 - 교차로부근,승용,여,41세,상해없음,승용,남,32세,경상
2022022300100358,2022년 2월 23일 18시,수요일,충청남도 서산시 동문동,경상사고,0,0,1,0,차대차 - 추돌,안전거리미확보,건조,맑음,교차로 - 교차로안,승합,남,52세,상해없음,승용,남,57세,경상
2022022300100384,2022년 2월 23일 19시,수요일,충청남도 천안시 서북구 쌍용동,중상사고,0,1,0,0,차대사람 - 보도통행중,안전운전불이행,건조,맑음,교차로 - 교차로부근,승용,여,57세,상해없음,보행자,여,70세,중상
2022022300100427,2022년 2월 23일 21시,수요일,충청남도 천안시 서북구 쌍용동,부상신고사고,0,0,0,1,차대사람 - 기타,안전운전불이행,건조,맑음,교차로 - 교차로안,승용,남,38세,상해없음,보행자,남,52세,부상신고
2022022300100428,2022년 2월 23일 21시,수요일,충청남도 아산시 읍내동,경상사고,0,0,1,0,차량단독 - 기타,안전거리미확보,건조,기타,단일로 - 기타,승용,남,66세,상해없음,,,,