사고번호,사고일시,요일,시군구,사고내용,사망자수,중상자수,경상자수,부상신고자수,사고유형,법규위반,노면상태,기상상태,도로형태,가해운전자 차종,가해운전자 성별,가해운전자 연령,가해운전자 상해정도,피해운전자 차종,피해운전자 성별,피해운전자 연령,피해운전자 상해정도
2022031400100393,2022년 3월 14일 20시,월요일,충청남도 아산시 신창면,경상사고,0,0,1,0,차대차 - 후진중충돌,안전운전불이행,건조,맑음,교차로 - 교차로부근,승용,여,62세,상해없음,승용,여,22세,경상
2022031400100394,2022년 3월 14일 20시,월요일,충청남도 예산군 삽교읍,경상사고,0,0,1,0,차대차 - 추돌,안전거리미확보,건조,맑음,교차로 - 교차로부근,승용,남,63세,상해없음,승용,여,50세,경상
2022031400100415,2022년 3월 14일 21시,월요일,충청남도 천안시 서북구 불당동,경상사고,0,0,2,0,차대차 - 기타,안전운전불이행,건조,맑음,교차로 - 교차로부근,승용,남,18세,상해없음,승용,여,43세,경상
2022031400100416,2022년 3월 14일 21시,월요일,충청남도 예산군 예산읍,경상사고,0,0,1,0,차대차 - 정면충돌,안전운전불이행,건조,맑음,교차로 - 교차로부근,승용,남,60세,상해없음,개인형이동수단(PM),남,61세,경상
2022031400100431,2022년 3월 14일 22시,월요일,충청남도 아산시 인주면,중상사고,0,1,1,0,차대차 - 추돌,안전운전불이행,건조,맑음,교차로 - 교차로부근,승용,남,33세,상해없음,화물,남,40세,경상
2022031400100444,2022년 3월 14일 23시,월요일,충청남도 천안시 서북구 성정동,경상사고,0,0,1,0,차대사람 - 횡단중,안전운전불이행,건조,맑음,교차로 - 교차로안,승용,여,37세,상해없음,보행자,남,45세,경상
2022031500100022,2022년 3월 15일 05시,화요일,충청남도 아산시 인주면,경상사고,0,0,1,0,차대차 - 후진중충돌,안전운전불이행,건조,맑음,기타 - 기타,승용,남,60세,상해없음,승용,남,35세,경상
2022031500100028,2022년 3월 15일 06시,화요일,충청남도 천안시 동남구 풍세면,중상사고,0,1,0,1,차대차 - 정면충돌,교차로운행방법위반,건조,맑음,교차로 - 교차로안,승용,여,53세,부상신고,화물,남,63세,중상
2022031500100047,2022년 3월 15일 07시,화요일,충청남도 서산시 지곡면,중상사고,0,1,0,0,차대차 - 측면충돌,신호위반,건조,맑음,교차로 - 교차로안,승합,남,37세,상해없음,승용,남,63세,중상
2022031500100131,2022년 3월 15일 10시,화요일,충청남도 부여군 부여읍,중상사고,0,1,0,0,차대사람 - 횡단중,보행자보호의무위반,건조,맑음,교차로 - 교차로횡단보도내,승용,여,50세,상해없음,보행자,여,66세,중상
2022031500100159,2022년 3월 15일 11시,화요일,충청남도 천안시 서북구 쌍용동,경상사고,0,0,1,0,차대차 - 추돌,안전운전불이행,건조,맑음,교차로 - 교차로부근,승용,여,67세,상해없음,승용,여,52세,경상
2022031500100235,2022년 3월 15일 14시,화요일,충청남도 천안시 서북구 쌍용동,경상사고,0,0,1,0,차대차 - 추돌,안전운전불이행,건조,맑음,교차로 - 교차로부근,승용,여,42세,상해없음,승용,남,50세,경상
2022031500100264,2022년 3월 15일 15시,화요일,충청남도 공주시 신관동,경상사고,0,0,1,0,차대차 - 추돌,안전운전불이행,건조,맑음,교차로 - 교차로안,화물,남,39세,상해없음,승용,여,49세,경상
2022031500100284,2022년 3월 15일 16시,화요일,충청남도 아산시 탕정면,경상사고,0,0,2,0,차대차 - 추돌,안전운전불이행,건조,맑음,교차로 - 교차로안,승용,여,42세,상해없음,승용,남,42세,경상
2022031500100285,2022년 3월 15일 16시,화요일,충청남도 당진시 수청동,경상사고,0,0,1,0,차대사람 - 기타,안전운전불이행,건조,맑음,단일로 - 기타,승합,남,48세,상해없음,보행자,남,73세,경상
2022031500100341,2022년 3월 15일 18시,화요일,충청남도 천안시 서북구 백석동,경상사고,0,0,2,0,차대차 - 측면충돌,직진우회전진행방해,건조,맑음,교차로 - 교차로안,승용,남,47세,상해없음,승용,남,30세,경상
2022031500100373,2022년 3월 15일 19시,화요일,충청남도 천안시 서북구 입장면,경상사고,0,0,1,0,차대차 - 기타,차로위반,건조,맑음,단일로 - 기타,화물,남,64세,상해없음,승용,남,52세,경상
2022031500100374,2022년 3월 15일 19시,화요일,충청남도 아산시 권곡동,경상사고,0,0,2,0,차대차 - 측면충돌,안전운전불이행,건조,맑음,교차로 - 교차로부근,승용,남,76세,상해없음,승용,여,58세,경상
2022031500100428,2022년 3월 15일 21시,화요일,충청남도 아산시 음봉면,중상사고,0,1,0,0,차대차 - 기타,차로위반,건조,맑음,단일로 - 기타,승용,남,25세,상해없음,승용,남,22세,중상
2022031500100444,2022년 3월 15일 22시,화요일,충청남도 태안군 태안읍,중상사고,0,1,2,0,차대차 - 정면충돌,신호위반,건조,맑음,교차로 - 교차로안,승용,남,43세,상해없음,승용,남,27세,경상
2022031600100003,2022년 3월 16일 00시,수요일,충청남도 천안시 서북구 쌍용동,경상사고,0,0,1,0,차대차 - 기타,안전운전불이행,건조,맑음,교차로 - 교차로부근,승용,남,32세,기타불명,승용,여,21세,경상
2022031600100009,2022년 3월 16일 01시,수요일,충청남도 천안시 동남구 구룡동,경상사고,0,0,1,0,차량단독 - 기타,안전운전불이행,건조,맑음,단일로 - 기타,승용,남,27세,경상,,,,
2022031600100050,2022년 3월 16일 07시,수요일,충청남도 당진시 석문면,사망사고,1,0,0,0,차량단독 - 전도전복 - 전도,안전운전불이행,젖음/습기,맑음,단일로 - 기타,승용,남,47세,사망,,,,
2022031600100051,2022년 3월 16일 07시,수요일,충청남도 청양군 청양읍,중상사고,0,1,0,0,차량단독 - 공작물충돌,안전운전불이행,건조,맑음,단일로 - 기타,건설기계,남,50세,중상,,,,
2022031600100052,2022년 3월 16일 07시,수요일,충청남도 천안시 동남구 봉명동,경상사고,0,0,1,0,차대사람 - 보도통행중,안전운전불이행,건조,맑음,단일로 - 기타,승용,남,71세,기타불명,보행자,여,24세,경상
2022031600100079,2022년 3월 16일 08시,수요일,충청남도 당진시 송악읍,경상사고,0,0,1,0,차대차 - 정면충돌,중앙선침범,건조,맑음,단일로 - 기타,승용,여,31세,상해없음,승용,남,35세,경상
2022031600100159,2022년 3월 16일 11시,수요일,충청남도 서산시 음암면,중상사고,0,1,0,0,차대차 - 측면충돌,안전운전불이행,건조,맑음,교차로 - 교차로안,화물,남,87세,상해없음,이륜,남,76세,중상
2022031600100160,2022년 3월 16일 11시,수요일,충청남도 보령시 대천동,부상신고사고,0,0,0,1,차대사람 - 횡단중,보행자보호의무위반,건조,맑음,교차로 - 교차로안,승용,여,64세,상해없음,보행자,남,85세,부상신고
2022031600100227,2022년 3월 16일 14시,수요일,충청남도 서천군 장항읍,경상사고,0,0,4,0,차대차 - 측면충돌,안전운전불이행,건조,맑음,단일로 - 기타,승용,여,61세,경상,승용,여,37세,경상
2022031600100228,2022년 3월 16일 14시,수요일,충청남도 태안군 태안읍,경상사고,0,0,1,0,차대사람 - 횡단중,보행자보호의무위반,건조,맑음,단일로 - 기타,승용,남,51세,상해없음,보행자,여,69세,경상
2022031600100254,2022년 3월 16일 15시,수요일,충청남도 홍성군 갈산면,중상사고,0,1,0,0,차대차 - 측면충돌,안전운전불이행,건조,맑음,단일로 - 기타,화물,남,83세,상해없음,승용,여,59세,중상
2022031600100255,2022년 3월 16일 15시,수요일,충청남도 예산군 신양면,경상사고,0,0,1,1,차대차 - 추돌,안전운전불이행,건조,맑음,교차로 - 교차로부근,승용,여,56세,부상신고,화물,남,79세,경상
2022031600100318,2022년 3월 16일 17시,수요일,충청남도 아산시 음봉면,경상사고,0,0,1,0,차대차 - 기타,안전운전불이행,건조,맑음,교차로 - 교차로안,건설기계,남,49세,상해없음,승용,여,35세,경상
2022031600100349,2022년 3월 16일 18시,수요일,충청남도 아산시 온천동,경상사고,0,0,1,0,차대차 - 기타,안전운전불이행,건조,맑음,교차로 - 교차로부근,승용,남,87세,상해없음,승용,여,61세,경상
2022031600100350,2022년 3월 16일 18시,수요일,충청남도 보령시 동대동,경상사고,0,0,1,0,차대차 - 기타,직진우회전진행방해,건조,맑음,교차로 - 교차로안,승용,남,18세,상해없음,승용,남,42세,경상
2022031600100351,2022년 3월 16일 18시,수요일,충청남도 천안시 동남구 용곡동,경상사고,0,0,1,0,차대차 - 측면충돌,안전운전불이행,건조,맑음,교차로 - 교차로안,승용,남,77세,상해없음,이륜,남,26세,경상
2022031600100376,2022년 3월 16일 19시,수요일,충청남도 천안시 서북구 성거읍,경상사고,0,0,1,0,차대사람 - 길가장자리구역통행중,안전운전불이행,건조,맑음,교차로 - 교차로부근,승용,남,24세,상해없음,보행자,남,56세,경상
2022031600100397,2022년 3월 16일 20시,수요일,충청남도 서산시 석림동,경상사고,0,0,1,0,차대차 - 정면충돌,직진우회전진행방해,건조,맑음,교차로 - 교차로안,승용,여,63세,상해없음,승용,여,54세,경상
2022031600100398,2022년 3월 16일 20시,수요일,충청남도 천안시 서북구 쌍용동,경상사고,0,0,2,0,차대차 - 추돌,안전운전불이행,건조,맑음,교차로 - 교차로부근,승용,남,35세,상해없음,승용,남,45세,경상
2022031600100422,2022년 3월 16일 21시,수요일,충청남도 서산시 석림동,경상사고,0,0,2,0,차대차 - 측면충돌,신호위반,건조,맑음,교차로 - 교차로안,승용,남,55세,상해없음,승용,남,41세,경상
2022031600100461,2022년 3월 16일 23시,수요일,충청남도 천안시 서북구 성정동,중상사고,0,1,1,0,차대차 - 정면충돌,중앙선침범,건조,맑음,단일로 - 기타,승용,남,41세,상해없음,승용,남,66세,경상
2022031700100018,2022년 3월 17일 03시,목요일,충청남도 천안시 서북구 성환읍,사망사고,1,0,0,0,차대사람 - 기타,안전운전불이행,건조,맑음,단일로 - 기타,승용,남,68세,상해없음,보행자,남,57세,사망
2022031700100023,2022년 3월 17일 05시,목요일,충청남도 아산시 배방읍,경상사고,0,0,1,0,차대사람 - 기타,안전운전불이행,건조,맑음,기타 - 기타,승용,남,63세,상해없음,보행자,남,59세,경상
2022031700100091,2022년 3월 17일 09시,목요일,충청남도 보령시 신흑동,사망사고,1,0,0,0,차대사람 - 횡단중,안전운전불이행,젖음/습기,비,교차로 - 교차로안,화물,남,69세,상해없음,보행자,여,80세,사망
2022031700100132,2022년 3월 17일 11시,목요일,충청남도 서산시 성연면,경상사고,0,0,2,0,차대차 - 측면충돌,직진우회전진행방해,건조,맑음,교차로 - 교차로안,승용,남,51세,상해없음,승용,남,32세,경상
2022031700100151,2022년 3월 17일 12시,목요일,충청남도 당진시 채운동,경상사고,0,0,1,0,차대사람 - 기타,안전운전불이행,건조,흐림,단일로 - 기타,이륜,남,38세,상해없음,보행자,여,20세,경상
2022031700100172,2022년 3월 17일 13시,목요일,충청남도 천안시 동남구 신부동,중상사고,0,1,0,0,차대차 - 측면충돌,안전운전불이행,건조,맑음,단일로 - 기타,화물,남,46세,상해없음,이륜,남,21세,중상
2022031700100218,2022년 3월 17일 15시,목요일,충청남도 아산시 온천동,경상사고,0,0,1,0,차대차 - 기타,안전운전불이행,젖음/습기,비,교차로 - 교차로안,승용,여,56세,기타불명,승용,여,38세,경상
2022031700100259,2022년 3월 17일 17시,목요일,충청남도 천안시 서북구 두정동,경상사고,0,0,1,0,차대차 - 기타,안전운전불이행,건조,맑음,기타 - 기타,승용,남,41세,상해없음,승용,여,41세,경상
2022031700100260,2022년 3월 17일 17시,목요일,충청남도 아산시 음봉면,경상사고,0,0,2,0,차대차 - 측면충돌,안전운전불이행,젖음/습기,비,단일로 - 기타,승용,여,57세,상해없음,승용,남,30세,상해없음
2022031700100297,2022년 3월 17일 18시,목요일,충청남도 천안시 서북구 두정동,경상사고,0,0,1,0,차대차 - 측면충돌,신호위반,젖음/습기,흐림,교차로 - 교차로안,승용,남,31세,상해없음,승용,남,26세,경상
2022031700100298,2022년 3월 17일 18시,목요일,충청남도 당진시 채운동,경상사고,0,0,1,0,차대차 - 추돌,안전운전불이행,건조,흐림,교차로 - 교차로안,승용,남,57세,상해없음,이륜,남,48세,경상
2022031700100345,2022년 3월 17일 19시,목요일,충청남도 천안시 서북구 불당동,경상사고,0,0,2,0,차대차 - 기타,안전운전불이행,건조,맑음,단일로 - 고가도로위,승용,여,52세,상해없음,이륜,남,25세,경상
2022031700100346,2022년 3월 17일 19시,목요일,충청남도 아산시 탕정면,경상사고,0,0,1,0,차대차 - 추돌,안전운전불이행,건조,맑음,단일로 - 기타,이륜,남,29세,상해없음,승용,남,28세,경상
2022031700100387,2022년 3월 17일 20시,목요일,충청남도 서산시 석림동,경상사고,0,0,2,0,차대차 - 측면충돌,교차로운행방법위반,젖음/습기,비,교차로 - 교차로안,승용,여,57세,상해없음,승용,남,51세,경상
2022031700100422,2022년 3월 17일 21시,목요일,충청남도 서산시 읍내동,경상사고,0,0,1,0,차대차 - 추돌,안전운전불이행,건조,맑음,교차로 - 교차로안,승용,여,49세,상해없음,승용,남,48세,경상
2022031800100030,2022년 3월 18일 05시,금요일,충청남도 서산시 읍내동,경상사고,0,0,1,0,차대차 - 측면충돌,교차로운행방법위반,건조,맑음,교차로 - 교차로안,승용,남,30세,상해없음,화물,남,56세,경상
2022031800100056,2022년 3월 18일 08시,금요일,충청남도 아산시 온천동,경상사고,0,0,2,0,차대차 - 측면충돌,교차로운행방법위반,건조,흐림,교차로 - 교차로안,승용,여,71세,경상,승용,남,48세,경상
2022031800100057,2022년 3월 18일 08시,금요일,충청남도 천안시 동남구 신부동,중상사고,0,1,0,0,차대사람 - 횡단중,안전운전불이행,건조,맑음,교차로 - 교차로부근,승용,남,69세,기타불명,보행자,여,18세,중상
2022031800100122,2022년 3월 18일 12시,금요일,충청남도 천안시 서북구 백석동,경상사고,0,0,1,0,차대차 - 기타,신호위반,건조,맑음,기타 - 기타,이륜,남,20세,상해없음,승용,남,34세,경상
2022031800100123,2022년 3월 18일 12시,금요일,충청남도 공주시 계룡면,경상사고,0,0,1,0,차대차 - 측면충돌,안전운전불이행,건조,맑음,교차로 - 교차로안,승용,여,66세,상해없음,원동기,남,65세,경상
2022031800100218,2022년 3월 18일 16시,금요일,충청남도 금산군 금산읍,중상사고,0,1,0,0,차대사람 - 기타,안전운전불이행,건조,맑음,단일로 - 기타,승용,남,64세,상해없음,보행자,남,67세,중상
2022031800100311,2022년 3월 18일 19시,금요일,충청남도 예산군 예산읍,중상사고,0,1,0,0,차대차 - 측면충돌,신호위반,건조,맑음,교차로 - 교차로안,화물,남,53세,상해없음,승용,여,60세,중상
2022031900100014,2022년 3월 19일 01시,토요일,충청남도 아산시 배방읍,경상사고,0,0,1,0,차대차 - 기타,기타,건조,맑음,단일로 - 기타,화물,남,70세,기타불명,승용,남,39세,경상
2022031900100066,2022년 3월 19일 09시,토요일,충청남도 천안시 서북구 백석동,경상사고,0,0,1,0,차대차 - 추돌,안전운전불이행,건조,맑음,교차로 - 교차로부근,승용,남,33세,상해없음,승용,여,57세,경상
2022031900100087,2022년 3월 19일 10시,토요일,충청남도 천안시 서북구 불당동,경상사고,0,0,1,0,차대차 - 측면충돌,안전거리미확보,건조,맑음,단일로 - 기타,승용,여,56세,상해없음,승용,여,42세,경상
2022031900100088,2022년 3월 19일 10시,토요일,충청남도 아산시 남동,경상사고,0,0,1,0,차대차 - 측면충돌,안전운전불이행,건조,흐림,기타 - 기타,승용,남,82세,상해없음,승용,여,32세,경상
2022031900100115,2022년 3월 19일 11시,토요일,충청남도 아산시 권곡동,경상사고,0,0,2,0,차대차 - 추돌,안전운전불이행,건조,맑음,교차로 - 교차로안,승합,남,58세,기타불명,승용,여,30세,경상
2022031900100148,2022년 3월 19일 12시,토요일,충청남도 아산시 둔포면,경상사고,0,0,1,0,차대차 - 측면충돌,안전운전불이행,건조,맑음,교차로 - 교차로안,승용,남,48세,상해없음,승용,남,36세,경상
2022031900100210,2022년 3월 19일 14시,토요일,충청남도 청양군 화성면,사망사고,1,0,0,0,차량단독 - 도로외이탈 - 추락,안전운전불이행,젖음/습기,흐림,교차로 - 교차로부근,화물,남,68세,사망,,,,
2022031900100227,2022년 3월 19일 15시,토요일,충청남도 태안군 태안읍,경상사고,0,0,2,0,차대사람 - 횡단중,안전운전불이행,건조,맑음,교차로 - 교차로안,화물,남,34세,상해없음,보행자,여,63세,경상
2022031900100257,2022년 3월 19일 16시,토요일,충청남도 천안시 동남구 목천읍,중상사고,0,1,0,0,차대차 - 측면충돌,중앙선침범,건조,맑음,기타 - 기타,승용,여,25세,상해없음,승용,남,76세,중상
2022031900100281,2022년 3월 19일 17시,토요일,충청남도 천안시 서북구 두정동,경상사고,0,0,1,0,차대차 - 기타,안전운전불이행,건조,맑음,교차로 - 교차로부근,승용,남,71세,상해없음,승용,남,21세,경상
2022031900100282,2022년 3월 19일 17시,토요일,충청남도 아산시 음봉면,사망사고,1,0,0,0,차량단독 - 공작물충돌,안전운전불이행,젖음/습기,비,단일로 - 기타,화물,남,42세,사망,,,,
2022031900100283,2022년 3월 19일 17시,토요일,충청남도 부여군 세도면,중상사고,0,1,0,0,차대차 - 측면충돌,기타,건조,맑음,교차로 - 교차로안,승용,남,56세,상해없음,이륜,남,76세,중상
2022031900100308,2022년 3월 19일 18시,토요일,충청남도 청양군 대치면,중상사고,0,1,0,0,차량단독 - 전도전복 - 전도,안전운전불이행,젖음/습기,흐림,단일로 - 기타,이륜,남,68세,중상,,,,
2022031900100358,2022년 3월 19일 20시,토요일,충청남도 천안시 서북구 두정동,경상사고,0,0,1,0,차대차 - 측면충돌,안전거리미확보,젖음/습기,비,교차로 - 교차로부근,승용,남,56세,상해없음,이륜,남,39세,경상
2022031900100359,2022년 3월 19일 20시,토요일,충청남도 천안시 서북구 직산읍,경상사고,0,0,1,0,차대차 - 측면충돌,안전운전불이행,건조,맑음,단일로 - 기타,승용,남,53세,상해없음,승용,여,34세,상해없음
2022032000100037,2022년 3월 20일 08시,일요일,충청남도 태안군 소원면,경상사고,0,0,2,0,차대차 - 추돌,안전운전불이행,건조,맑음,교차로 - 교차로부근,승용,여,55세,상해없음,승용,남,51세,경상
2022032000100042,2022년 3월 20일 09시,일요일,충청남도 공주시 반포면,경상사고,0,0,1,0,차대사람 - 차도통행중,안전운전불이행,젖음/습기,맑음,단일로 - 기타,승용,남,56세,상해없음,보행자,여,85세,경상
2022032000100063,2022년 3월 20일 11시,일요일,충청남도 천안시 서북구 성정동,중상사고,0,1,1,0,차대차 - 정면충돌,중앙선침범,건조,맑음,단일로 - 기타,승용,남,26세,상해없음,승용,남,49세,중상
2022032000100098,2022년 3월 20일 13시,일요일,충청남도 서산시 해미면,경상사고,0,0,1,0,차대차 - 추돌,안전거리미확보,건조,맑음,교차로 - 교차로안,승용,남,58세,상해없음,승용,남,66세,경상
2022032000100099,2022년 3월 20일 13시,일요일,충청남도 천안시 서북구 쌍용동,경상사고,0,0,2,0,차대차 - 측면충돌,안전운전불이행,건조,맑음,단일로 - 고가도로위,승용,남,44세,상해없음,이륜,남,38세,경상
2022032000100147,2022년 3월 20일 15시,일요일,충청남도 논산시 가야곡면,중상사고,0,7,1,0,차대차 - 정면충돌,중앙선침범,건조,맑음,단일로 - 기타,승용,남,66세,중상,승합,남,75세,경상
2022032000100192,2022년 3월 20일 17시,일요일,충청남도 아산시 배방읍,경상사고,0,0,1,0,차대차 - 기타,안전운전불이행,건조,맑음,단일로 - 기타,원동기,남,16세,상해없음,승용,남,29세,경상
2022032000100193,2022년 3월 20일 17시,일요일,충청남도 천안시 동남구 광덕면,경상사고,0,0,7,0,차대차 - 추돌,안전거리미확보,건조,맑음,단일로 - 기타,승용,남,33세,상해없음,승용,남,69세,경상
2022032000100232,2022년 3월 20일 19시,일요일,충청남도 천안시 서북구 신당동,경상사고,0,0,2,0,차대차 - 기타,안전운전불이행,건조,맑음,단일로 - 기타,기타불명,기타불명,미분류,기타불명,특수,남,26세,경상
2022032000100233,2022년 3월 20일 19시,일요일,충청남도 아산시 탕정면,경상사고,0,0,1,0,차대차 - 측면충돌,안전운전불이행,건조,맑음,기타 - 기타,승용,남,23세,상해없음,승용,남,26세,경상
2022032000100256,2022년 3월 20일 20시,일요일,충청남도 예산군 응봉면,경상사고,0,0,1,0,차대사람 - 차도통행중,안전운전불이행,건조,맑음,단일로 - 기타,승용,남,65세,상해없음,보행자,남,80세,경상
2022032000100292,2022년 3월 20일 22시,일요일,충청남도 천안시 서북구 성정동,중상사고,0,1,0,0,차량단독 - 공작물충돌,안전운전불이행,건조,맑음,단일로 - 기타,승용,남,40세,상해없음,,,,
2022032000100293,2022년 3월 20일 22시,일요일,충청남도 천안시 서북구 쌍용동,경상사고,0,0,2,0,차대차 - 측면충돌,안전운전불이행,건조,맑음,교차로 - 교차로부근,승용,남,51세,상해없음,승용,남,53세,경상
2022032000100294,2022년 3월 20일 22시,일요일,충청남도 홍성군 홍성읍,경상사고,0,0,4,0,차대차 - 추돌,안전운전불이행,건조,맑음,단일로 - 기타,승용,남,48세,상해없음,승용,남,23세,경상
2022032000100304,2022년 3월 20일 23시,일요일,충청남도 서산시 지곡면,경상사고,0,0,1,0,차대차 - 추돌,안전운전불이행,건조,맑음,교차로 - 교차로부근,승용,남,29세,상해없음,승용,남,36세,경상
2022032100100010,2022년 3월 21일 01시,월요일,충청남도 천안시 서북구 성정동,경상사고,0,0,1,0,차대차 - 측면충돌,신호위반,건조,맑음,교차로 - 교차로안,승용,남,20세,상해없음,승용,여,28세,경상
2022032100100011,2022년 3월 21일 01시,월요일,충청남도 천안시 서북구 성정동,중상사고,0,1,0,0,차대차 - 측면충돌,신호위반,건조,맑음,교차로 - 교차로부근,승용,여,20세,상해없음,이륜,남,28세,중상
2022032100100023,2022년 3월 21일 05시,월요일,충청남도 천안시 서북구 두정동,중상사고,0,2,0,0,차대차 - 기타,중앙선침범,건조,맑음,단일로 - 기타,승용,남,24세,상해없음,승용,여,61세,중상
2022032100100033,2022년 3월 21일 06시,월요일,충청남도 보령시 천북면,중상사고,0,1,0,0,차대차 - 기타,기타,건조,맑음,교차로 - 교차로안,화물,남,65세,상해없음,원동기,남,75세,중상
2022032100100040,2022년 3월 21일 07시,월요일,충청남도 논산시 내동,경상사고,0,0,1,0,차대차 - 측면충돌,신호위반,건조,맑음,교차로 - 교차로안,승용,남,78세,상해없음,승용,남,43세,경상
2022032100100041,2022년 3월 21일 07시,월요일,충청남도 서천군 서천읍,경상사고,0,0,2,0,차대차 - 측면충돌,안전운전불이행,건조,맑음,단일로 - 기타,화물,남,81세,경상,승용,남,34세,경상
2022032100100042,2022년 3월 21일 07시,월요일,충청남도 천안시 동남구 수신면,경상사고,0,0,1,0,차대차 - 측면충돌,직진우회전진행방해,건조,맑음,교차로 - 교차로안,승용,남,47세,상해없음,승용,남,37세,경상
2022032100100093,2022년 3월 21일 09시,월요일,충청남도 아산시 모종동,경상사고,0,0,1,0,차대사람 - 횡단중,신호위반,건조,맑음,교차로 - 교차로횡단보도내,승용,여,52세,상해없음,보행자,여,66세,경상
2022032100100145,2022년 3월 21일 11시,월요일,충청남도 아산시 배방읍,경상사고,0,0,1,0,차대차 - 후진중충돌,안전운전불이행,건조,맑음,기타 - 기타,화물,남,57세,상해없음,승용,여,57세,경상
2022032100100146,2022년 3월 21일 11시,월요일,충청남도 보령시 동대동,중상사고,0,1,0,0,차대차 - 측면충돌,교차로운행방법위반,건조,맑음,교차로 - 교차로안,승용,남,87세,상해없음,원동기,남,76세,중상
2022032100100147,2022년 3월 21일 11시,월요일,충청남도 부여군 부여읍,중상사고,0,1,0,0,차대차 - 추돌,안전운전불이행,건조,맑음,단일로 - 교량,화물,남,25세,중상,화물,남,59세,기타불명
2022032100100171,2022년 3월 21일 12시,월요일,충청남도 논산시 연무읍,중상사고,0,1,0,0,차대차 - 측면충돌,교차로운행방법위반,건조,맑음,교차로 - 교차로안,화물,남,69세,상해없음,이륜,남,56세,중상
2022032100100190,2022년 3월 21일 13시,월요일,충청남도 서산시 지곡면,중상사고,0,1,0,0,차대사람 - 길가장자리구역통행중,안전운전불이행,건조,맑음,단일로 - 기타,승용,남,49세,상해없음,보행자,남,57세,중상
2022032100100217,2022년 3월 21일 14시,월요일,충청남도 아산시 도고면,경상사고,0,0,2,0,차대차 - 추돌,안전운전불이행,건조,맑음,단일로 - 기타,화물,남,37세,상해없음,승용,남,75세,경상
2022032100100218,2022년 3월 21일 14시,월요일,충청남도 천안시 동남구 다가동,사망사고,1,0,0,0,차량단독 - 전도전복 - 전도,안전운전불이행,건조,맑음,단일로 - 기타,이륜,남,57세,사망,,,,
2022032100100355,2022년 3월 21일 19시,월요일,충청남도 천안시 동남구 목천읍,중상사고,0,1,0,0,차대차 - 추돌,안전운전불이행,건조,맑음,단일로 - 기타,이륜,남,61세,중상,화물,남,58세,상해없음
2022032100100373,2022년 3월 21일 20시,월요일,충청남도 천안시 서북구 쌍용동,경상사고,0,0,1,0,차대차 - 기타,직진우회전진행방해,건조,맑음,교차로 - 교차로안,승용,남,41세,상해없음,자전거,남,39세,경상
2022032100100394,2022년 3월 21일 21시,월요일,충청남도 천안시 서북구 불당동,경상사고,0,0,2,0,차대차 - 추돌,안전운전불이행,건조,맑음,단일로 - 기타,승용,남,39세,상해없음,승용,여,30세,경상
2022032100100409,2022년 3월 21일 22시,월요일,충청남도 천안시 서북구 성정동,경상사고,0,0,1,0,차대사람 - 횡단중,신호위반,건조,맑음,교차로 - 교차로부근,승용,남,42세,상해없음,보행자,남,36세,경상
2022032100100429,2022년 3월 21일 23시,월요일,충청남도 아산시 염치읍,경상사고,0,0,1,0,차대차 - 기타,안전운전불이행,건조,맑음,단일로 - 기타,승용,남,59세,기타불명,승용,남,35세,경상
2022032200100016,2022년 3월 22일 05시,화요일,충청남도 서산시 석림동,중상사고,0,1,0,0,차대차 - 추돌,안전운전불이행,건조,맑음,교차로 - 교차로부근,이륜,남,33세,중상,승합,남,79세,상해없음
2022032200100019,2022년 3월 22일 06시,화요일,충청남도 당진시 우강면,중상사고,0,1,1,0,차대차 - 측면충돌,교차로운행방법위반,건조,맑음,교차로 - 교차로안,승용,남,74세,상해없음,승용,남,20세,중상
2022032200100027,2022년 3월 22일 07시,화요일,충청남도 천안시 서북구 불당동,부상신고사고,0,0,0,1,차대차 - 기타,중앙선침범,건조,맑음,단일로 - 기타,기타불명,기타불명,미분류,기타불명,이륜,남,32세,부상신고
2022032200100028,2022년 3월 22일 07시,화요일,충청남도 논산시 내동,중상사고,0,1,0,0,차대차 - 측면충돌,신호위반,건조,맑음,단일로 - 기타,승용,여,25세,상해없음,자전거,남,14세,중상
2022032200100029,2022년 3월 22일 07시,화요일,충청남도 아산시 배방읍,경상사고,0,0,1,0,차대차 - 기타,교차로운행방법위반,건조,맑음,교차로 - 교차로안,승용,남,72세,상해없음,승용,여,39세,경상
2022032200100068,2022년 3월 22일 09시,화요일,충청남도 서산시 죽성동,경상사고,0,0,1,0,차대사람 - 횡단중,안전운전불이행,건조,맑음,교차로 - 교차로횡단보도내,화물,남,64세,상해없음,보행자,여,56세,경상
2022032200100096,2022년 3월 22일 10시,화요일,충청남도 천안시 서북구 성정동,경상사고,0,0,2,0,차대차 - 측면충돌,안전거리미확보,건조,맑음,단일로 - 기타,승용,남,76세,상해없음,승용,남,21세,경상
2022032200100097,2022년 3월 22일 10시,화요일,충청남도 천안시 서북구 직산읍,중상사고,0,2,0,0,차대차 - 기타,안전운전불이행,건조,맑음,교차로 - 교차로안,승용,여,61세,상해없음,승용,여,38세,중상