사고번호,사고일시,요일,시군구,사고내용,사망자수,중상자수,경상자수,부상신고자수,사고유형,법규위반,노면상태,기상상태,도로형태,가해운전자 차종,가해운전자 성별,가해운전자 연령,가해운전자 상해정도,피해운전자 차종,피해운전자 성별,피해운전자 연령,피해운전자 상해정도
2022040900100048,2022년 4월 9일 03시,토요일,충청남도 아산시 둔포면,경상사고,0,0,2,0,차대차 - 측면충돌,안전운전불이행,건조,맑음,기타 - 기타,화물,남,38세,상해없음,승용,남,66세,경상
2022040900100064,2022년 4월 9일 06시,토요일,충청남도 아산시 배방읍,중상사고,0,1,0,0,차대차 - 측면충돌,안전거리미확보,건조,맑음,단일로 - 기타,화물,남,74세,기타불명,승용,여,28세,중상
2022040900100074,2022년 4월 9일 07시,토요일,충청남도 아산시 모종동,중상사고,0,1,0,0,차대차 - 정면충돌,안전운전불이행,건조,맑음,교차로 - 교차로안,승용,남,66세,상해없음,이륜,남,41세,중상
2022040900100167,2022년 4월 9일 11시,토요일,충청남도 서산시 대산읍,경상사고,0,0,1,0,차대차 - 측면충돌,안전운전불이행,건조,맑음,기타 - 기타,화물,남,86세,상해없음,승용,남,34세,경상
2022040900100168,2022년 4월 9일 11시,토요일,충청남도 서산시 대산읍,중상사고,0,1,1,0,차대차 - 측면충돌,기타,건조,맑음,교차로 - 교차로안,승합,남,62세,상해없음,승용,남,47세,경상
2022040900100204,2022년 4월 9일 12시,토요일,충청남도 아산시 인주면,경상사고,0,0,1,0,차대차 - 측면충돌,차로위반,건조,맑음,단일로 - 기타,승용,남,40세,상해없음,승용,남,33세,경상
2022040900100252,2022년 4월 9일 13시,토요일,충청남도 아산시 음봉면,경상사고,0,0,2,0,차대차 - 기타,안전운전불이행,건조,맑음,기타 - 기타,화물,남,26세,상해없음,승용,여,27세,경상
2022040900100253,2022년 4월 9일 13시,토요일,충청남도 금산군 금산읍,중상사고,0,1,0,0,차대차 - 측면충돌,교차로운행방법위반,건조,맑음,교차로 - 교차로안,이륜,남,72세,중상,승용,남,31세,상해없음
2022040900100254,2022년 4월 9일 13시,토요일,충청남도 천안시 동남구 원성동,경상사고,0,0,1,0,차대차 - 기타,신호위반,건조,맑음,교차로 - 교차로안,승용,남,68세,상해없음,이륜,남,17세,경상
2022040900100300,2022년 4월 9일 14시,토요일,충청남도 서산시 석림동,경상사고,0,0,3,0,차대차 - 후진중충돌,안전운전불이행,건조,맑음,주차장 - 주차장,승용,남,61세,상해없음,승용,여,49세,경상
2022040900100301,2022년 4월 9일 14시,토요일,충청남도 논산시 강경읍,경상사고,0,0,2,2,차대차 - 후진중충돌,불법유턴,건조,맑음,단일로 - 기타,승합,남,44세,상해없음,승용,남,33세,경상
2022040900100302,2022년 4월 9일 14시,토요일,충청남도 부여군 부여읍,중상사고,0,1,1,0,차대사람 - 횡단중,보행자보호의무위반,건조,맑음,교차로 - 교차로횡단보도내,이륜,남,63세,상해없음,보행자,여,23세,중상
2022040900100303,2022년 4월 9일 14시,토요일,충청남도 천안시 동남구 문화동,경상사고,0,0,1,0,차대차 - 측면충돌,직진우회전진행방해,건조,맑음,교차로 - 교차로안,화물,남,55세,상해없음,이륜,남,35세,경상
2022040900100349,2022년 4월 9일 15시,토요일,충청남도 논산시 성동면,중상사고,0,1,0,0,차대차 - 측면충돌,안전운전불이행,건조,맑음,교차로 - 교차로안,승용,남,21세,상해없음,원동기,남,59세,중상
2022040900100351,2022년 4월 9일 15시,토요일,충청남도 천안시 동남구 신부동,경상사고,0,0,1,0,차대차 - 추돌,안전거리미확보,건조,맑음,단일로 - 기타,승용,남,33세,상해없음,승합,남,50세,경상
2022040900100389,2022년 4월 9일 16시,토요일,충청남도 서산시 음암면,경상사고,0,0,1,0,차대차 - 측면충돌,안전운전불이행,건조,맑음,교차로 - 교차로안,승용,여,54세,상해없음,승용,남,40세,경상
2022040900100390,2022년 4월 9일 16시,토요일,충청남도 천안시 서북구 쌍용동,사망사고,1,0,0,0,차대사람 - 기타,안전운전불이행,건조,맑음,교차로 - 교차로횡단보도내,화물,남,61세,상해없음,보행자,남,67세,사망
2022040900100391,2022년 4월 9일 16시,토요일,충청남도 논산시 은진면,경상사고,0,0,6,0,차대차 - 측면충돌,교차로운행방법위반,건조,맑음,교차로 - 교차로안,승용,여,51세,경상,승용,남,27세,경상
2022040900100392,2022년 4월 9일 16시,토요일,충청남도 아산시 인주면,경상사고,0,0,2,0,차대차 - 추돌,안전운전불이행,건조,맑음,단일로 - 기타,승용,남,20세,상해없음,화물,남,68세,상해없음
2022040900100435,2022년 4월 9일 17시,토요일,충청남도 천안시 서북구 두정동,경상사고,0,0,1,0,차대사람 - 길가장자리구역통행중,안전운전불이행,건조,맑음,단일로 - 기타,승용,남,57세,상해없음,보행자,여,41세,경상
2022040900100436,2022년 4월 9일 17시,토요일,충청남도 논산시 연무읍,경상사고,0,0,1,0,차대사람 - 길가장자리구역통행중,안전운전불이행,건조,맑음,단일로 - 기타,화물,남,22세,상해없음,보행자,남,48세,경상
2022040900100437,2022년 4월 9일 17시,토요일,충청남도 청양군 정산면,경상사고,0,0,4,0,차대차 - 측면충돌,안전운전불이행,건조,맑음,단일로 - 기타,승용,여,59세,상해없음,승용,여,37세,경상
2022040900100464,2022년 4월 9일 18시,토요일,충청남도 아산시 신창면,중상사고,0,1,0,0,차대차 - 기타,신호위반,건조,맑음,교차로 - 교차로안,승용,여,54세,상해없음,이륜,남,58세,중상
2022040900100465,2022년 4월 9일 18시,토요일,충청남도 천안시 동남구 신부동,부상신고사고,0,0,0,1,차대차 - 측면충돌,안전운전불이행,건조,맑음,교차로 - 교차로안,승용,남,47세,상해없음,이륜,남,40세,부상신고
2022040900100505,2022년 4월 9일 19시,토요일,충청남도 당진시 송산면,부상신고사고,0,0,0,1,차대사람 - 길가장자리구역통행중,안전운전불이행,건조,맑음,단일로 - 기타,승용,남,48세,상해없음,보행자,남,63세,부상신고
2022041000100010,2022년 4월 10일 00시,일요일,충청남도 천안시 서북구 두정동,경상사고,0,0,1,0,차대사람 - 길가장자리구역통행중,안전운전불이행,건조,맑음,단일로 - 기타,승용,남,23세,상해없음,보행자,남,24세,경상
2022041000100011,2022년 4월 10일 00시,일요일,충청남도 부여군 홍산면,경상사고,0,0,2,0,차대차 - 추돌,기타,건조,맑음,단일로 - 기타,승용,남,26세,상해없음,승용,남,37세,경상
2022041000100115,2022년 4월 10일 11시,일요일,충청남도 홍성군 홍북읍,경상사고,0,0,1,0,차대사람 - 차도통행중,안전운전불이행,건조,맑음,교차로 - 교차로부근,승용,남,62세,상해없음,보행자,남,2세,경상
2022041000100172,2022년 4월 10일 13시,일요일,충청남도 아산시 배방읍,경상사고,0,0,1,0,차대차 - 측면충돌,안전운전불이행,건조,맑음,단일로 - 기타,이륜,남,35세,경상,승용,남,30세,상해없음
2022041000100173,2022년 4월 10일 13시,일요일,충청남도 당진시 송악읍,경상사고,0,0,1,0,차대차 - 측면충돌,안전운전불이행,건조,맑음,단일로 - 기타,승용,남,27세,상해없음,승용,남,29세,경상
2022041000100216,2022년 4월 10일 14시,일요일,충청남도 천안시 서북구 성거읍,경상사고,0,0,1,0,차대사람 - 기타,안전운전불이행,건조,맑음,단일로 - 기타,기타불명,기타불명,미분류,기타불명,보행자,여,63세,경상
2022041000100281,2022년 4월 10일 16시,일요일,충청남도 서산시 운산면,중상사고,0,1,0,0,차대차 - 측면충돌,안전운전불이행,건조,맑음,교차로 - 교차로부근,승합,남,59세,상해없음,자전거,남,87세,중상
2022041000100282,2022년 4월 10일 16시,일요일,충청남도 천안시 서북구 성거읍,중상사고,0,1,0,0,차대차 - 측면충돌,안전운전불이행,건조,맑음,교차로 - 교차로안,승용,남,50세,상해없음,이륜,남,37세,중상
2022041000100283,2022년 4월 10일 16시,일요일,충청남도 논산시 취암동,경상사고,0,0,1,0,차대사람 - 횡단중,신호위반,건조,맑음,교차로 - 교차로횡단보도내,화물,남,52세,상해없음,보행자,남,11세,경상
2022041000100284,2022년 4월 10일 16시,일요일,충청남도 당진시 시곡동,부상신고사고,0,0,0,2,차대차 - 추돌,안전운전불이행,건조,맑음,단일로 - 기타,이륜,남,41세,상해없음,승용,남,37세,상해없음
2022041000100285,2022년 4월 10일 16시,일요일,충청남도 당진시 수청동,경상사고,0,0,1,0,차대차 - 추돌,기타,건조,맑음,교차로 - 교차로안,승용,남,29세,상해없음,승용,남,30세,경상
2022041000100318,2022년 4월 10일 17시,일요일,충청남도 당진시 송산면,중상사고,0,1,0,0,차대차 - 추돌,신호위반,건조,맑음,교차로 - 교차로안,승용,남,43세,상해없음,이륜,남,49세,중상
2022041000100319,2022년 4월 10일 17시,일요일,충청남도 천안시 동남구 원성동,경상사고,0,0,1,0,차대사람 - 기타,보행자보호의무위반,건조,맑음,단일로 - 기타,승용,남,28세,상해없음,보행자,남,5세,경상
2022041000100347,2022년 4월 10일 18시,일요일,충청남도 천안시 서북구 쌍용동,경상사고,0,0,4,0,차대차 - 기타,안전운전불이행,건조,맑음,단일로 - 기타,승합,남,51세,기타불명,승용,여,27세,경상
2022041000100348,2022년 4월 10일 18시,일요일,충청남도 금산군 금산읍,경상사고,0,0,1,0,차대차 - 추돌,안전운전불이행,건조,맑음,교차로 - 교차로안,화물,남,71세,상해없음,승용,여,28세,경상
2022041000100365,2022년 4월 10일 19시,일요일,충청남도 천안시 서북구 직산읍,중상사고,0,1,0,0,차대차 - 측면충돌,안전운전불이행,건조,맑음,교차로 - 교차로부근,승용,여,26세,상해없음,원동기,남,42세,중상
2022041000100434,2022년 4월 10일 22시,일요일,충청남도 당진시 송악읍,경상사고,0,0,2,0,차대차 - 추돌,안전운전불이행,건조,맑음,교차로 - 교차로안,승용,남,62세,상해없음,승용,남,19세,경상
2022041100100005,2022년 4월 11일 00시,월요일,충청남도 천안시 서북구 두정동,경상사고,0,0,1,0,차대사람 - 기타,보행자보호의무위반,건조,맑음,교차로 - 교차로횡단보도내,승용,남,30세,상해없음,보행자,여,28세,경상
2022041100100006,2022년 4월 11일 00시,월요일,충청남도 논산시 취암동,중상사고,0,1,4,0,차대차 - 측면충돌,신호위반,건조,맑음,교차로 - 교차로안,승용,남,52세,경상,승용,남,57세,중상
2022041100100015,2022년 4월 11일 01시,월요일,충청남도 아산시 배방읍,경상사고,0,0,1,0,차량단독 - 전도전복 - 전도,안전운전불이행,건조,맑음,단일로 - 기타,승용,남,24세,경상,,,,
2022041100100033,2022년 4월 11일 05시,월요일,충청남도 서산시 해미면,경상사고,0,0,7,0,차대차 - 측면충돌,안전운전불이행,건조,맑음,단일로 - 기타,승용,남,24세,경상,승합,남,64세,경상
2022041100100094,2022년 4월 11일 08시,월요일,충청남도 아산시 풍기동,경상사고,0,0,4,0,차대차 - 측면충돌,차로위반,건조,맑음,교차로 - 교차로안,승용,여,38세,경상,승용,남,47세,경상
2022041100100175,2022년 4월 11일 10시,월요일,충청남도 천안시 서북구 불당동,경상사고,0,0,1,0,차대차 - 기타,신호위반,건조,맑음,교차로 - 교차로안,승용,여,64세,상해없음,개인형이동수단(PM),여,22세,경상
2022041100100176,2022년 4월 11일 10시,월요일,충청남도 천안시 서북구 백석동,경상사고,0,0,1,0,차대차 - 측면충돌,교차로운행방법위반,건조,맑음,교차로 - 교차로부근,화물,남,52세,상해없음,승용,여,46세,경상
2022041100100204,2022년 4월 11일 11시,월요일,충청남도 천안시 동남구 봉명동,경상사고,0,0,1,0,차대사람 - 횡단중,보행자보호의무위반,건조,맑음,교차로 - 교차로횡단보도내,승용,여,42세,상해없음,보행자,여,70세,경상
2022041100100233,2022년 4월 11일 12시,월요일,충청남도 천안시 서북구 쌍용동,경상사고,0,0,1,0,차대차 - 기타,직진우회전진행방해,건조,맑음,교차로 - 교차로안,승용,남,35세,상해없음,이륜,남,55세,경상
2022041100100234,2022년 4월 11일 12시,월요일,충청남도 천안시 서북구 직산읍,중상사고,0,1,0,0,차대차 - 추돌,안전운전불이행,건조,맑음,단일로 - 기타,승용,남,53세,상해없음,화물,남,54세,중상
2022041100100235,2022년 4월 11일 12시,월요일,충청남도 아산시 도고면,중상사고,0,1,0,0,차대차 - 측면충돌,신호위반,건조,맑음,교차로 - 교차로안,승용,여,63세,상해없음,승용,남,61세,상해없음
2022041100100301,2022년 4월 11일 14시,월요일,충청남도 아산시 염치읍,경상사고,0,0,2,0,차대차 - 기타,안전운전불이행,건조,맑음,교차로 - 교차로안,화물,남,56세,기타불명,승용,여,31세,경상
2022041100100302,2022년 4월 11일 14시,월요일,충청남도 아산시 영인면,중상사고,0,1,0,0,차대차 - 추돌,안전운전불이행,건조,맑음,기타 - 기타,승용,남,35세,상해없음,승용,남,35세,중상
2022041100100303,2022년 4월 11일 14시,월요일,충청남도 당진시 읍내동,경상사고,0,0,2,0,차대차 - 측면충돌,중앙선침범,건조,맑음,단일로 - 기타,승용,남,70세,상해없음,승용,남,21세,경상
2022041100100304,2022년 4월 11일 14시,월요일,충청남도 보령시 천북면,중상사고,0,1,0,0,차대차 - 추돌,안전운전불이행,건조,맑음,단일로 - 기타,승용,남,67세,중상,특수,남,65세,상해없음
2022041100100340,2022년 4월 11일 15시,월요일,충청남도 아산시 영인면,경상사고,0,0,1,0,차대차 - 측면충돌,안전운전불이행,건조,맑음,교차로 - 교차로안,화물,남,67세,기타불명,승용,남,40세,경상
2022041100100341,2022년 4월 11일 15시,월요일,충청남도 당진시 대호지면,중상사고,0,2,0,0,차대차 - 정면충돌,안전운전불이행,건조,맑음,단일로 - 기타,농기계,남,66세,상해없음,승용,여,65세,중상
2022041100100342,2022년 4월 11일 15시,월요일,충청남도 천안시 동남구 북면,중상사고,0,1,1,0,차대차 - 추돌,안전운전불이행,건조,맑음,단일로 - 기타,승용,여,71세,상해없음,특수,남,46세,중상
2022041100100381,2022년 4월 11일 16시,월요일,충청남도 청양군 청양읍,경상사고,0,0,2,0,차대차 - 측면충돌,교차로운행방법위반,건조,맑음,교차로 - 교차로안,승용,남,64세,경상,승용,여,42세,경상
2022041100100382,2022년 4월 11일 16시,월요일,충청남도 천안시 동남구 신부동,중상사고,0,1,0,0,차대사람 - 횡단중,안전운전불이행,건조,맑음,단일로 - 기타,승용,남,38세,상해없음,보행자,여,14세,중상
2022041100100419,2022년 4월 11일 17시,월요일,충청남도 서산시 예천동,중상사고,0,1,0,0,차대사람 - 횡단중,보행자보호의무위반,건조,맑음,교차로 - 교차로안,승용,여,54세,상해없음,보행자,남,7세,중상
2022041100100420,2022년 4월 11일 17시,월요일,충청남도 아산시 점양동,경상사고,0,0,1,0,차대차 - 기타,안전운전불이행,건조,맑음,단일로 - 기타,승용,여,44세,상해없음,승용,남,24세,경상
2022041100100421,2022년 4월 11일 17시,월요일,충청남도 아산시 배방읍,경상사고,0,0,1,0,차대차 - 기타,안전운전불이행,건조,맑음,단일로 - 기타,승용,여,36세,상해없음,승용,여,56세,경상
2022041100100422,2022년 4월 11일 17시,월요일,충청남도 예산군 예산읍,경상사고,0,0,2,1,차대차 - 추돌,안전거리미확보,건조,맑음,단일로 - 기타,승용,여,40세,부상신고,승용,남,48세,경상
2022041100100423,2022년 4월 11일 17시,월요일,충청남도 천안시 동남구 청당동,경상사고,0,0,1,0,차대차 - 추돌,안전운전불이행,건조,맑음,단일로 - 기타,승용,남,46세,상해없음,승용,남,53세,경상
2022041100100424,2022년 4월 11일 17시,월요일,충청남도 천안시 동남구 청당동,부상신고사고,0,0,0,1,차대차 - 측면충돌,안전운전불이행,건조,맑음,단일로 - 기타,원동기,남,16세,부상신고,승용,여,47세,상해없음
2022041100100462,2022년 4월 11일 18시,월요일,충청남도 서산시 석남동,중상사고,0,2,0,0,차대차 - 정면충돌,안전운전불이행,건조,맑음,교차로 - 교차로안,이륜,남,29세,중상,이륜,남,34세,중상
2022041100100463,2022년 4월 11일 18시,월요일,충청남도 아산시 배방읍,경상사고,0,0,3,0,차대차 - 추돌,안전운전불이행,건조,맑음,단일로 - 기타,승용,남,40세,상해없음,승용,남,29세,경상
2022041100100464,2022년 4월 11일 18시,월요일,충청남도 태안군 태안읍,중상사고,0,1,0,0,차대차 - 기타,안전거리미확보,건조,맑음,단일로 - 기타,이륜,남,46세,중상,승용,남,40세,상해없음
2022041100100498,2022년 4월 11일 19시,월요일,충청남도 천안시 동남구 삼룡동,경상사고,0,0,1,0,차대차 - 추돌,안전운전불이행,건조,맑음,단일로 - 기타,화물,남,54세,상해없음,승용,여,34세,경상
2022041200100012,2022년 4월 12일 00시,화요일,충청남도 서산시 부석면,중상사고,0,1,0,0,차대사람 - 기타,안전운전불이행,건조,맑음,단일로 - 기타,승용,남,23세,상해없음,보행자,남,36세,중상
2022041200100033,2022년 4월 12일 03시,화요일,충청남도 아산시 배방읍,경상사고,0,0,2,0,차대차 - 추돌,안전운전불이행,건조,맑음,교차로 - 교차로부근,승용,남,25세,상해없음,승용,남,46세,경상
2022041200100044,2022년 4월 12일 05시,화요일,충청남도 아산시 탕정면,경상사고,0,0,1,0,차대차 - 기타,안전운전불이행,건조,맑음,단일로 - 기타,승용,남,71세,기타불명,자전거,남,50세,경상
2022041200100066,2022년 4월 12일 07시,화요일,충청남도 천안시 서북구 쌍용동,경상사고,0,0,1,0,차대사람 - 기타,기타,건조,맑음,단일로 - 기타,기타불명,기타불명,미분류,기타불명,보행자,여,23세,경상
2022041200100094,2022년 4월 12일 08시,화요일,충청남도 서산시 음암면,경상사고,0,0,1,0,차대차 - 추돌,안전운전불이행,건조,맑음,단일로 - 기타,승용,남,25세,상해없음,승용,남,34세,경상
2022041200100095,2022년 4월 12일 08시,화요일,충청남도 아산시 배방읍,경상사고,0,0,1,0,차대차 - 측면충돌,안전운전불이행,건조,맑음,기타 - 기타,승용,남,71세,상해없음,승용,여,48세,경상
2022041200100096,2022년 4월 12일 08시,화요일,충청남도 당진시 대덕동,경상사고,0,0,1,0,차대차 - 추돌,안전운전불이행,건조,맑음,교차로 - 교차로안,승용,여,30세,상해없음,승용,여,42세,경상
2022041200100097,2022년 4월 12일 08시,화요일,충청남도 천안시 동남구 목천읍,경상사고,0,0,1,0,차대차 - 추돌,안전운전불이행,건조,맑음,기타 - 기타,승용,여,44세,상해없음,승용,남,67세,경상
2022041200100170,2022년 4월 12일 10시,화요일,충청남도 서천군 장항읍,중상사고,0,1,0,0,차대차 - 측면충돌,안전운전불이행,건조,맑음,교차로 - 교차로부근,화물,남,35세,상해없음,개인형이동수단(PM),남,72세,중상
2022041200100196,2022년 4월 12일 11시,화요일,충청남도 서천군 마서면,경상사고,0,0,1,0,차대차 - 측면충돌,안전운전불이행,건조,맑음,단일로 - 기타,원동기,남,65세,경상,승용,여,67세,상해없음
2022041200100197,2022년 4월 12일 11시,화요일,충청남도 당진시 원당동,경상사고,0,0,1,0,차대차 - 측면충돌,안전운전불이행,건조,맑음,단일로 - 기타,승용,여,57세,상해없음,승용,남,31세,경상
2022041200100253,2022년 4월 12일 13시,화요일,충청남도 서산시 동문동,경상사고,0,0,1,0,차대사람 - 기타,안전운전불이행,건조,맑음,기타 - 기타,화물,남,68세,상해없음,보행자,여,87세,경상
2022041200100308,2022년 4월 12일 15시,화요일,충청남도 아산시 온천동,경상사고,0,0,1,0,차대차 - 후진중충돌,안전운전불이행,건조,맑음,단일로 - 기타,화물,남,66세,상해없음,승용,여,50세,경상
2022041200100340,2022년 4월 12일 16시,화요일,충청남도 천안시 서북구 성정동,경상사고,0,0,1,0,차대사람 - 차도통행중,안전운전불이행,건조,맑음,교차로 - 교차로부근,승용,여,51세,상해없음,보행자,남,65세,경상
2022041200100341,2022년 4월 12일 16시,화요일,충청남도 보령시 명천동,경상사고,0,0,1,0,차대차 - 기타,안전운전불이행,건조,맑음,교차로 - 교차로안,이륜,남,71세,상해없음,승합,남,67세,경상
2022041200100342,2022년 4월 12일 16시,화요일,충청남도 천안시 동남구 성황동,경상사고,0,0,1,0,차대사람 - 횡단중,안전운전불이행,건조,맑음,교차로 - 교차로부근,승용,남,47세,상해없음,보행자,여,12세,경상
2022041200100343,2022년 4월 12일 16시,화요일,충청남도 태안군 소원면,경상사고,0,0,2,0,차대차 - 측면충돌,기타,건조,맑음,단일로 - 기타,화물,남,74세,상해없음,승용,남,23세,경상
2022041200100382,2022년 4월 12일 17시,화요일,충청남도 천안시 서북구 백석동,경상사고,0,0,3,0,차대차 - 추돌,안전거리미확보,건조,맑음,교차로 - 교차로부근,승용,여,43세,경상,화물,남,62세,경상
2022041200100383,2022년 4월 12일 17시,화요일,충청남도 계룡시 엄사면,중상사고,0,1,2,0,차대차 - 측면충돌,불법유턴,건조,맑음,교차로 - 교차로부근,승용,남,60세,경상,승용,남,57세,경상
2022041200100384,2022년 4월 12일 17시,화요일,충청남도 천안시 동남구 쌍용동,경상사고,0,0,1,0,차대사람 - 길가장자리구역통행중,안전운전불이행,건조,맑음,단일로 - 기타,화물,남,71세,상해없음,보행자,남,25세,경상
2022041200100385,2022년 4월 12일 17시,화요일,충청남도 천안시 동남구 안서동,경상사고,0,0,1,0,차대차 - 추돌,안전운전불이행,건조,맑음,단일로 - 기타,승용,남,57세,상해없음,승용,여,40세,경상
2022041200100428,2022년 4월 12일 18시,화요일,충청남도 논산시 내동,경상사고,0,0,3,0,차대차 - 추돌,안전운전불이행,건조,맑음,교차로 - 교차로부근,승용,남,28세,상해없음,승용,남,71세,경상
2022041200100429,2022년 4월 12일 18시,화요일,충청남도 천안시 동남구 신부동,경상사고,0,0,1,0,차대사람 - 기타,안전운전불이행,건조,맑음,기타 - 기타,승용,여,51세,기타불명,보행자,여,22세,경상
2022041200100518,2022년 4월 12일 21시,화요일,충청남도 논산시 부적면,중상사고,0,1,1,0,차대차 - 측면충돌,신호위반,건조,맑음,교차로 - 교차로안,승용,여,37세,경상,승용,여,65세,중상
2022041200100519,2022년 4월 12일 21시,화요일,충청남도 천안시 동남구 원성동,중상사고,0,1,0,0,차대차 - 추돌,안전운전불이행,건조,맑음,교차로 - 교차로부근,화물,남,42세,상해없음,승용,여,56세,중상
2022041200100546,2022년 4월 12일 22시,화요일,충청남도 논산시 내동,경상사고,0,0,1,0,차대차 - 추돌,안전운전불이행,건조,맑음,교차로 - 교차로부근,승용,남,40세,상해없음,승용,남,49세,경상
2022041200100568,2022년 4월 12일 23시,화요일,충청남도 천안시 서북구 성정동,경상사고,0,0,1,0,차대차 - 측면충돌,안전운전불이행,건조,맑음,교차로 - 교차로부근,승용,남,32세,상해없음,승용,남,62세,경상
2022041300100010,2022년 4월 13일 00시,수요일,충청남도 논산시 부창동,경상사고,0,0,1,0,차대차 - 측면충돌,안전운전불이행,건조,맑음,주차장 - 주차장,원동기,남,14세,상해없음,화물,남,50세,기타불명
2022041300100032,2022년 4월 13일 05시,수요일,충청남도 계룡시 신도안면,경상사고,0,0,2,0,차대차 - 측면충돌,안전운전불이행,건조,흐림,단일로 - 기타,승용,남,26세,경상,승용,여,44세,경상
2022041300100060,2022년 4월 13일 07시,수요일,충청남도 홍성군 홍성읍,중상사고,0,1,0,0,차대차 - 측면충돌,신호위반,건조,맑음,교차로 - 교차로안,승용,여,60세,상해없음,승용,여,39세,중상
2022041300100170,2022년 4월 13일 11시,수요일,충청남도 아산시 인주면,중상사고,0,1,0,0,차대차 - 추돌,안전운전불이행,젖음/습기,비,단일로 - 기타,승용,남,55세,상해없음,승용,여,65세,중상
2022041300100171,2022년 4월 13일 11시,수요일,충청남도 청양군 청양읍,중상사고,0,2,0,0,차대차 - 측면충돌,교차로운행방법위반,젖음/습기,비,교차로 - 교차로안,승용,남,18세,상해없음,승용,남,87세,중상
2022041300100172,2022년 4월 13일 11시,수요일,충청남도 천안시 동남구 신방동,경상사고,0,0,1,0,차대차 - 측면충돌,안전거리미확보,젖음/습기,비,단일로 - 기타,승용,남,70세,상해없음,승용,여,58세,경상
2022041300100233,2022년 4월 13일 13시,수요일,충청남도 홍성군 홍북읍,경상사고,0,0,1,0,차대사람 - 횡단중,안전운전불이행,젖음/습기,비,단일로 - 기타,이륜,남,50세,상해없음,보행자,여,49세,경상
2022041300100234,2022년 4월 13일 13시,수요일,충청남도 금산군 금성면,중상사고,0,1,0,0,차대사람 - 횡단중,안전운전불이행,젖음/습기,비,단일로 - 기타,건설기계,남,59세,상해없음,보행자,여,31세,중상
2022041300100254,2022년 4월 13일 14시,수요일,충청남도 천안시 서북구 차암동,부상신고사고,0,0,0,1,차량단독 - 공작물충돌,안전운전불이행,젖음/습기,비,단일로 - 기타,승용,남,57세,부상신고,,,,
2022041300100321,2022년 4월 13일 16시,수요일,충청남도 홍성군 홍북읍,중상사고,0,2,0,0,차대차 - 측면충돌,신호위반,젖음/습기,비,교차로 - 교차로안,승용,여,49세,상해없음,승용,남,64세,중상
2022041300100358,2022년 4월 13일 17시,수요일,충청남도 홍성군 광천읍,중상사고,0,1,0,0,차대차 - 측면충돌,안전거리미확보,젖음/습기,비,단일로 - 기타,승용,남,64세,상해없음,승용,남,50세,중상
2022041300100440,2022년 4월 13일 19시,수요일,충청남도 천안시 동남구 신부동,경상사고,0,0,1,0,차대차 - 기타,안전운전불이행,젖음/습기,비,단일로 - 기타,승용,남,53세,상해없음,승용,여,24세,경상
2022041300100467,2022년 4월 13일 20시,수요일,충청남도 공주시 금성동,사망사고,1,0,0,0,차대차 - 기타,안전운전불이행,젖음/습기,비,단일로 - 기타,승용,여,62세,상해없음,승용,남,55세,상해없음
2022041300100468,2022년 4월 13일 20시,수요일,충청남도 천안시 동남구 목천읍,경상사고,0,0,1,0,차대차 - 측면충돌,안전운전불이행,젖음/습기,비,교차로 - 교차로안,승용,여,53세,경상,승용,남,58세,상해없음
2022041300100508,2022년 4월 13일 21시,수요일,충청남도 공주시 신관동,경상사고,0,0,1,0,차대사람 - 횡단중,신호위반,젖음/습기,비,교차로 - 교차로부근,이륜,남,36세,상해없음,보행자,남,55세,경상
2022041300100509,2022년 4월 13일 21시,수요일,충청남도 태안군 태안읍,경상사고,0,0,1,0,차대사람 - 횡단중,보행자보호의무위반,젖음/습기,비,단일로 - 기타,화물,남,56세,상해없음,보행자,여,29세,경상
2022041300100540,2022년 4월 13일 22시,수요일,충청남도 천안시 서북구 백석동,경상사고,0,0,1,0,차대차 - 추돌,안전운전불이행,젖음/습기,비,교차로 - 교차로부근,승용,여,33세,경상,승용,남,51세,상해없음
2022041300100541,2022년 4월 13일 22시,수요일,충청남도 서천군 장항읍,경상사고,0,0,1,0,차량단독 - 공작물충돌,안전운전불이행,젖음/습기,비,단일로 - 기타,화물,남,46세,경상,,,,
2022041400100009,2022년 4월 14일 00시,목요일,충청남도 천안시 동남구 봉명동,경상사고,0,0,1,0,차대차 - 기타,안전거리미확보,젖음/습기,비,교차로 - 교차로부근,승용,남,29세,상해없음,승용,남,27세,경상
2022041400100024,2022년 4월 14일 01시,목요일,충청남도 천안시 서북구 성정동,경상사고,0,0,1,0,차대사람 - 기타,안전운전불이행,건조,맑음,교차로 - 교차로안,승용,남,43세,상해없음,보행자,남,37세,경상
2022041400100030,2022년 4월 14일 04시,목요일,충청남도 홍성군 홍성읍,중상사고,0,1,0,0,차대차 - 측면충돌,신호위반,젖음/습기,비,교차로 - 교차로안,승용,여,40세,상해없음,화물,여,63세,중상
2022041400100066,2022년 4월 14일 07시,목요일,충청남도 천안시 서북구 업성동,중상사고,0,1,0,0,차대차 - 기타,안전운전불이행,건조,맑음,교차로 - 교차로안,승용,남,25세,기타불명,승용,남,37세,중상
2022041400100149,2022년 4월 14일 10시,목요일,충청남도 홍성군 구항면,중상사고,0,1,0,0,차대차 - 추돌,신호위반,젖음/습기,비,교차로 - 교차로안,승합,남,65세,상해없음,승용,여,51세,중상