사고번호,사고일시,요일,시군구,사고내용,사망자수,중상자수,경상자수,부상신고자수,사고유형,법규위반,노면상태,기상상태,도로형태,가해운전자 차종,가해운전자 성별,가해운전자 연령,가해운전자 상해정도,피해운전자 차종,피해운전자 성별,피해운전자 연령,피해운전자 상해정도
2022041900100448,2022년 4월 19일 17시,화요일,충청남도 당진시 읍내동,경상사고,0,0,1,0,차대사람 - 횡단중,보행자보호의무위반,건조,맑음,단일로 - 기타,승용,남,61세,상해없음,보행자,여,70세,경상
2022041900100497,2022년 4월 19일 18시,화요일,충청남도 논산시 부창동,경상사고,0,0,1,0,차대차 - 추돌,안전운전불이행,건조,맑음,단일로 - 고가도로위,승용,남,56세,상해없음,승용,여,42세,경상
2022041900100498,2022년 4월 19일 18시,화요일,충청남도 당진시 합덕읍,중상사고,0,1,0,0,차대차 - 측면충돌,안전운전불이행,건조,맑음,단일로 - 기타,승용,여,48세,상해없음,이륜,남,81세,중상
2022041900100499,2022년 4월 19일 18시,화요일,충청남도 천안시 동남구 청당동,경상사고,0,0,1,0,차대차 - 측면충돌,안전운전불이행,건조,맑음,교차로 - 교차로횡단보도내,승용,남,55세,상해없음,개인형이동수단(PM),남,16세,경상
2022041900100540,2022년 4월 19일 19시,화요일,충청남도 천안시 서북구 성거읍,중상사고,0,1,0,0,차량단독 - 공작물충돌,안전운전불이행,건조,맑음,단일로 - 기타,승용,남,46세,중상,,,,
2022041900100541,2022년 4월 19일 19시,화요일,충청남도 아산시 모종동,중상사고,0,1,0,0,차대사람 - 횡단중,보행자보호의무위반,건조,맑음,교차로 - 교차로횡단보도내,화물,남,39세,상해없음,보행자,남,62세,중상
2022041900100601,2022년 4월 19일 21시,화요일,충청남도 천안시 서북구 성정동,사망사고,1,0,0,0,차대사람 - 기타,기타,건조,맑음,교차로 - 교차로횡단보도내,승용,남,32세,상해없음,보행자,여,60세,사망
2022041900100619,2022년 4월 19일 22시,화요일,충청남도 금산군 금산읍,경상사고,0,0,1,0,차대사람 - 기타,안전운전불이행,건조,맑음,단일로 - 기타,승용,남,45세,상해없음,보행자,여,36세,경상
2022042000100050,2022년 4월 20일 06시,수요일,충청남도 서산시 석림동,중상사고,0,1,0,0,차대차 - 측면충돌,직진우회전진행방해,건조,맑음,교차로 - 교차로안,승용,남,71세,상해없음,승용,남,28세,기타불명
2022042000100051,2022년 4월 20일 06시,수요일,충청남도 천안시 동남구 청당동,경상사고,0,0,1,0,차대사람 - 기타,안전운전불이행,건조,맑음,교차로 - 교차로부근,승용,여,31세,상해없음,보행자,남,29세,경상
2022042000100069,2022년 4월 20일 07시,수요일,충청남도 서산시 수석동,경상사고,0,0,2,0,차대차 - 측면충돌,중앙선침범,건조,맑음,교차로 - 교차로부근,승용,여,37세,상해없음,승용,여,52세,경상
2022042000100115,2022년 4월 20일 08시,수요일,충청남도 아산시 신창면,경상사고,0,0,2,0,차대차 - 기타,안전운전불이행,건조,맑음,교차로 - 교차로안,승용,남,67세,상해없음,화물,남,56세,경상
2022042000100166,2022년 4월 20일 09시,수요일,충청남도 부여군 부여읍,경상사고,0,0,1,0,차대사람 - 횡단중,보행자보호의무위반,건조,맑음,교차로 - 교차로횡단보도내,승용,남,68세,상해없음,보행자,여,50세,경상
2022042000100226,2022년 4월 20일 11시,수요일,충청남도 부여군 석성면,중상사고,0,2,0,0,차대차 - 측면충돌,신호위반,건조,맑음,교차로 - 교차로안,화물,남,26세,상해없음,승용,여,50세,중상
2022042000100294,2022년 4월 20일 13시,수요일,충청남도 부여군 규암면,경상사고,0,0,1,0,차대차 - 측면충돌,안전운전불이행,건조,맑음,단일로 - 기타,화물,남,45세,상해없음,화물,남,68세,경상
2022042000100326,2022년 4월 20일 14시,수요일,충청남도 천안시 서북구 두정동,경상사고,0,0,1,0,차대차 - 측면충돌,직진우회전진행방해,건조,맑음,교차로 - 교차로안,승용,남,23세,상해없음,승용,남,28세,경상
2022042000100327,2022년 4월 20일 14시,수요일,충청남도 아산시 인주면,경상사고,0,0,1,0,차대차 - 추돌,안전운전불이행,건조,맑음,단일로 - 기타,승용,여,58세,상해없음,승용,남,53세,경상
2022042000100328,2022년 4월 20일 14시,수요일,충청남도 예산군 예산읍,중상사고,0,1,0,0,차대차 - 기타,신호위반,건조,맑음,교차로 - 교차로안,화물,남,68세,상해없음,승용,남,53세,중상
2022042000100466,2022년 4월 20일 18시,수요일,충청남도 서산시 대산읍,부상신고사고,0,0,0,1,차대차 - 추돌,안전거리미확보,건조,맑음,교차로 - 교차로부근,승용,남,59세,상해없음,승용,남,56세,부상신고
2022042000100467,2022년 4월 20일 18시,수요일,충청남도 천안시 동남구 신부동,경상사고,0,0,1,0,차대차 - 측면충돌,교차로운행방법위반,건조,맑음,교차로 - 교차로안,승용,남,57세,상해없음,승용,남,34세,경상
2022042000100468,2022년 4월 20일 18시,수요일,충청남도 천안시 동남구 목천읍,경상사고,0,0,1,0,차대차 - 측면충돌,교차로운행방법위반,건조,맑음,교차로 - 교차로안,승용,남,63세,상해없음,승합,남,60세,경상
2022042000100517,2022년 4월 20일 19시,수요일,충청남도 당진시 채운동,중상사고,0,1,0,0,차대차 - 추돌,안전거리미확보,건조,맑음,단일로 - 기타,이륜,남,40세,중상,승합,남,61세,기타불명
2022042000100518,2022년 4월 20일 19시,수요일,충청남도 당진시 송악읍,경상사고,0,0,1,0,차대차 - 측면충돌,안전운전불이행,건조,맑음,교차로 - 교차로안,화물,남,63세,상해없음,승용,여,42세,경상
2022042000100575,2022년 4월 20일 21시,수요일,충청남도 천안시 서북구 불당동,경상사고,0,0,1,0,차대차 - 기타,신호위반,건조,맑음,단일로 - 기타,승용,남,45세,상해없음,이륜,남,20세,경상
2022042000100576,2022년 4월 20일 21시,수요일,충청남도 공주시 금흥동,경상사고,0,0,1,0,차대차 - 측면충돌,안전운전불이행,건조,흐림,교차로 - 교차로부근,화물,남,58세,상해없음,승용,여,20세,경상
2022042000100594,2022년 4월 20일 22시,수요일,충청남도 천안시 서북구 불당동,경상사고,0,0,4,0,차대차 - 기타,중앙선침범,건조,맑음,단일로 - 기타,승용,여,46세,상해없음,승용,여,39세,경상
2022042000100595,2022년 4월 20일 22시,수요일,충청남도 천안시 서북구 업성동,경상사고,0,0,1,0,차대사람 - 횡단중,중앙선침범,건조,맑음,단일로 - 기타,승용,남,37세,상해없음,보행자,여,55세,경상
2022042000100616,2022년 4월 20일 23시,수요일,충청남도 아산시 배방읍,경상사고,0,0,1,0,차대차 - 추돌,안전운전불이행,건조,맑음,교차로 - 교차로부근,승용,남,33세,상해없음,승용,남,40세,경상
2022042100100031,2022년 4월 21일 05시,목요일,충청남도 보령시 궁촌동,경상사고,0,0,1,0,차대차 - 기타,신호위반,건조,맑음,교차로 - 교차로안,승용,남,24세,상해없음,승용,여,39세,경상
2022042100100044,2022년 4월 21일 06시,목요일,충청남도 천안시 동남구 청당동,중상사고,0,1,0,0,차대차 - 정면충돌,안전운전불이행,건조,맑음,교차로 - 교차로안,승용,여,30세,상해없음,화물,남,55세,중상
2022042100100060,2022년 4월 21일 07시,목요일,충청남도 당진시 송악읍,경상사고,0,0,1,0,차대차 - 기타,안전운전불이행,건조,맑음,단일로 - 기타,기타불명,기타불명,미분류,기타불명,승용,남,21세,경상
2022042100100083,2022년 4월 21일 08시,목요일,충청남도 서산시 동문동,경상사고,0,0,1,0,차대차 - 추돌,안전운전불이행,건조,맑음,교차로 - 교차로안,승용,남,42세,상해없음,승용,여,34세,경상
2022042100100084,2022년 4월 21일 08시,목요일,충청남도 계룡시 신도안면,경상사고,0,0,1,0,차대차 - 정면충돌,중앙선침범,건조,맑음,교차로 - 교차로부근,승용,남,26세,상해없음,승용,남,32세,경상
2022042100100085,2022년 4월 21일 08시,목요일,충청남도 아산시 둔포면,경상사고,0,0,1,0,차대차 - 기타,안전운전불이행,건조,맑음,교차로 - 교차로안,승용,남,62세,상해없음,승합,남,58세,경상
2022042100100154,2022년 4월 21일 10시,목요일,충청남도 아산시 둔포면,경상사고,0,0,2,0,차대차 - 기타,안전운전불이행,건조,맑음,교차로 - 교차로안,승용,여,15세,상해없음,승용,남,31세,경상
2022042100100184,2022년 4월 21일 11시,목요일,충청남도 아산시 배방읍,경상사고,0,0,1,0,차대차 - 기타,안전운전불이행,건조,맑음,기타 - 기타,승용,여,34세,상해없음,화물,남,48세,경상
2022042100100211,2022년 4월 21일 12시,목요일,충청남도 천안시 동남구 신부동,경상사고,0,0,1,0,차대차 - 추돌,안전운전불이행,건조,맑음,단일로 - 기타,승용,남,49세,상해없음,승용,남,60세,경상
2022042100100260,2022년 4월 21일 14시,목요일,충청남도 금산군 추부면,중상사고,0,1,0,0,차대차 - 추돌,안전운전불이행,건조,맑음,단일로 - 기타,건설기계,남,48세,상해없음,화물,남,63세,중상
2022042100100288,2022년 4월 21일 15시,목요일,충청남도 서천군 문산면,중상사고,0,1,0,0,차량단독 - 도로외이탈 - 추락,안전운전불이행,건조,맑음,교차로 - 교차로부근,승용,여,64세,상해없음,,,,
2022042100100329,2022년 4월 21일 16시,목요일,충청남도 아산시 배방읍,경상사고,0,0,1,0,차대차 - 기타,안전운전불이행,건조,맑음,교차로 - 교차로안,승용,여,26세,상해없음,승용,남,41세,경상
2022042100100330,2022년 4월 21일 16시,목요일,충청남도 청양군 대치면,경상사고,0,0,2,0,차대차 - 추돌,안전운전불이행,건조,맑음,교차로 - 교차로부근,승용,여,44세,상해없음,승용,남,66세,경상
2022042100100370,2022년 4월 21일 17시,목요일,충청남도 아산시 염치읍,경상사고,0,0,1,0,차대차 - 추돌,안전운전불이행,건조,맑음,단일로 - 기타,승용,여,52세,상해없음,승용,남,31세,경상
2022042100100371,2022년 4월 21일 17시,목요일,충청남도 천안시 동남구 신방동,경상사고,0,0,1,0,차대차 - 추돌,안전거리미확보,건조,맑음,단일로 - 기타,승용,남,25세,상해없음,승용,남,32세,경상
2022042100100410,2022년 4월 21일 18시,목요일,충청남도 천안시 서북구 쌍용동,경상사고,0,0,1,0,차대차 - 측면충돌,안전거리미확보,건조,맑음,단일로 - 기타,화물,남,49세,상해없음,승용,남,28세,경상
2022042100100411,2022년 4월 21일 18시,목요일,충청남도 천안시 서북구 성정동,경상사고,0,0,1,0,차대차 - 기타,신호위반,건조,맑음,교차로 - 교차로부근,승용,남,54세,상해없음,승용,여,26세,경상
2022042100100475,2022년 4월 21일 20시,목요일,충청남도 아산시 둔포면,경상사고,0,0,1,0,차대차 - 추돌,안전운전불이행,건조,맑음,교차로 - 교차로안,승합,남,69세,상해없음,화물,남,50세,경상
2022042100100476,2022년 4월 21일 20시,목요일,충청남도 보령시 남포면,중상사고,0,1,0,0,차대차 - 측면충돌,중앙선침범,건조,맑음,단일로 - 기타,승용,남,67세,상해없음,승용,남,37세,중상
2022042100100477,2022년 4월 21일 20시,목요일,충청남도 공주시 소학동,경상사고,0,0,1,0,차대차 - 추돌,안전운전불이행,건조,맑음,교차로 - 교차로부근,화물,남,67세,기타불명,승용,남,29세,경상
2022042200100019,2022년 4월 22일 01시,금요일,충청남도 천안시 서북구 백석동,경상사고,0,0,1,0,차대차 - 추돌,안전운전불이행,건조,맑음,교차로 - 교차로안,승용,남,29세,상해없음,원동기,남,42세,경상
2022042200100030,2022년 4월 22일 02시,금요일,충청남도 천안시 서북구 백석동,중상사고,0,1,0,0,차대사람 - 횡단중,기타,건조,맑음,단일로 - 기타,승용,남,33세,상해없음,보행자,남,40세,중상
2022042200100031,2022년 4월 22일 02시,금요일,충청남도 홍성군 홍성읍,부상신고사고,0,0,0,1,차대차 - 기타,안전운전불이행,건조,흐림,단일로 - 기타,승용,남,62세,상해없음,이륜,남,70세,부상신고
2022042200100032,2022년 4월 22일 02시,금요일,충청남도 예산군 신암면,부상신고사고,0,0,0,1,차량단독 - 공작물충돌,안전운전불이행,건조,맑음,단일로 - 기타,승용,남,37세,부상신고,,,,
2022042200100067,2022년 4월 22일 07시,금요일,충청남도 천안시 동남구 광덕면,경상사고,0,0,1,0,차대차 - 측면충돌,교차로운행방법위반,건조,맑음,교차로 - 교차로안,화물,남,25세,상해없음,승용,남,31세,경상
2022042200100130,2022년 4월 22일 09시,금요일,충청남도 서산시 음암면,중상사고,0,1,0,0,차대사람 - 길가장자리구역통행중,안전운전불이행,건조,맑음,기타 - 기타,승용,남,81세,상해없음,보행자,여,75세,중상
2022042200100175,2022년 4월 22일 11시,금요일,충청남도 서산시 지곡면,사망사고,1,0,0,0,차대차 - 측면충돌,신호위반,건조,맑음,교차로 - 교차로안,특수,남,40세,상해없음,화물,남,61세,사망
2022042200100176,2022년 4월 22일 11시,금요일,충청남도 서산시 대산읍,경상사고,0,0,1,0,차대사람 - 횡단중,안전운전불이행,건조,맑음,기타 - 기타,승용,남,51세,상해없음,보행자,남,56세,경상
2022042200100177,2022년 4월 22일 11시,금요일,충청남도 아산시 배방읍,중상사고,0,1,0,0,차대사람 - 기타,안전운전불이행,건조,맑음,단일로 - 기타,화물,남,63세,상해없음,보행자,남,54세,중상
2022042200100178,2022년 4월 22일 11시,금요일,충청남도 천안시 동남구 목천읍,경상사고,0,0,1,0,차대차 - 측면충돌,신호위반,건조,맑음,교차로 - 교차로안,화물,남,61세,상해없음,이륜,남,37세,경상
2022042200100209,2022년 4월 22일 12시,금요일,충청남도 아산시 배방읍,중상사고,0,3,0,0,차대차 - 측면충돌,차로위반,건조,맑음,단일로 - 기타,승용,남,59세,상해없음,승용,여,68세,중상
2022042200100235,2022년 4월 22일 13시,금요일,충청남도 아산시 송악면,경상사고,0,0,4,1,차대차 - 정면충돌,중앙선침범,건조,맑음,단일로 - 기타,승용,남,82세,부상신고,화물,남,48세,경상
2022042200100236,2022년 4월 22일 13시,금요일,충청남도 천안시 동남구 영성동,경상사고,0,0,1,0,차대차 - 측면충돌,중앙선침범,건조,맑음,단일로 - 기타,이륜,남,84세,상해없음,이륜,남,21세,경상
2022042200100263,2022년 4월 22일 14시,금요일,충청남도 홍성군 홍성읍,부상신고사고,0,0,0,1,차대사람 - 횡단중,안전운전불이행,건조,맑음,단일로 - 기타,승용,남,39세,부상신고,보행자,남,9세,상해없음
2022042200100264,2022년 4월 22일 14시,금요일,충청남도 홍성군 홍동면,중상사고,0,1,0,0,차량단독 - 기타,안전운전불이행,건조,맑음,단일로 - 기타,농기계,남,85세,중상,,,,
2022042200100265,2022년 4월 22일 14시,금요일,충청남도 서천군 한산면,중상사고,0,1,0,0,차대차 - 측면충돌,교차로운행방법위반,건조,맑음,교차로 - 교차로안,승용,여,53세,상해없음,자전거,남,71세,중상
2022042200100266,2022년 4월 22일 14시,금요일,충청남도 천안시 동남구 목천읍,경상사고,0,0,1,0,차대차 - 측면충돌,안전운전불이행,건조,맑음,단일로 - 기타,승용,남,59세,상해없음,승용,남,37세,경상
2022042200100303,2022년 4월 22일 15시,금요일,충청남도 천안시 서북구 불당동,경상사고,0,0,3,0,차대차 - 기타,안전운전불이행,건조,맑음,교차로 - 교차로부근,승용,남,31세,상해없음,화물,남,27세,경상
2022042200100304,2022년 4월 22일 15시,금요일,충청남도 아산시 음봉면,경상사고,0,0,1,0,차대차 - 측면충돌,신호위반,건조,맑음,교차로 - 교차로안,화물,남,43세,상해없음,화물,남,51세,경상
2022042200100305,2022년 4월 22일 15시,금요일,충청남도 아산시 온천동,경상사고,0,0,1,0,차대차 - 측면충돌,교차로운행방법위반,건조,맑음,교차로 - 교차로안,화물,남,34세,상해없음,화물,남,57세,경상
2022042200100340,2022년 4월 22일 16시,금요일,충청남도 당진시 석문면,경상사고,0,0,2,0,차대차 - 정면충돌,안전운전불이행,건조,맑음,단일로 - 기타,화물,남,79세,상해없음,승용,남,50세,경상
2022042200100341,2022년 4월 22일 16시,금요일,충청남도 천안시 동남구 구성동,경상사고,0,0,3,0,차대차 - 측면충돌,차로위반,건조,맑음,단일로 - 기타,승용,남,64세,경상,승용,남,59세,경상
2022042200100381,2022년 4월 22일 17시,금요일,충청남도 아산시 인주면,경상사고,0,0,1,0,차대차 - 측면충돌,안전운전불이행,건조,맑음,단일로 - 기타,화물,남,64세,상해없음,승용,남,32세,경상
2022042200100382,2022년 4월 22일 17시,금요일,충청남도 당진시 시곡동,경상사고,0,0,1,0,차대차 - 측면충돌,안전운전불이행,건조,맑음,단일로 - 기타,승용,남,73세,상해없음,승용,여,50세,경상
2022042200100432,2022년 4월 22일 18시,금요일,충청남도 아산시 모종동,경상사고,0,0,1,0,차대사람 - 횡단중,보행자보호의무위반,건조,맑음,교차로 - 교차로횡단보도내,기타불명,기타불명,미분류,기타불명,보행자,남,22세,경상
2022042200100479,2022년 4월 22일 19시,금요일,충청남도 논산시 벌곡면,경상사고,0,0,1,0,차대차 - 기타,안전거리미확보,건조,맑음,단일로 - 기타,승용,남,26세,상해없음,승용,남,27세,경상
2022042200100506,2022년 4월 22일 20시,금요일,충청남도 서천군 마서면,경상사고,0,0,1,0,차대차 - 추돌,안전운전불이행,젖음/습기,비,단일로 - 기타,승용,여,53세,상해없음,승용,여,35세,경상
2022042200100507,2022년 4월 22일 20시,금요일,충청남도 예산군 신암면,중상사고,0,1,0,0,차량단독 - 주/정차차량 충돌,안전운전불이행,건조,흐림,단일로 - 기타,이륜,남,33세,중상,,,,
2022042200100508,2022년 4월 22일 20시,금요일,충청남도 당진시 합덕읍,경상사고,0,0,2,0,차대차 - 측면충돌,교차로운행방법위반,건조,맑음,교차로 - 교차로안,승용,여,53세,상해없음,승용,남,57세,경상
2022042200100537,2022년 4월 22일 21시,금요일,충청남도 천안시 서북구 성거읍,경상사고,0,0,4,0,차대차 - 추돌,안전운전불이행,건조,맑음,교차로 - 교차로부근,승용,남,41세,상해없음,승용,여,45세,경상
2022042200100538,2022년 4월 22일 21시,금요일,충청남도 천안시 동남구 신부동,경상사고,0,0,1,0,차대차 - 정면충돌,안전운전불이행,건조,맑음,교차로 - 교차로안,승용,남,24세,상해없음,승용,남,29세,경상
2022042200100578,2022년 4월 22일 23시,금요일,충청남도 서천군 서천읍,경상사고,0,0,1,0,차대사람 - 기타,안전운전불이행,건조,맑음,단일로 - 기타,승용,여,54세,상해없음,보행자,남,22세,경상
2022042300100009,2022년 4월 23일 00시,토요일,충청남도 천안시 서북구 불당동,경상사고,0,0,1,0,차대차 - 추돌,기타,건조,맑음,교차로 - 교차로부근,승용,남,19세,상해없음,승용,여,39세,상해없음
2022042300100010,2022년 4월 23일 00시,토요일,충청남도 아산시 배방읍,중상사고,0,1,0,0,차대사람 - 횡단중,안전운전불이행,건조,맑음,교차로 - 교차로안,승용,남,67세,상해없음,보행자,남,22세,중상
2022042300100022,2022년 4월 23일 01시,토요일,충청남도 논산시 취암동,중상사고,0,1,0,0,차대차 - 측면충돌,신호위반,건조,맑음,교차로 - 교차로안,승용,여,23세,상해없음,승용,여,64세,중상
2022042300100023,2022년 4월 23일 01시,토요일,충청남도 아산시 배방읍,경상사고,0,0,1,0,차대차 - 측면충돌,차로위반,건조,맑음,단일로 - 기타,승용,남,60세,상해없음,승용,남,34세,경상
2022042300100048,2022년 4월 23일 04시,토요일,충청남도 예산군 오가면,경상사고,0,0,1,0,차량단독 - 전도전복 - 전도,안전운전불이행,건조,맑음,단일로 - 기타,승용,남,14세,경상,,,,
2022042300100057,2022년 4월 23일 05시,토요일,충청남도 예산군 예산읍,중상사고,0,1,1,0,차대차 - 기타,안전운전불이행,건조,맑음,기타 - 기타,승용,남,57세,중상,승용,여,25세,경상
2022042300100085,2022년 4월 23일 08시,토요일,충청남도 보령시 대천동,경상사고,0,0,1,0,차대사람 - 기타,안전운전불이행,건조,맑음,단일로 - 기타,승용,남,62세,상해없음,보행자,남,78세,경상
2022042300100098,2022년 4월 23일 09시,토요일,충청남도 서천군 마서면,경상사고,0,0,1,0,차대차 - 측면충돌,직진우회전진행방해,건조,맑음,교차로 - 교차로안,건설기계,남,64세,상해없음,승용,남,84세,경상
2022042300100099,2022년 4월 23일 09시,토요일,충청남도 태안군 안면읍,경상사고,0,0,1,0,차대차 - 기타,중앙선침범,건조,흐림,단일로 - 기타,승용,남,63세,상해없음,이륜,남,73세,경상
2022042300100130,2022년 4월 23일 10시,토요일,충청남도 서산시 동문동,경상사고,0,0,1,0,차대사람 - 횡단중,보행자보호의무위반,건조,맑음,교차로 - 교차로안,승용,남,52세,상해없음,보행자,여,57세,경상
2022042300100192,2022년 4월 23일 12시,토요일,충청남도 아산시 인주면,경상사고,0,0,1,0,차대차 - 측면충돌,기타,건조,맑음,교차로 - 교차로안,승용,남,48세,상해없음,승용,남,45세,경상
2022042300100222,2022년 4월 23일 13시,토요일,충청남도 공주시 신관동,경상사고,0,0,7,0,차대차 - 정면충돌,안전운전불이행,건조,맑음,단일로 - 기타,승용,남,54세,상해없음,원동기,남,27세,경상
2022042300100264,2022년 4월 23일 14시,토요일,충청남도 당진시 합덕읍,중상사고,0,1,0,0,차대사람 - 기타,안전운전불이행,건조,맑음,단일로 - 기타,승용,여,61세,기타불명,보행자,남,3세,중상
2022042300100265,2022년 4월 23일 14시,토요일,충청남도 천안시 동남구 유량동,경상사고,0,0,2,0,차대차 - 추돌,안전운전불이행,건조,맑음,단일로 - 기타,승용,남,20세,상해없음,승용,남,23세,경상
2022042300100342,2022년 4월 23일 16시,토요일,충청남도 태안군 안면읍,부상신고사고,0,0,0,3,차대차 - 측면충돌,신호위반,건조,맑음,단일로 - 기타,승용,남,68세,상해없음,승용,남,38세,부상신고
2022042300100378,2022년 4월 23일 17시,토요일,충청남도 홍성군 광천읍,경상사고,0,0,1,0,차대차 - 기타,안전운전불이행,건조,맑음,교차로 - 교차로부근,화물,남,49세,상해없음,승용,남,38세,경상
2022042300100379,2022년 4월 23일 17시,토요일,충청남도 태안군 남면,중상사고,0,1,1,0,차대차 - 기타,교차로운행방법위반,건조,맑음,교차로 - 교차로안,화물,여,58세,중상,특수,남,37세,경상
2022042300100458,2022년 4월 23일 19시,토요일,충청남도 청양군 남양면,중상사고,0,1,0,0,차대차 - 추돌,안전운전불이행,건조,맑음,단일로 - 기타,화물,남,65세,상해없음,농기계,남,84세,상해없음
2022042300100518,2022년 4월 23일 21시,토요일,충청남도 서산시 대산읍,중상사고,0,1,0,0,차량단독 - 전도전복 - 전도,안전운전불이행,건조,맑음,단일로 - 기타,이륜,남,48세,중상,,,,
2022042300100519,2022년 4월 23일 21시,토요일,충청남도 논산시 반월동,중상사고,0,1,3,0,차대차 - 측면충돌,중앙선침범,건조,맑음,단일로 - 기타,승합,남,52세,경상,이륜,남,33세,중상
2022042300100520,2022년 4월 23일 21시,토요일,충청남도 아산시 용화동,중상사고,0,1,0,0,차대사람 - 횡단중,기타,건조,맑음,교차로 - 교차로부근,승용,남,55세,상해없음,보행자,여,57세,중상
2022042300100537,2022년 4월 23일 22시,토요일,충청남도 천안시 서북구 두정동,경상사고,0,0,1,0,차대사람 - 기타,안전운전불이행,건조,맑음,단일로 - 기타,승용,남,35세,상해없음,보행자,남,64세,경상
2022042400100026,2022년 4월 24일 01시,일요일,충청남도 예산군 예산읍,경상사고,0,0,5,0,차대차 - 측면충돌,안전운전불이행,건조,맑음,단일로 - 기타,승용,남,49세,상해없음,승용,남,23세,경상
2022042400100057,2022년 4월 24일 05시,일요일,충청남도 천안시 동남구 신부동,경상사고,0,0,1,0,차량단독 - 기타,안전운전불이행,건조,맑음,단일로 - 고가도로위,승용,남,44세,경상,,,,
2022042400100063,2022년 4월 24일 06시,일요일,충청남도 천안시 서북구 성거읍,경상사고,0,0,1,0,차대차 - 기타,신호위반,건조,맑음,교차로 - 교차로안,승용,남,64세,상해없음,자전거,여,40세,경상
2022042400100131,2022년 4월 24일 11시,일요일,충청남도 태안군 안면읍,중상사고,0,1,2,0,차대차 - 추돌,안전운전불이행,건조,맑음,단일로 - 기타,특수,남,34세,상해없음,화물,남,61세,중상
2022042400100155,2022년 4월 24일 12시,일요일,충청남도 천안시 서북구 성정동,경상사고,0,0,1,0,차대사람 - 횡단중,안전운전불이행,건조,맑음,단일로 - 기타,승용,남,31세,상해없음,보행자,남,30세,경상
2022042400100156,2022년 4월 24일 12시,일요일,충청남도 홍성군 은하면,중상사고,0,1,0,0,차대차 - 측면충돌,안전운전불이행,건조,맑음,단일로 - 기타,화물,남,59세,상해없음,이륜,남,41세,중상
2022042400100157,2022년 4월 24일 12시,일요일,충청남도 천안시 동남구 봉명동,경상사고,0,0,1,0,차대차 - 추돌,안전운전불이행,건조,맑음,교차로 - 교차로안,승용,남,15세,기타불명,승용,여,64세,경상
2022042400100181,2022년 4월 24일 13시,일요일,충청남도 천안시 서북구 백석동,경상사고,0,0,1,0,차대차 - 측면충돌,안전거리미확보,건조,맑음,단일로 - 기타,승용,여,54세,상해없음,승용,남,67세,경상
2022042400100311,2022년 4월 24일 17시,일요일,충청남도 서산시 동문동,경상사고,0,0,2,0,차대차 - 기타,안전운전불이행,건조,맑음,교차로 - 교차로부근,승용,남,62세,상해없음,승용,남,66세,경상
2022042400100312,2022년 4월 24일 17시,일요일,충청남도 아산시 온천동,경상사고,0,0,2,0,차대사람 - 횡단중,보행자보호의무위반,건조,맑음,교차로 - 교차로안,승용,남,47세,상해없음,보행자,남,48세,경상
2022042400100313,2022년 4월 24일 17시,일요일,충청남도 태안군 근흥면,경상사고,0,0,2,0,차대차 - 기타,직진우회전진행방해,건조,맑음,교차로 - 교차로안,승합,남,63세,상해없음,승용,남,48세,경상
2022042400100342,2022년 4월 24일 18시,일요일,충청남도 서천군 서천읍,경상사고,0,0,2,0,차대차 - 후진중충돌,안전운전불이행,건조,맑음,교차로 - 교차로부근,승용,남,55세,상해없음,승용,여,40세,경상
2022042400100360,2022년 4월 24일 19시,일요일,충청남도 천안시 서북구 불당동,경상사고,0,0,1,0,차대차 - 추돌,안전운전불이행,건조,맑음,교차로 - 교차로부근,승용,남,39세,기타불명,이륜,남,61세,경상
2022042400100361,2022년 4월 24일 19시,일요일,충청남도 천안시 서북구 불당동,중상사고,0,1,0,0,차대사람 - 기타,기타,건조,맑음,단일로 - 기타,개인형이동수단(PM),여,15세,상해없음,보행자,여,70세,중상
2022042400100362,2022년 4월 24일 19시,일요일,충청남도 아산시 풍기동,경상사고,0,0,1,0,차대사람 - 기타,신호위반,건조,맑음,단일로 - 기타,승용,남,52세,상해없음,보행자,여,21세,경상
2022042400100363,2022년 4월 24일 19시,일요일,충청남도 공주시 우성면,사망사고,1,0,0,0,차대차 - 추돌,기타,건조,맑음,단일로 - 기타,승용,남,63세,상해없음,농기계,남,70세,사망
2022042400100364,2022년 4월 24일 19시,일요일,충청남도 금산군 추부면,중상사고,0,1,0,0,차대사람 - 보도통행중,기타,건조,맑음,기타 - 기타,승용,남,57세,상해없음,보행자,여,61세,중상
2022042400100390,2022년 4월 24일 20시,일요일,충청남도 천안시 서북구 쌍용동,경상사고,0,0,2,0,차대차 - 후진중충돌,안전운전불이행,건조,맑음,단일로 - 기타,승용,여,35세,상해없음,승용,여,40세,경상
2022042400100391,2022년 4월 24일 20시,일요일,충청남도 천안시 동남구 청당동,경상사고,0,0,3,0,차대차 - 측면충돌,안전운전불이행,건조,맑음,교차로 - 교차로부근,승용,남,43세,기타불명,승용,여,29세,경상
2022042400100431,2022년 4월 24일 22시,일요일,충청남도 서산시 잠홍동,경상사고,0,0,4,0,차대차 - 추돌,안전운전불이행,건조,맑음,교차로 - 교차로안,승용,남,29세,상해없음,승용,남,26세,경상