사고번호,사고일시,요일,시군구,사고내용,사망자수,중상자수,경상자수,부상신고자수,사고유형,법규위반,노면상태,기상상태,도로형태,가해운전자 차종,가해운전자 성별,가해운전자 연령,가해운전자 상해정도,피해운전자 차종,피해운전자 성별,피해운전자 연령,피해운전자 상해정도
2022042900100312,2022년 4월 29일 13시,금요일,충청남도 아산시 방축동,경상사고,0,0,2,0,차대차 - 기타,안전운전불이행,건조,맑음,교차로 - 교차로안,승용,남,32세,상해없음,승용,남,28세,경상
2022042900100346,2022년 4월 29일 14시,금요일,충청남도 천안시 서북구 직산읍,경상사고,0,0,1,0,차대차 - 기타,신호위반,건조,맑음,교차로 - 교차로안,화물,남,70세,상해없음,화물,남,73세,상해없음
2022042900100347,2022년 4월 29일 14시,금요일,충청남도 천안시 서북구 성환읍,경상사고,0,0,2,0,차대차 - 기타,교차로운행방법위반,건조,맑음,교차로 - 교차로안,원동기,남,46세,경상,이륜,남,67세,경상
2022042900100348,2022년 4월 29일 14시,금요일,충청남도 청양군 목면,경상사고,0,0,1,0,차대차 - 측면충돌,기타,건조,맑음,단일로 - 기타,화물,남,58세,상해없음,화물,남,57세,경상
2022042900100417,2022년 4월 29일 16시,금요일,충청남도 논산시 연무읍,중상사고,0,2,0,0,차대차 - 측면충돌,교차로운행방법위반,건조,맑음,교차로 - 교차로안,승용,남,19세,기타불명,승용,여,61세,중상
2022042900100418,2022년 4월 29일 16시,금요일,충청남도 아산시 배방읍,중상사고,0,1,0,0,차대차 - 기타,신호위반,건조,맑음,교차로 - 교차로안,승합,남,58세,상해없음,이륜,남,27세,중상
2022042900100419,2022년 4월 29일 16시,금요일,충청남도 보령시 동대동,경상사고,0,0,2,0,차대차 - 기타,직진우회전진행방해,건조,맑음,교차로 - 교차로안,승용,여,60세,상해없음,승용,여,34세,경상
2022042900100448,2022년 4월 29일 17시,금요일,충청남도 천안시 서북구 성정동,경상사고,0,0,2,3,차대차 - 측면충돌,교차로운행방법위반,건조,맑음,교차로 - 교차로안,이륜,남,37세,부상신고,승용,여,44세,경상
2022042900100449,2022년 4월 29일 17시,금요일,충청남도 천안시 서북구 백석동,경상사고,0,0,1,0,차대차 - 측면충돌,안전운전불이행,건조,맑음,단일로 - 기타,승용,여,27세,상해없음,승용,남,33세,경상
2022042900100498,2022년 4월 29일 18시,금요일,충청남도 홍성군 홍성읍,경상사고,0,0,1,0,차대차 - 측면충돌,신호위반,건조,맑음,교차로 - 교차로안,승합,여,58세,상해없음,승용,남,65세,경상
2022042900100642,2022년 4월 29일 23시,금요일,충청남도 아산시 배방읍,경상사고,0,0,2,0,차대차 - 기타,안전운전불이행,건조,맑음,기타 - 기타,승용,남,56세,상해없음,승용,남,41세,경상
2022042900100643,2022년 4월 29일 23시,금요일,충청남도 천안시 동남구 다가동,부상신고사고,0,0,0,1,차량단독 - 기타,안전운전불이행,건조,맑음,단일로 - 기타,승합,남,35세,상해없음,,,,
2022043000100053,2022년 4월 30일 05시,토요일,충청남도 서산시 동문동,경상사고,0,0,2,0,차대차 - 측면충돌,신호위반,건조,맑음,교차로 - 교차로안,승용,여,56세,상해없음,화물,남,27세,경상
2022043000100059,2022년 4월 30일 06시,토요일,충청남도 아산시 온천동,경상사고,0,0,1,0,차대사람 - 보도통행중,기타,건조,맑음,교차로 - 교차로안,화물,남,66세,상해없음,보행자,남,43세,경상
2022043000100087,2022년 4월 30일 08시,토요일,충청남도 예산군 예산읍,중상사고,0,1,0,0,차대사람 - 횡단중,안전운전불이행,건조,맑음,단일로 - 기타,승용,여,44세,상해없음,보행자,남,70세,중상
2022043000100102,2022년 4월 30일 09시,토요일,충청남도 천안시 서북구 성정동,경상사고,0,0,1,0,차대사람 - 기타,보행자보호의무위반,건조,맑음,교차로 - 교차로횡단보도내,이륜,남,39세,상해없음,보행자,남,47세,경상
2022043000100103,2022년 4월 30일 09시,토요일,충청남도 아산시 배방읍,부상신고사고,0,0,0,1,차대차 - 측면충돌,안전운전불이행,건조,맑음,교차로 - 교차로부근,자전거,남,39세,부상신고,승용,남,58세,상해없음
2022043000100104,2022년 4월 30일 09시,토요일,충청남도 서천군 서천읍,경상사고,0,0,1,0,차대사람 - 기타,안전운전불이행,건조,맑음,단일로 - 기타,승용,남,53세,상해없음,보행자,남,34세,경상
2022043000100192,2022년 4월 30일 12시,토요일,충청남도 천안시 동남구 신방동,경상사고,0,0,1,0,차대차 - 측면충돌,교차로운행방법위반,건조,맑음,교차로 - 교차로안,승용,남,48세,상해없음,승용,여,25세,경상
2022043000100193,2022년 4월 30일 12시,토요일,충청남도 태안군 근흥면,경상사고,0,0,2,0,차대차 - 측면충돌,중앙선침범,건조,맑음,단일로 - 기타,승용,여,52세,상해없음,승용,남,67세,경상
2022043000100241,2022년 4월 30일 13시,토요일,충청남도 논산시 연무읍,사망사고,1,0,1,0,차대차 - 추돌,안전운전불이행,건조,맑음,교차로 - 교차로부근,승용,여,62세,사망,승용,남,35세,경상
2022043000100242,2022년 4월 30일 13시,토요일,충청남도 천안시 동남구 광덕면,중상사고,0,1,0,0,차대차 - 측면충돌,직진우회전진행방해,건조,맑음,교차로 - 교차로안,승용,남,55세,상해없음,이륜,남,57세,중상
2022043000100286,2022년 4월 30일 14시,토요일,충청남도 천안시 서북구 쌍용동,경상사고,0,0,1,0,차대차 - 추돌,안전운전불이행,건조,맑음,교차로 - 교차로부근,화물,남,52세,상해없음,승용,여,62세,경상
2022043000100287,2022년 4월 30일 14시,토요일,충청남도 아산시 방축동,부상신고사고,0,0,0,2,차대사람 - 기타,보행자보호의무위반,건조,맑음,교차로 - 교차로안,승용,남,20세,상해없음,보행자,여,29세,부상신고
2022043000100288,2022년 4월 30일 14시,토요일,충청남도 당진시 송산면,중상사고,0,1,0,0,차대차 - 측면충돌,중앙선침범,건조,맑음,단일로 - 기타,승합,남,58세,상해없음,이륜,남,84세,중상
2022043000100312,2022년 4월 30일 15시,토요일,충청남도 아산시 배미동,중상사고,0,1,0,0,차대차 - 기타,안전운전불이행,건조,맑음,교차로 - 교차로안,승용,남,24세,상해없음,이륜,남,17세,중상
2022043000100352,2022년 4월 30일 16시,토요일,충청남도 보령시 대천동,경상사고,0,0,1,0,차대차 - 측면충돌,직진우회전진행방해,건조,맑음,교차로 - 교차로안,승용,남,76세,상해없음,승용,남,39세,경상
2022043000100353,2022년 4월 30일 16시,토요일,충청남도 보령시 웅천읍,경상사고,0,0,1,0,차대차 - 후진중충돌,안전운전불이행,건조,맑음,교차로 - 교차로안,화물,남,70세,상해없음,화물,여,46세,경상
2022043000100386,2022년 4월 30일 17시,토요일,충청남도 서산시 석남동,경상사고,0,0,1,0,차대차 - 추돌,안전운전불이행,건조,맑음,교차로 - 교차로부근,승용,남,52세,상해없음,승용,여,29세,경상
2022043000100421,2022년 4월 30일 18시,토요일,충청남도 천안시 서북구 백석동,경상사고,0,0,2,0,차대차 - 추돌,안전운전불이행,건조,맑음,교차로 - 교차로부근,승용,남,29세,상해없음,승합,남,46세,경상
2022043000100478,2022년 4월 30일 20시,토요일,충청남도 천안시 서북구 불당동,경상사고,0,0,1,0,차대차 - 측면충돌,안전거리미확보,건조,맑음,단일로 - 기타,승용,남,24세,상해없음,승용,남,20세,경상
2022043000100479,2022년 4월 30일 20시,토요일,충청남도 아산시 배방읍,경상사고,0,0,1,0,차대차 - 추돌,안전운전불이행,건조,맑음,주차장 - 주차장,승용,남,31세,상해없음,승용,여,54세,경상
2022043000100501,2022년 4월 30일 21시,토요일,충청남도 천안시 서북구 쌍용동,경상사고,0,0,1,0,차대차 - 측면충돌,안전운전불이행,건조,맑음,교차로 - 교차로안,승용,남,50세,상해없음,승용,여,51세,경상
2022043000100502,2022년 4월 30일 21시,토요일,충청남도 예산군 예산읍,중상사고,0,1,1,0,차대차 - 추돌,안전운전불이행,건조,맑음,단일로 - 터널,화물,남,74세,중상,건설기계,남,40세,상해없음
2022043000100548,2022년 4월 30일 23시,토요일,충청남도 천안시 서북구 두정동,중상사고,0,1,0,0,차대차 - 측면충돌,안전운전불이행,건조,맑음,교차로 - 교차로횡단보도내,승용,남,26세,상해없음,이륜,남,26세,중상
2022043000100549,2022년 4월 30일 23시,토요일,충청남도 태안군 안면읍,중상사고,0,2,0,0,차대차 - 기타,안전운전불이행,건조,맑음,교차로 - 교차로안,화물,남,53세,상해없음,승용,남,33세,중상
2022050100100010,2022년 5월 1일 00시,일요일,충청남도 천안시 서북구 성거읍,중상사고,0,1,1,0,차대차 - 측면충돌,신호위반,건조,맑음,교차로 - 교차로안,승용,남,16세,경상,승용,남,29세,상해없음
2022050100100011,2022년 5월 1일 00시,일요일,충청남도 예산군 응봉면,중상사고,0,1,2,1,차량단독 - 전도전복 - 전복,안전운전불이행,건조,맑음,단일로 - 기타,승용,남,22세,경상,,,,
2022050100100073,2022년 5월 1일 08시,일요일,충청남도 천안시 서북구 직산읍,부상신고사고,0,0,0,1,차대차 - 측면충돌,안전운전불이행,건조,맑음,교차로 - 교차로안,승용,남,68세,상해없음,승용,남,49세,상해없음
2022050100100074,2022년 5월 1일 08시,일요일,충청남도 태안군 태안읍,경상사고,0,0,1,0,차대사람 - 차도통행중,안전운전불이행,건조,맑음,교차로 - 교차로안,승용,남,64세,상해없음,보행자,여,83세,경상
2022050100100095,2022년 5월 1일 09시,일요일,충청남도 아산시 장존동,경상사고,0,0,2,0,차대차 - 기타,안전운전불이행,건조,맑음,교차로 - 교차로부근,승용,남,62세,상해없음,승합,남,55세,경상
2022050100100122,2022년 5월 1일 10시,일요일,충청남도 보령시 동대동,경상사고,0,0,3,0,차대차 - 측면충돌,안전운전불이행,건조,맑음,교차로 - 교차로안,화물,남,49세,상해없음,승용,여,41세,경상
2022050100100197,2022년 5월 1일 13시,일요일,충청남도 천안시 서북구 불당동,경상사고,0,0,1,0,차대차 - 기타,신호위반,건조,맑음,교차로 - 교차로안,승용,여,33세,상해없음,승용,남,23세,경상
2022050100100198,2022년 5월 1일 13시,일요일,충청남도 천안시 서북구 성환읍,중상사고,0,1,0,0,차대차 - 기타,안전거리미확보,건조,맑음,단일로 - 기타,승용,남,29세,상해없음,자전거,남,13세,중상
2022050100100199,2022년 5월 1일 13시,일요일,충청남도 아산시 온천동,경상사고,0,0,1,0,차대차 - 측면충돌,안전운전불이행,건조,맑음,교차로 - 교차로부근,승용,남,67세,상해없음,이륜,남,49세,경상
2022050100100226,2022년 5월 1일 14시,일요일,충청남도 태안군 남면,경상사고,0,0,3,0,차대차 - 추돌,신호위반,건조,맑음,교차로 - 교차로안,승용,남,42세,상해없음,승용,남,30세,경상
2022050100100254,2022년 5월 1일 15시,일요일,충청남도 당진시 신평면,경상사고,0,0,6,0,차대차 - 기타,불법유턴,건조,맑음,단일로 - 기타,승용,남,61세,기타불명,승용,여,32세,경상
2022050100100255,2022년 5월 1일 15시,일요일,충청남도 태안군 안면읍,부상신고사고,0,0,0,2,차대차 - 기타,직진우회전진행방해,건조,맑음,주차장 - 주차장,승용,남,26세,상해없음,승용,남,29세,부상신고
2022050100100295,2022년 5월 1일 16시,일요일,충청남도 아산시 온천동,중상사고,0,1,0,0,차대사람 - 기타,안전운전불이행,건조,맑음,기타 - 기타,개인형이동수단(PM),남,9세,상해없음,보행자,남,92세,중상
2022050100100296,2022년 5월 1일 16시,일요일,충청남도 예산군 예산읍,경상사고,0,0,1,0,차대차 - 후진중충돌,안전운전불이행,건조,맑음,교차로 - 교차로부근,승용,남,57세,상해없음,이륜,남,22세,경상
2022050100100297,2022년 5월 1일 16시,일요일,충청남도 당진시 송악읍,경상사고,0,0,3,0,차대차 - 추돌,안전운전불이행,건조,맑음,단일로 - 기타,승용,남,47세,상해없음,승용,여,54세,경상
2022050100100409,2022년 5월 1일 20시,일요일,충청남도 천안시 서북구 성정동,경상사고,0,0,2,0,차대차 - 측면충돌,직진우회전진행방해,건조,맑음,교차로 - 교차로안,이륜,남,53세,경상,이륜,남,16세,경상
2022050100100410,2022년 5월 1일 20시,일요일,충청남도 청양군 비봉면,경상사고,0,0,1,0,차량단독 - 기타,안전운전불이행,건조,맑음,단일로 - 기타,이륜,남,63세,경상,,,,
2022050100100428,2022년 5월 1일 21시,일요일,충청남도 천안시 서북구 성정동,중상사고,0,1,0,0,차대사람 - 기타,안전운전불이행,건조,맑음,단일로 - 기타,승용,남,34세,상해없음,보행자,남,61세,중상
2022050100100444,2022년 5월 1일 22시,일요일,충청남도 서산시 읍내동,경상사고,0,0,5,0,차대차 - 기타,안전운전불이행,건조,맑음,교차로 - 교차로안,승용,남,28세,상해없음,승용,남,51세,경상
2022050100100460,2022년 5월 1일 23시,일요일,충청남도 아산시 둔포면,경상사고,0,0,2,0,차대차 - 기타,안전운전불이행,건조,맑음,단일로 - 기타,승용,남,22세,상해없음,승용,남,33세,경상
2022050200100007,2022년 5월 2일 00시,월요일,충청남도 서산시 잠홍동,부상신고사고,0,0,0,3,차대차 - 추돌,안전운전불이행,건조,맑음,교차로 - 교차로부근,승용,남,26세,상해없음,승용,남,50세,부상신고
2022050200100061,2022년 5월 2일 07시,월요일,충청남도 천안시 서북구 성거읍,경상사고,0,0,1,0,차대차 - 측면충돌,직진우회전진행방해,건조,맑음,교차로 - 교차로안,승용,남,33세,상해없음,승용,남,38세,경상
2022050200100062,2022년 5월 2일 07시,월요일,충청남도 아산시 둔포면,경상사고,0,0,1,0,차대차 - 추돌,안전운전불이행,건조,맑음,기타 - 기타,승용,남,33세,상해없음,승용,남,38세,경상
2022050200100063,2022년 5월 2일 07시,월요일,충청남도 천안시 동남구 목천읍,중상사고,0,1,0,0,차대차 - 정면충돌,신호위반,건조,맑음,교차로 - 교차로안,승용,남,28세,상해없음,승용,여,53세,중상
2022050200100101,2022년 5월 2일 08시,월요일,충청남도 공주시 중동,중상사고,0,1,0,0,차대사람 - 횡단중,보행자보호의무위반,건조,맑음,단일로 - 기타,승용,여,37세,상해없음,보행자,남,13세,중상
2022050200100137,2022년 5월 2일 09시,월요일,충청남도 서산시 동문동,중상사고,0,1,0,0,차대사람 - 차도통행중,안전운전불이행,건조,맑음,교차로 - 교차로안,승용,남,41세,상해없음,보행자,여,49세,중상
2022050200100138,2022년 5월 2일 09시,월요일,충청남도 아산시 배방읍,중상사고,0,1,1,0,차대사람 - 차도통행중,안전운전불이행,건조,맑음,단일로 - 기타,이륜,남,73세,경상,보행자,여,66세,중상
2022050200100139,2022년 5월 2일 09시,월요일,충청남도 천안시 동남구 수신면,경상사고,0,0,1,1,차대차 - 추돌,안전운전불이행,건조,맑음,단일로 - 기타,승용,여,33세,부상신고,승용,남,56세,경상
2022050200100175,2022년 5월 2일 10시,월요일,충청남도 천안시 서북구 백석동,경상사고,0,0,1,0,차대차 - 기타,안전거리미확보,건조,맑음,단일로 - 기타,승용,여,36세,경상,화물,남,60세,상해없음
2022050200100176,2022년 5월 2일 10시,월요일,충청남도 홍성군 광천읍,경상사고,0,0,1,0,차대차 - 측면충돌,안전운전불이행,건조,맑음,교차로 - 교차로안,승용,남,74세,상해없음,화물,남,60세,경상
2022050200100177,2022년 5월 2일 10시,월요일,충청남도 아산시 온천동,경상사고,0,0,1,0,차대차 - 측면충돌,안전운전불이행,건조,맑음,교차로 - 교차로안,승용,남,69세,상해없음,승용,남,26세,경상
2022050200100276,2022년 5월 2일 13시,월요일,충청남도 천안시 서북구 성정동,경상사고,0,0,1,0,차대차 - 기타,기타,건조,맑음,교차로 - 교차로안,화물,남,45세,상해없음,자전거,남,9세,경상
2022050200100300,2022년 5월 2일 14시,월요일,충청남도 서산시 팔봉면,중상사고,0,1,2,0,차대차 - 추돌,안전거리미확보,건조,맑음,단일로 - 기타,승용,여,63세,상해없음,승용,여,48세,중상
2022050200100344,2022년 5월 2일 15시,월요일,충청남도 홍성군 홍성읍,경상사고,0,0,1,0,차대사람 - 횡단중,보행자보호의무위반,건조,맑음,기타 - 기타,승합,남,60세,상해없음,보행자,여,72세,경상
2022050200100387,2022년 5월 2일 16시,월요일,충청남도 당진시 읍내동,경상사고,0,0,1,0,차대차 - 추돌,안전운전불이행,건조,맑음,단일로 - 기타,승용,여,54세,상해없음,승용,여,49세,경상
2022050200100388,2022년 5월 2일 16시,월요일,충청남도 공주시 우성면,경상사고,0,0,1,0,차대차 - 기타,신호위반,건조,맑음,단일로 - 기타,화물,남,69세,상해없음,승합,남,54세,경상
2022050200100437,2022년 5월 2일 17시,월요일,충청남도 홍성군 은하면,중상사고,0,1,0,0,차대차 - 추돌,안전운전불이행,건조,맑음,단일로 - 기타,승용,남,59세,상해없음,자전거,여,76세,중상
2022050200100438,2022년 5월 2일 17시,월요일,충청남도 아산시 모종동,경상사고,0,0,2,0,차대차 - 정면충돌,안전운전불이행,건조,맑음,교차로 - 교차로안,승용,남,33세,경상,이륜,남,19세,경상
2022050200100478,2022년 5월 2일 18시,월요일,충청남도 아산시 도고면,경상사고,0,0,1,0,차대차 - 기타,안전운전불이행,건조,맑음,교차로 - 교차로부근,승용,여,62세,상해없음,승용,여,31세,경상
2022050200100509,2022년 5월 2일 19시,월요일,충청남도 서산시 동문동,경상사고,0,0,1,0,차대차 - 기타,안전운전불이행,건조,맑음,교차로 - 교차로안,승용,남,31세,상해없음,자전거,남,13세,경상
2022050200100542,2022년 5월 2일 20시,월요일,충청남도 공주시 반포면,중상사고,0,1,1,0,차대차 - 정면충돌,중앙선침범,건조,흐림,단일로 - 기타,승용,남,25세,상해없음,승용,남,52세,중상
2022050200100568,2022년 5월 2일 21시,월요일,충청남도 천안시 서북구 성정동,경상사고,0,0,1,0,차대사람 - 기타,안전운전불이행,건조,맑음,주차장 - 주차장,승용,남,37세,상해없음,보행자,남,24세,경상
2022050200100569,2022년 5월 2일 21시,월요일,충청남도 부여군 부여읍,경상사고,0,0,1,0,차대차 - 정면충돌,중앙선침범,건조,맑음,단일로 - 기타,승용,남,54세,상해없음,승용,남,58세,경상
2022050200100599,2022년 5월 2일 22시,월요일,충청남도 천안시 서북구 성정동,경상사고,0,0,1,0,차대차 - 기타,교차로운행방법위반,건조,맑음,교차로 - 교차로안,승용,남,30세,상해없음,화물,남,55세,경상
2022050200100600,2022년 5월 2일 22시,월요일,충청남도 천안시 서북구 성정동,중상사고,0,1,0,0,차대차 - 기타,신호위반,건조,맑음,교차로 - 교차로안,승용,남,24세,상해없음,이륜,남,36세,중상
2022050300100024,2022년 5월 3일 04시,화요일,충청남도 홍성군 홍성읍,중상사고,0,1,0,0,차대사람 - 횡단중,안전운전불이행,건조,맑음,단일로 - 기타,화물,남,55세,상해없음,보행자,여,55세,중상
2022050300100031,2022년 5월 3일 05시,화요일,충청남도 보령시 대천동,중상사고,0,1,0,0,차대사람 - 횡단중,보행자보호의무위반,건조,기타,교차로 - 교차로횡단보도내,승용,여,57세,상해없음,보행자,여,39세,중상
2022050300100041,2022년 5월 3일 06시,화요일,충청남도 천안시 서북구 백석동,경상사고,0,0,1,0,차대차 - 기타,안전운전불이행,건조,맑음,단일로 - 기타,화물,남,48세,상해없음,승용,남,45세,경상
2022050300100063,2022년 5월 3일 07시,화요일,충청남도 천안시 서북구 두정동,경상사고,0,0,2,0,차대차 - 측면충돌,기타,건조,맑음,교차로 - 교차로안,승용,여,29세,경상,승용,남,49세,경상
2022050300100065,2022년 5월 3일 07시,화요일,충청남도 서천군 판교면,경상사고,0,0,1,0,차량단독 - 공작물충돌,안전운전불이행,건조,맑음,단일로 - 기타,화물,남,53세,경상,,,,
2022050300100091,2022년 5월 3일 08시,화요일,충청남도 예산군 예산읍,중상사고,0,1,1,0,차대차 - 추돌,안전운전불이행,건조,맑음,교차로 - 교차로부근,화물,남,49세,상해없음,화물,남,35세,중상
2022050300100144,2022년 5월 3일 09시,화요일,충청남도 아산시 음봉면,경상사고,0,0,2,0,차대차 - 추돌,안전운전불이행,건조,맑음,단일로 - 기타,승용,남,41세,상해없음,승용,남,31세,경상
2022050300100145,2022년 5월 3일 09시,화요일,충청남도 천안시 동남구 병천면,경상사고,0,0,1,0,차대차 - 측면충돌,교차로운행방법위반,건조,맑음,교차로 - 교차로부근,농기계,남,71세,상해없음,승용,남,37세,경상
2022050300100170,2022년 5월 3일 10시,화요일,충청남도 청양군 청양읍,중상사고,0,2,0,0,차대차 - 추돌,안전운전불이행,건조,맑음,단일로 - 기타,승용,여,62세,상해없음,농기계,남,59세,상해없음
2022050300100171,2022년 5월 3일 10시,화요일,충청남도 천안시 동남구 원성동,경상사고,0,0,1,0,차대차 - 추돌,안전거리미확보,건조,맑음,단일로 - 기타,승용,남,38세,상해없음,승용,여,58세,경상
2022050300100209,2022년 5월 3일 11시,화요일,충청남도 아산시 인주면,중상사고,0,1,0,0,차대차 - 추돌,안전운전불이행,건조,맑음,단일로 - 기타,화물,남,38세,상해없음,화물,여,42세,중상
2022050300100210,2022년 5월 3일 11시,화요일,충청남도 보령시 남포면,경상사고,0,0,2,0,차대차 - 추돌,안전운전불이행,건조,맑음,교차로 - 교차로부근,화물,남,59세,상해없음,승용,남,79세,경상
2022050300100211,2022년 5월 3일 11시,화요일,충청남도 금산군 진산면,경상사고,0,0,1,0,차대차 - 기타,안전운전불이행,건조,맑음,교차로 - 교차로부근,승용,남,75세,상해없음,이륜,남,88세,경상
2022050300100245,2022년 5월 3일 12시,화요일,충청남도 서산시 운산면,중상사고,0,1,0,0,차대사람 - 기타,안전운전불이행,건조,맑음,단일로 - 기타,승용,여,64세,상해없음,보행자,남,65세,중상
2022050300100274,2022년 5월 3일 13시,화요일,충청남도 천안시 서북구 백석동,경상사고,0,0,1,0,차대차 - 측면충돌,안전거리미확보,건조,맑음,단일로 - 기타,승용,여,24세,상해없음,승용,남,40세,경상
2022050300100305,2022년 5월 3일 14시,화요일,충청남도 보령시 동대동,부상신고사고,0,0,0,1,차대차 - 측면충돌,중앙선침범,건조,맑음,교차로 - 교차로안,승용,여,30세,상해없음,승용,남,32세,부상신고
2022050300100306,2022년 5월 3일 14시,화요일,충청남도 보령시 내항동,중상사고,0,2,0,0,차대차 - 추돌,안전운전불이행,건조,맑음,단일로 - 기타,승용,남,31세,상해없음,농기계,남,83세,중상
2022050300100307,2022년 5월 3일 14시,화요일,충청남도 천안시 동남구 신부동,경상사고,0,0,2,0,차대차 - 추돌,안전거리미확보,건조,맑음,단일로 - 기타,특수,남,64세,상해없음,승용,여,35세,경상
2022050300100308,2022년 5월 3일 14시,화요일,충청남도 태안군 태안읍,부상신고사고,0,0,0,1,차대사람 - 기타,안전운전불이행,건조,맑음,단일로 - 기타,승용,남,72세,상해없음,보행자,남,80세,부상신고
2022050300100345,2022년 5월 3일 15시,화요일,충청남도 서산시 석남동,경상사고,0,0,1,0,차대차 - 측면충돌,교차로운행방법위반,건조,맑음,교차로 - 교차로안,승용,남,62세,상해없음,승용,남,37세,경상
2022050300100346,2022년 5월 3일 15시,화요일,충청남도 천안시 서북구 성거읍,중상사고,0,3,0,0,차량단독 - 공작물충돌,안전운전불이행,건조,맑음,교차로 - 교차로안,승용,여,59세,상해없음,,,,
2022050300100347,2022년 5월 3일 15시,화요일,충청남도 예산군 예산읍,경상사고,0,0,1,0,차대사람 - 횡단중,안전운전불이행,건조,맑음,교차로 - 교차로부근,화물,남,59세,상해없음,보행자,여,66세,경상
2022050300100389,2022년 5월 3일 16시,화요일,충청남도 천안시 서북구 성정동,경상사고,0,0,1,0,차대차 - 측면충돌,직진우회전진행방해,건조,맑음,교차로 - 교차로안,화물,남,27세,기타불명,승용,남,30세,경상
2022050300100390,2022년 5월 3일 16시,화요일,충청남도 보령시 대천동,부상신고사고,0,0,0,1,차대차 - 측면충돌,안전운전불이행,건조,맑음,교차로 - 교차로부근,화물,남,75세,상해없음,승용,여,50세,부상신고
2022050300100435,2022년 5월 3일 17시,화요일,충청남도 천안시 서북구 불당동,경상사고,0,0,1,0,차대차 - 기타,안전운전불이행,건조,맑음,단일로 - 기타,승용,여,35세,상해없음,승용,남,37세,경상
2022050300100436,2022년 5월 3일 17시,화요일,충청남도 태안군 태안읍,경상사고,0,0,1,0,차대사람 - 기타,안전운전불이행,건조,맑음,단일로 - 기타,이륜,남,60세,상해없음,보행자,여,77세,경상
2022050300100491,2022년 5월 3일 18시,화요일,충청남도 천안시 서북구 성성동,중상사고,0,1,0,0,차대사람 - 기타,보행자보호의무위반,건조,맑음,교차로 - 교차로횡단보도내,승합,남,54세,상해없음,보행자,남,50세,중상
2022050300100492,2022년 5월 3일 18시,화요일,충청남도 논산시 연산면,경상사고,0,0,1,0,차대차 - 추돌,안전거리미확보,건조,맑음,단일로 - 기타,승용,남,18세,상해없음,화물,남,51세,경상
2022050300100528,2022년 5월 3일 19시,화요일,충청남도 천안시 서북구 두정동,경상사고,0,0,1,0,차대사람 - 횡단중,보행자보호의무위반,건조,맑음,교차로 - 교차로부근,이륜,남,47세,상해없음,보행자,여,6세,경상
2022050300100529,2022년 5월 3일 19시,화요일,충청남도 천안시 서북구 성성동,부상신고사고,0,0,0,1,차대사람 - 횡단중,안전운전불이행,건조,맑음,단일로 - 기타,승용,남,26세,상해없음,보행자,여,39세,부상신고
2022050300100556,2022년 5월 3일 20시,화요일,충청남도 서산시 성연면,중상사고,0,1,0,0,차대차 - 기타,안전운전불이행,건조,맑음,단일로 - 기타,승합,남,34세,상해없음,승용,여,55세,중상
2022050300100557,2022년 5월 3일 20시,화요일,충청남도 천안시 서북구 성정동,경상사고,0,0,1,0,차대차 - 측면충돌,교차로운행방법위반,건조,맑음,교차로 - 교차로안,승용,남,15세,기타불명,승용,남,67세,경상
2022050300100558,2022년 5월 3일 20시,화요일,충청남도 아산시 온천동,중상사고,0,1,0,0,차대사람 - 기타,안전운전불이행,건조,맑음,기타 - 기타,승합,남,54세,상해없음,보행자,남,36세,중상
2022050300100598,2022년 5월 3일 22시,화요일,충청남도 아산시 음봉면,경상사고,0,0,1,0,차대차 - 기타,신호위반,건조,맑음,교차로 - 교차로안,승용,여,42세,상해없음,승용,남,22세,경상
2022050300100610,2022년 5월 3일 23시,화요일,충청남도 공주시 송선동,경상사고,0,0,1,0,차대차 - 추돌,안전운전불이행,건조,맑음,교차로 - 교차로부근,승용,남,43세,상해없음,승용,남,26세,경상
2022050300100611,2022년 5월 3일 23시,화요일,충청남도 홍성군 은하면,경상사고,0,0,1,0,차대차 - 추돌,안전운전불이행,건조,맑음,단일로 - 기타,승용,남,25세,상해없음,화물,남,44세,경상
2022050400100011,2022년 5월 4일 00시,수요일,충청남도 천안시 서북구 불당동,경상사고,0,0,1,0,차대차 - 측면충돌,안전운전불이행,건조,맑음,단일로 - 기타,승용,여,29세,상해없음,승용,여,49세,경상
2022050400100012,2022년 5월 4일 00시,수요일,충청남도 천안시 서북구 성환읍,경상사고,0,0,1,0,차대차 - 추돌,안전운전불이행,건조,맑음,단일로 - 기타,승용,남,29세,경상,화물,남,42세,상해없음
2022050400100025,2022년 5월 4일 01시,수요일,충청남도 천안시 서북구 두정동,중상사고,0,3,0,0,차대차 - 측면충돌,신호위반,건조,맑음,교차로 - 교차로안,승용,남,34세,상해없음,승용,남,55세,중상
2022050400100051,2022년 5월 4일 05시,수요일,충청남도 천안시 동남구 청당동,중상사고,0,1,2,0,차대차 - 측면충돌,신호위반,건조,맑음,교차로 - 교차로부근,승용,남,29세,중상,화물,남,49세,경상
2022050400100052,2022년 5월 4일 05시,수요일,충청남도 홍성군 갈산면,사망사고,1,0,1,0,차대차 - 추돌,안전운전불이행,건조,맑음,단일로 - 기타,화물,남,40세,경상,승용,남,67세,사망
2022050400100060,2022년 5월 4일 06시,수요일,충청남도 천안시 서북구 입장면,중상사고,0,1,1,0,차대차 - 측면충돌,안전운전불이행,건조,맑음,교차로 - 교차로안,승용,남,56세,상해없음,화물,남,61세,중상