사고번호,사고일시,요일,시군구,사고내용,사망자수,중상자수,경상자수,부상신고자수,사고유형,법규위반,노면상태,기상상태,도로형태,가해운전자 차종,가해운전자 성별,가해운전자 연령,가해운전자 상해정도,피해운전자 차종,피해운전자 성별,피해운전자 연령,피해운전자 상해정도
2022050400100084,2022년 5월 4일 07시,수요일,충청남도 천안시 서북구 두정동,경상사고,0,0,1,0,차대차 - 기타,안전운전불이행,건조,맑음,단일로 - 기타,승용,남,30세,상해없음,이륜,남,32세,경상
2022050400100085,2022년 5월 4일 07시,수요일,충청남도 천안시 서북구 두정동,경상사고,0,0,1,0,차대차 - 측면충돌,직진우회전진행방해,건조,맑음,교차로 - 교차로안,승용,여,41세,상해없음,승용,남,31세,경상
2022050400100086,2022년 5월 4일 07시,수요일,충청남도 아산시 신창면,경상사고,0,0,1,0,차대차 - 기타,안전운전불이행,건조,맑음,단일로 - 기타,승용,남,39세,상해없음,건설기계,남,57세,경상
2022050400100087,2022년 5월 4일 07시,수요일,충청남도 예산군 덕산면,경상사고,0,0,3,0,차대차 - 추돌,안전운전불이행,건조,맑음,단일로 - 기타,승용,여,35세,경상,승합,남,67세,경상
2022050400100122,2022년 5월 4일 08시,수요일,충청남도 아산시 온천동,경상사고,0,0,1,0,차대차 - 기타,신호위반,건조,맑음,교차로 - 교차로안,승용,여,43세,상해없음,승용,여,44세,경상
2022050400100123,2022년 5월 4일 08시,수요일,충청남도 서천군 서천읍,중상사고,0,1,0,0,차대사람 - 차도통행중,안전운전불이행,건조,맑음,교차로 - 교차로안,승용,여,32세,상해없음,보행자,여,86세,중상
2022050400100124,2022년 5월 4일 08시,수요일,충청남도 부여군 부여읍,중상사고,0,1,0,0,차대사람 - 차도통행중,안전운전불이행,건조,맑음,단일로 - 기타,승용,남,80세,상해없음,보행자,여,80세,중상
2022050400100125,2022년 5월 4일 08시,수요일,충청남도 태안군 남면,중상사고,0,1,0,0,차대차 - 기타,차로위반,건조,맑음,단일로 - 기타,승용,남,80세,상해없음,승합,남,48세,중상
2022050400100181,2022년 5월 4일 09시,수요일,충청남도 천안시 동남구 북면,경상사고,0,0,2,0,차대차 - 측면충돌,중앙선침범,건조,맑음,단일로 - 기타,승합,남,67세,상해없음,승용,여,46세,경상
2022050400100260,2022년 5월 4일 11시,수요일,충청남도 당진시 송악읍,중상사고,0,1,2,0,차대차 - 기타,기타,건조,맑음,단일로 - 기타,특수,남,52세,상해없음,건설기계,남,43세,경상
2022050400100300,2022년 5월 4일 12시,수요일,충청남도 서천군 서천읍,경상사고,0,0,1,0,차대사람 - 차도통행중,안전운전불이행,건조,맑음,교차로 - 교차로부근,화물,남,60세,상해없음,보행자,여,68세,경상
2022050400100301,2022년 5월 4일 12시,수요일,충청남도 당진시 수청동,경상사고,0,0,1,0,차대차 - 추돌,신호위반,건조,맑음,교차로 - 교차로안,화물,남,58세,상해없음,승용,여,62세,경상
2022050400100302,2022년 5월 4일 12시,수요일,충청남도 천안시 동남구 봉명동,경상사고,0,0,1,0,차대차 - 측면충돌,안전운전불이행,건조,맑음,교차로 - 교차로부근,승용,남,60세,기타불명,화물,남,42세,경상
2022050400100358,2022년 5월 4일 14시,수요일,충청남도 천안시 서북구 성정동,경상사고,0,0,1,0,차대차 - 측면충돌,안전운전불이행,건조,맑음,교차로 - 교차로안,승용,여,45세,상해없음,승용,여,31세,경상
2022050400100359,2022년 5월 4일 14시,수요일,충청남도 아산시 법곡동,경상사고,0,0,1,0,차대사람 - 기타,안전운전불이행,건조,맑음,단일로 - 기타,건설기계,남,59세,상해없음,보행자,남,57세,경상
2022050400100360,2022년 5월 4일 14시,수요일,충청남도 부여군 부여읍,중상사고,0,1,0,0,차대사람 - 차도통행중,안전운전불이행,건조,맑음,교차로 - 교차로안,화물,남,71세,상해없음,보행자,남,75세,중상
2022050400100397,2022년 5월 4일 15시,수요일,충청남도 천안시 서북구 쌍용동,경상사고,0,0,1,0,차대사람 - 기타,안전거리미확보,건조,맑음,단일로 - 기타,개인형이동수단(PM),남,19세,상해없음,보행자,여,5세,경상
2022050400100398,2022년 5월 4일 15시,수요일,충청남도 아산시 탕정면,경상사고,0,0,1,0,차대차 - 측면충돌,안전운전불이행,건조,맑음,교차로 - 교차로안,승용,남,48세,상해없음,승용,남,31세,경상
2022050400100399,2022년 5월 4일 15시,수요일,충청남도 서천군 비인면,중상사고,0,3,1,0,차대차 - 추돌,안전운전불이행,건조,맑음,단일로 - 기타,승용,남,73세,경상,승용,남,48세,상해없음
2022050400100430,2022년 5월 4일 16시,수요일,충청남도 천안시 서북구 불당동,경상사고,0,0,4,0,차대차 - 추돌,안전운전불이행,건조,맑음,교차로 - 교차로부근,승용,남,65세,상해없음,승용,남,29세,경상
2022050400100431,2022년 5월 4일 16시,수요일,충청남도 홍성군 홍성읍,경상사고,0,0,1,0,차대차 - 추돌,안전운전불이행,건조,맑음,단일로 - 기타,승용,남,64세,상해없음,승용,남,53세,경상
2022050400100432,2022년 5월 4일 16시,수요일,충청남도 아산시 실옥동,경상사고,0,0,1,0,차대차 - 측면충돌,신호위반,건조,맑음,교차로 - 교차로안,화물,남,51세,상해없음,개인형이동수단(PM),남,17세,경상
2022050400100480,2022년 5월 4일 17시,수요일,충청남도 논산시 은진면,경상사고,0,0,1,0,차량단독 - 도로외이탈 - 추락,안전운전불이행,건조,맑음,교차로 - 교차로부근,이륜,남,72세,경상,,,,
2022050400100481,2022년 5월 4일 17시,수요일,충청남도 아산시 배방읍,경상사고,0,0,2,0,차대차 - 측면충돌,신호위반,건조,맑음,교차로 - 교차로안,승용,남,32세,상해없음,승용,여,37세,경상
2022050400100482,2022년 5월 4일 17시,수요일,충청남도 아산시 온천동,경상사고,0,0,2,0,차대차 - 측면충돌,차로위반,건조,맑음,단일로 - 기타,승용,여,48세,상해없음,승용,남,18세,경상
2022050400100483,2022년 5월 4일 17시,수요일,충청남도 천안시 동남구 다가동,중상사고,0,1,0,0,차대차 - 기타,기타,건조,맑음,단일로 - 기타,승용,남,62세,상해없음,자전거,남,55세,중상
2022050400100484,2022년 5월 4일 17시,수요일,충청남도 태안군 태안읍,경상사고,0,0,1,1,차대차 - 기타,교차로운행방법위반,건조,맑음,교차로 - 교차로안,승용,여,53세,부상신고,화물,남,66세,경상
2022050400100609,2022년 5월 4일 19시,수요일,충청남도 보령시 화산동,중상사고,0,3,2,0,차대차 - 측면충돌,불법유턴,건조,맑음,교차로 - 교차로부근,승용,여,56세,상해없음,승용,여,57세,중상
2022050400100610,2022년 5월 4일 19시,수요일,충청남도 당진시 읍내동,경상사고,0,0,1,0,차대차 - 후진중충돌,안전운전불이행,건조,맑음,단일로 - 기타,승용,여,50세,상해없음,이륜,남,38세,경상
2022050400100643,2022년 5월 4일 20시,수요일,충청남도 천안시 서북구 백석동,경상사고,0,0,1,0,차대차 - 기타,안전운전불이행,건조,맑음,교차로 - 교차로안,이륜,남,44세,경상,승용,여,43세,상해없음
2022050400100644,2022년 5월 4일 20시,수요일,충청남도 논산시 노성면,중상사고,0,1,0,0,차대차 - 측면충돌,기타,건조,맑음,단일로 - 기타,승용,여,52세,상해없음,승용,남,73세,중상
2022050400100705,2022년 5월 4일 22시,수요일,충청남도 아산시 배방읍,중상사고,0,1,0,0,차량단독 - 기타,기타,건조,맑음,단일로 - 기타,개인형이동수단(PM),남,48세,중상,,,,
2022050400100726,2022년 5월 4일 23시,수요일,충청남도 천안시 서북구 두정동,경상사고,0,0,2,0,차대사람 - 기타,안전운전불이행,건조,맑음,미분류 - 미분류,승용,남,37세,상해없음,보행자,여,25세,경상
2022050500100027,2022년 5월 5일 01시,목요일,충청남도 천안시 서북구 쌍용동,경상사고,0,0,1,0,차대사람 - 횡단중,안전운전불이행,건조,맑음,단일로 - 기타,승용,남,33세,상해없음,보행자,남,61세,경상
2022050500100028,2022년 5월 5일 01시,목요일,충청남도 천안시 동남구 다가동,경상사고,0,0,1,0,차대차 - 추돌,안전운전불이행,건조,맑음,단일로 - 기타,승용,남,22세,상해없음,승용,남,21세,경상
2022050500100046,2022년 5월 5일 03시,목요일,충청남도 천안시 서북구 두정동,경상사고,0,0,1,0,차대사람 - 횡단중,안전운전불이행,건조,맑음,단일로 - 기타,승용,남,42세,상해없음,보행자,남,25세,경상
2022050500100067,2022년 5월 5일 06시,목요일,충청남도 예산군 예산읍,중상사고,0,1,1,0,차량단독 - 도로외이탈 - 추락,안전운전불이행,건조,맑음,단일로 - 기타,화물,남,62세,경상,,,,
2022050500100088,2022년 5월 5일 08시,목요일,충청남도 천안시 동남구 신부동,경상사고,0,0,2,0,차대차 - 측면충돌,안전거리미확보,건조,맑음,단일로 - 기타,승용,남,61세,상해없음,승용,남,64세,경상
2022050500100122,2022년 5월 5일 10시,목요일,충청남도 아산시 배방읍,경상사고,0,0,1,0,차대사람 - 횡단중,보행자보호의무위반,건조,맑음,교차로 - 교차로횡단보도내,승용,여,69세,상해없음,보행자,여,74세,경상
2022050500100154,2022년 5월 5일 11시,목요일,충청남도 천안시 서북구 백석동,경상사고,0,0,3,0,차대차 - 추돌,안전운전불이행,건조,맑음,단일로 - 기타,승용,남,52세,상해없음,승용,남,45세,경상
2022050500100155,2022년 5월 5일 11시,목요일,충청남도 논산시 취암동,경상사고,0,0,2,0,차대차 - 측면충돌,불법유턴,건조,맑음,교차로 - 교차로횡단보도내,자전거,남,10세,경상,이륜,남,20세,경상
2022050500100156,2022년 5월 5일 11시,목요일,충청남도 청양군 목면,중상사고,0,1,1,0,차대차 - 추돌,안전운전불이행,건조,맑음,단일로 - 기타,승용,남,72세,경상,농기계,남,56세,중상
2022050500100187,2022년 5월 5일 12시,목요일,충청남도 서천군 서천읍,경상사고,0,0,4,0,차대차 - 측면충돌,안전거리미확보,건조,맑음,단일로 - 기타,특수,남,54세,기타불명,승용,남,75세,경상
2022050500100188,2022년 5월 5일 12시,목요일,충청남도 금산군 복수면,중상사고,0,1,0,0,차대사람 - 기타,안전운전불이행,건조,맑음,교차로 - 교차로부근,승용,남,25세,상해없음,보행자,여,75세,중상
2022050500100264,2022년 5월 5일 14시,목요일,충청남도 천안시 서북구 성성동,경상사고,0,0,1,0,차대차 - 기타,안전거리미확보,건조,맑음,기타 - 기타,승용,여,26세,상해없음,승용,남,25세,경상
2022050500100265,2022년 5월 5일 14시,목요일,충청남도 아산시 점양동,경상사고,0,0,2,0,차대차 - 기타,안전운전불이행,적설,맑음,기타 - 기타,승용,남,56세,상해없음,승용,남,42세,경상
2022050500100266,2022년 5월 5일 14시,목요일,충청남도 아산시 도고면,경상사고,0,0,3,0,차대차 - 추돌,안전운전불이행,건조,맑음,기타 - 기타,건설기계,남,49세,상해없음,승용,여,25세,경상
2022050500100267,2022년 5월 5일 14시,목요일,충청남도 아산시 배방읍,경상사고,0,0,1,0,차대차 - 기타,교차로운행방법위반,건조,맑음,교차로 - 교차로안,승용,남,59세,상해없음,승용,남,27세,경상
2022050500100297,2022년 5월 5일 15시,목요일,충청남도 금산군 금산읍,경상사고,0,0,1,0,차대차 - 측면충돌,직진우회전진행방해,건조,맑음,교차로 - 교차로안,자전거,남,72세,경상,화물,남,69세,상해없음
2022050500100338,2022년 5월 5일 16시,목요일,충청남도 서산시 해미면,경상사고,0,0,1,0,차대사람 - 횡단중,안전운전불이행,건조,맑음,단일로 - 기타,승용,여,71세,상해없음,보행자,여,58세,경상
2022050500100339,2022년 5월 5일 16시,목요일,충청남도 천안시 서북구 두정동,경상사고,0,0,2,0,차대차 - 기타,안전거리미확보,건조,맑음,교차로 - 교차로부근,승합,남,52세,상해없음,승용,남,23세,경상
2022050500100340,2022년 5월 5일 16시,목요일,충청남도 보령시 성주면,중상사고,0,1,0,0,차대사람 - 기타,중앙선침범,건조,맑음,기타 - 기타,화물,남,40세,상해없음,보행자,남,78세,중상
2022050500100341,2022년 5월 5일 16시,목요일,충청남도 예산군 삽교읍,경상사고,0,0,1,0,차대차 - 측면충돌,차로위반,건조,맑음,단일로 - 기타,이륜,남,71세,경상,승용,여,45세,상해없음
2022050500100342,2022년 5월 5일 16시,목요일,충청남도 천안시 동남구 구성동,경상사고,0,0,1,0,차대차 - 기타,안전운전불이행,건조,맑음,교차로 - 교차로부근,승용,남,62세,상해없음,이륜,남,24세,경상
2022050500100415,2022년 5월 5일 18시,목요일,충청남도 공주시 신관동,경상사고,0,0,1,0,차대차 - 측면충돌,안전거리미확보,건조,기타,교차로 - 교차로부근,승용,여,28세,상해없음,이륜,남,22세,경상
2022050500100500,2022년 5월 5일 21시,목요일,충청남도 홍성군 홍성읍,중상사고,0,1,0,0,차대차 - 측면충돌,신호위반,건조,맑음,교차로 - 교차로안,이륜,남,17세,상해없음,이륜,여,50세,중상
2022050500100522,2022년 5월 5일 22시,목요일,충청남도 당진시 신평면,경상사고,0,0,1,0,차대차 - 기타,안전운전불이행,건조,맑음,단일로 - 기타,승용,남,66세,상해없음,승합,남,41세,경상
2022050500100538,2022년 5월 5일 23시,목요일,충청남도 보령시 신흑동,중상사고,0,1,1,0,차대차 - 측면충돌,신호위반,건조,맑음,교차로 - 교차로안,승용,남,25세,상해없음,승용,남,57세,중상
2022050600100016,2022년 5월 6일 02시,금요일,충청남도 아산시 염치읍,중상사고,0,1,0,0,차대사람 - 길가장자리구역통행중,안전운전불이행,건조,맑음,기타 - 기타,기타불명,기타불명,미분류,기타불명,보행자,남,27세,중상
2022050600100040,2022년 5월 6일 06시,금요일,충청남도 예산군 예산읍,경상사고,0,0,1,0,차대차 - 측면충돌,신호위반,건조,맑음,교차로 - 교차로안,승용,여,42세,상해없음,화물,남,58세,경상
2022050600100080,2022년 5월 6일 08시,금요일,충청남도 부여군 부여읍,중상사고,0,1,0,0,차대사람 - 횡단중,안전운전불이행,건조,맑음,교차로 - 교차로부근,승합,남,49세,상해없음,보행자,여,69세,중상
2022050600100146,2022년 5월 6일 10시,금요일,충청남도 천안시 서북구 와촌동,경상사고,0,0,1,0,차대차 - 측면충돌,중앙선침범,건조,맑음,단일로 - 기타,자전거,남,75세,경상,승용,남,51세,기타불명
2022050600100147,2022년 5월 6일 10시,금요일,충청남도 천안시 서북구 백석동,경상사고,0,0,1,0,차대차 - 추돌,안전운전불이행,건조,맑음,교차로 - 교차로부근,승용,남,28세,상해없음,승용,여,29세,경상
2022050600100190,2022년 5월 6일 11시,금요일,충청남도 논산시 성동면,중상사고,0,1,0,0,차대차 - 측면충돌,안전운전불이행,건조,맑음,단일로 - 기타,승용,남,66세,상해없음,이륜,남,62세,중상
2022050600100191,2022년 5월 6일 11시,금요일,충청남도 청양군 청양읍,경상사고,0,0,1,0,차대차 - 후진중충돌,안전운전불이행,건조,맑음,단일로 - 기타,화물,남,67세,상해없음,화물,여,50세,기타불명
2022050600100192,2022년 5월 6일 11시,금요일,충청남도 천안시 동남구 풍세면,중상사고,0,1,3,0,차대차 - 기타,안전운전불이행,건조,맑음,교차로 - 교차로부근,승용,남,45세,경상,승용,여,49세,경상
2022050600100236,2022년 5월 6일 12시,금요일,충청남도 계룡시 두마면,경상사고,0,0,1,0,차대차 - 측면충돌,신호위반,건조,맑음,교차로 - 교차로안,승용,남,72세,상해없음,승용,남,22세,경상
2022050600100237,2022년 5월 6일 12시,금요일,충청남도 당진시 송악읍,사망사고,1,0,0,0,차량단독 - 기타,안전거리미확보,건조,맑음,단일로 - 기타,원동기,남,68세,사망,,,,
2022050600100270,2022년 5월 6일 13시,금요일,충청남도 공주시 우성면,경상사고,0,0,1,0,차대차 - 기타,차로위반,건조,맑음,단일로 - 기타,화물,남,51세,상해없음,승용,남,39세,경상
2022050600100271,2022년 5월 6일 13시,금요일,충청남도 천안시 동남구 사직동,경상사고,0,0,6,0,차대차 - 측면충돌,교차로운행방법위반,건조,맑음,교차로 - 교차로안,이륜,남,67세,경상,승용,여,35세,경상
2022050600100272,2022년 5월 6일 13시,금요일,충청남도 천안시 동남구 원성동,경상사고,0,0,1,0,차대차 - 추돌,신호위반,건조,맑음,기타 - 기타,화물,남,63세,상해없음,화물,남,61세,경상
2022050600100317,2022년 5월 6일 14시,금요일,충청남도 천안시 서북구 백석동,경상사고,0,0,1,0,차대차 - 측면충돌,교차로운행방법위반,건조,맑음,교차로 - 교차로부근,승용,남,32세,상해없음,승용,남,36세,경상
2022050600100318,2022년 5월 6일 14시,금요일,충청남도 당진시 수청동,경상사고,0,0,1,0,차대차 - 추돌,안전거리미확보,건조,맑음,교차로 - 교차로부근,승용,남,63세,상해없음,이륜,남,28세,경상
2022050600100319,2022년 5월 6일 14시,금요일,충청남도 천안시 동남구 신방동,경상사고,0,0,1,0,차대차 - 추돌,안전거리미확보,건조,맑음,단일로 - 기타,이륜,남,17세,상해없음,승용,남,65세,경상
2022050600100368,2022년 5월 6일 15시,금요일,충청남도 천안시 서북구 성정동,경상사고,0,0,1,0,차대사람 - 기타,불법유턴,건조,맑음,단일로 - 기타,승용,여,58세,상해없음,보행자,남,40세,경상
2022050600100369,2022년 5월 6일 15시,금요일,충청남도 천안시 서북구 쌍용동,경상사고,0,0,3,0,차대차 - 추돌,안전운전불이행,건조,맑음,교차로 - 교차로부근,승용,남,62세,기타불명,승용,여,41세,경상
2022050600100370,2022년 5월 6일 15시,금요일,충청남도 논산시 연무읍,경상사고,0,0,1,0,차대차 - 측면충돌,안전운전불이행,건조,맑음,교차로 - 교차로부근,승용,여,65세,상해없음,승용,여,53세,경상
2022050600100413,2022년 5월 6일 16시,금요일,충청남도 태안군 태안읍,경상사고,0,0,2,0,차대차 - 기타,안전운전불이행,건조,맑음,주차장 - 주차장,승용,여,74세,상해없음,승용,남,26세,경상
2022050600100458,2022년 5월 6일 17시,금요일,충청남도 천안시 서북구 성정동,경상사고,0,0,1,0,차대차 - 측면충돌,기타,건조,맑음,교차로 - 교차로안,원동기,남,22세,상해없음,승용,여,32세,경상
2022050600100459,2022년 5월 6일 17시,금요일,충청남도 홍성군 갈산면,경상사고,0,0,1,0,차대차 - 측면충돌,안전운전불이행,건조,맑음,교차로 - 교차로안,승용,여,35세,상해없음,승용,여,19세,경상
2022050600100516,2022년 5월 6일 18시,금요일,충청남도 천안시 서북구 불당동,경상사고,0,0,1,0,차대차 - 기타,교차로운행방법위반,건조,맑음,교차로 - 교차로안,승용,여,28세,상해없음,원동기,남,39세,경상
2022050600100517,2022년 5월 6일 18시,금요일,충청남도 논산시 채운면,중상사고,0,1,2,0,차대차 - 측면충돌,안전운전불이행,건조,맑음,교차로 - 교차로안,승용,여,37세,기타불명,원동기,남,26세,경상
2022050600100564,2022년 5월 6일 19시,금요일,충청남도 공주시 신풍면,경상사고,0,0,1,0,차대사람 - 기타,안전운전불이행,건조,맑음,교차로 - 교차로부근,화물,남,75세,상해없음,보행자,여,74세,경상
2022050600100565,2022년 5월 6일 19시,금요일,충청남도 태안군 태안읍,중상사고,0,1,2,0,차대차 - 기타,직진우회전진행방해,건조,맑음,교차로 - 교차로안,화물,남,53세,상해없음,승용,여,39세,경상
2022050600100591,2022년 5월 6일 20시,금요일,충청남도 천안시 동남구 신방동,경상사고,0,0,5,0,차대차 - 추돌,안전운전불이행,건조,맑음,단일로 - 기타,승용,남,30세,상해없음,승용,남,41세,경상
2022050600100663,2022년 5월 6일 23시,금요일,충청남도 논산시 내동,경상사고,0,0,1,0,차대차 - 추돌,안전운전불이행,건조,맑음,교차로 - 교차로부근,이륜,남,41세,기타불명,승합,남,46세,경상
2022050700100006,2022년 5월 7일 00시,토요일,충청남도 서산시 석림동,경상사고,0,0,1,0,차대차 - 측면충돌,신호위반,건조,맑음,교차로 - 교차로안,승용,남,43세,상해없음,승용,남,58세,경상
2022050700100007,2022년 5월 7일 00시,토요일,충청남도 천안시 서북구 불당동,경상사고,0,0,1,0,차대차 - 추돌,안전운전불이행,건조,맑음,교차로 - 교차로부근,승용,남,40세,상해없음,승용,남,28세,경상
2022050700100008,2022년 5월 7일 00시,토요일,충청남도 천안시 서북구 쌍용동,경상사고,0,0,1,0,차대차 - 기타,안전운전불이행,건조,맑음,교차로 - 교차로부근,승용,남,34세,상해없음,이륜,남,30세,경상
2022050700100035,2022년 5월 7일 04시,토요일,충청남도 천안시 동남구 구룡동,사망사고,1,0,0,0,차대차 - 추돌,안전운전불이행,건조,맑음,단일로 - 기타,이륜,여,50세,사망,농기계,남,60세,상해없음
2022050700100062,2022년 5월 7일 07시,토요일,충청남도 천안시 서북구 백석동,경상사고,0,0,1,0,차대차 - 추돌,안전운전불이행,건조,맑음,교차로 - 교차로부근,승용,여,28세,상해없음,승용,남,38세,경상
2022050700100075,2022년 5월 7일 08시,토요일,충청남도 홍성군 금마면,중상사고,0,1,0,0,차대차 - 기타,기타,건조,맑음,교차로 - 교차로안,승용,남,67세,상해없음,승용,여,57세,중상
2022050700100086,2022년 5월 7일 09시,토요일,충청남도 서천군 화양면,경상사고,0,0,1,0,차대차 - 측면충돌,안전운전불이행,건조,맑음,단일로 - 교량,승용,여,29세,상해없음,승용,여,61세,경상
2022050700100142,2022년 5월 7일 11시,토요일,충청남도 천안시 서북구 성거읍,경상사고,0,0,2,0,차대차 - 추돌,기타,건조,맑음,교차로 - 교차로부근,승용,남,28세,상해없음,화물,남,55세,경상
2022050700100143,2022년 5월 7일 11시,토요일,충청남도 부여군 규암면,중상사고,0,1,0,0,차대차 - 측면충돌,기타,건조,맑음,교차로 - 교차로안,승용,남,37세,상해없음,승용,여,46세,중상
2022050700100177,2022년 5월 7일 12시,토요일,충청남도 홍성군 홍북읍,경상사고,0,0,2,0,차대차 - 측면충돌,신호위반,건조,맑음,교차로 - 교차로안,승용,여,27세,상해없음,승용,남,44세,경상
2022050700100269,2022년 5월 7일 14시,토요일,충청남도 아산시 송악면,중상사고,0,2,1,0,차대차 - 정면충돌,중앙선침범,건조,맑음,단일로 - 기타,승용,여,55세,상해없음,승용,여,40세,중상
2022050700100306,2022년 5월 7일 15시,토요일,충청남도 서산시 예천동,경상사고,0,0,1,0,차대차 - 측면충돌,안전운전불이행,건조,맑음,단일로 - 기타,승용,여,42세,상해없음,화물,남,62세,경상
2022050700100307,2022년 5월 7일 15시,토요일,충청남도 아산시 온천동,중상사고,0,1,0,0,차대차 - 기타,안전운전불이행,건조,맑음,교차로 - 교차로안,이륜,남,18세,상해없음,이륜,남,68세,중상
2022050700100343,2022년 5월 7일 16시,토요일,충청남도 공주시 신관동,중상사고,0,1,0,0,차대차 - 측면충돌,안전운전불이행,건조,맑음,교차로 - 교차로안,개인형이동수단(PM),남,11세,상해없음,승용,여,67세,상해없음
2022050700100344,2022년 5월 7일 16시,토요일,충청남도 금산군 금성면,경상사고,0,0,1,0,차대차 - 정면충돌,안전운전불이행,건조,맑음,단일로 - 기타,승용,남,65세,상해없음,승용,남,32세,경상
2022050700100382,2022년 5월 7일 17시,토요일,충청남도 천안시 서북구 백석동,경상사고,0,0,2,0,차대차 - 측면충돌,신호위반,건조,맑음,교차로 - 교차로안,승용,여,40세,상해없음,승용,남,26세,경상
2022050700100383,2022년 5월 7일 17시,토요일,충청남도 천안시 서북구 불당동,중상사고,0,1,0,0,차대차 - 측면충돌,안전운전불이행,건조,맑음,단일로 - 기타,승용,남,58세,상해없음,원동기,남,22세,중상
2022050700100384,2022년 5월 7일 17시,토요일,충청남도 태안군 근흥면,경상사고,0,0,1,0,차대차 - 추돌,안전운전불이행,건조,맑음,교차로 - 교차로안,승용,남,58세,상해없음,승용,남,51세,경상
2022050700100417,2022년 5월 7일 18시,토요일,충청남도 보령시 동대동,경상사고,0,0,1,0,차대차 - 측면충돌,안전운전불이행,건조,맑음,단일로 - 기타,승용,여,62세,상해없음,이륜,남,44세,경상
2022050700100418,2022년 5월 7일 18시,토요일,충청남도 청양군 목면,경상사고,0,0,1,0,차량단독 - 공작물충돌,안전운전불이행,건조,맑음,단일로 - 기타,승용,남,67세,경상,,,,
2022050700100481,2022년 5월 7일 20시,토요일,충청남도 서산시 성연면,경상사고,0,0,1,0,차대차 - 측면충돌,불법유턴,건조,맑음,단일로 - 기타,승용,남,25세,상해없음,이륜,남,32세,경상
2022050700100482,2022년 5월 7일 20시,토요일,충청남도 천안시 서북구 불당동,중상사고,0,1,0,0,차대차 - 측면충돌,안전운전불이행,건조,맑음,단일로 - 기타,이륜,남,48세,상해없음,승용,남,68세,중상
2022050700100510,2022년 5월 7일 21시,토요일,충청남도 천안시 서북구 두정동,중상사고,0,1,0,1,차대차 - 측면충돌,안전운전불이행,건조,맑음,교차로 - 교차로부근,승용,남,60세,부상신고,이륜,남,42세,중상
2022050700100522,2022년 5월 7일 22시,토요일,충청남도 서산시 예천동,경상사고,0,0,1,0,차대사람 - 차도통행중,안전운전불이행,건조,맑음,교차로 - 교차로안,승용,남,27세,상해없음,보행자,남,44세,경상
2022050700100539,2022년 5월 7일 23시,토요일,충청남도 천안시 서북구 두정동,중상사고,0,1,0,0,차대사람 - 차도통행중,안전운전불이행,건조,맑음,교차로 - 교차로안,승용,남,29세,상해없음,보행자,남,26세,중상
2022050700100540,2022년 5월 7일 23시,토요일,충청남도 청양군 대치면,경상사고,0,0,2,0,차대차 - 측면충돌,안전운전불이행,건조,맑음,교차로 - 교차로안,승용,여,32세,경상,승용,남,39세,경상
2022050800100019,2022년 5월 8일 01시,일요일,충청남도 보령시 신흑동,경상사고,0,0,1,0,차대사람 - 길가장자리구역통행중,안전운전불이행,건조,맑음,단일로 - 기타,승용,남,22세,상해없음,보행자,남,25세,경상
2022050800100026,2022년 5월 8일 02시,일요일,충청남도 천안시 서북구 불당동,중상사고,0,1,1,1,차대차 - 추돌,기타,건조,맑음,교차로 - 교차로부근,승용,여,23세,부상신고,승용,남,34세,경상
2022050800100094,2022년 5월 8일 10시,일요일,충청남도 공주시 의당면,경상사고,0,0,3,0,차대차 - 측면충돌,안전운전불이행,건조,맑음,단일로 - 기타,승용,남,22세,상해없음,승용,여,40세,경상
2022050800100095,2022년 5월 8일 10시,일요일,충청남도 청양군 목면,경상사고,0,0,1,0,차대차 - 측면충돌,중앙선침범,건조,맑음,교차로 - 교차로부근,승용,여,51세,상해없음,화물,남,51세,경상
2022050800100120,2022년 5월 8일 11시,일요일,충청남도 금산군 금산읍,중상사고,0,1,0,0,차대차 - 측면충돌,교차로운행방법위반,건조,맑음,교차로 - 교차로안,승용,여,50세,상해없음,이륜,남,39세,중상
2022050800100152,2022년 5월 8일 12시,일요일,충청남도 천안시 서북구 쌍용동,중상사고,0,1,0,0,차대사람 - 횡단중,보행자보호의무위반,건조,맑음,교차로 - 교차로안,승용,남,62세,상해없음,보행자,여,11세,중상
2022050800100153,2022년 5월 8일 12시,일요일,충청남도 천안시 서북구 직산읍,경상사고,0,0,1,0,차대차 - 기타,교차로운행방법위반,건조,맑음,교차로 - 교차로안,이륜,남,28세,경상,승용,여,58세,상해없음
2022050800100192,2022년 5월 8일 13시,일요일,충청남도 보령시 신흑동,중상사고,0,1,1,1,차대차 - 측면충돌,교차로운행방법위반,건조,맑음,교차로 - 교차로부근,승합,남,67세,상해없음,승용,남,47세,부상신고
2022050800100193,2022년 5월 8일 13시,일요일,충청남도 천안시 동남구 원성동,중상사고,0,1,1,0,차대차 - 측면충돌,안전운전불이행,건조,맑음,교차로 - 교차로안,승용,남,81세,상해없음,승용,남,42세,경상
2022050800100229,2022년 5월 8일 14시,일요일,충청남도 서산시 인지면,중상사고,0,1,0,0,차대차 - 측면충돌,직진우회전진행방해,건조,맑음,교차로 - 교차로안,화물,남,66세,상해없음,자전거,남,57세,중상
2022050800100230,2022년 5월 8일 14시,일요일,충청남도 천안시 서북구 불당동,경상사고,0,0,1,0,차대차 - 기타,안전운전불이행,건조,맑음,단일로 - 기타,승용,여,34세,상해없음,이륜,남,41세,경상