사고번호,사고일시,요일,시군구,사고내용,사망자수,중상자수,경상자수,부상신고자수,사고유형,법규위반,노면상태,기상상태,도로형태,가해운전자 차종,가해운전자 성별,가해운전자 연령,가해운전자 상해정도,피해운전자 차종,피해운전자 성별,피해운전자 연령,피해운전자 상해정도
2022050800100324,2022년 5월 8일 17시,일요일,충청남도 아산시 탕정면,경상사고,0,0,2,0,차대차 - 정면충돌,중앙선침범,건조,맑음,단일로 - 기타,개인형이동수단(PM),남,22세,경상,이륜,남,20세,경상
2022050800100325,2022년 5월 8일 17시,일요일,충청남도 공주시 옥룡동,경상사고,0,0,1,0,차대차 - 측면충돌,안전운전불이행,건조,맑음,교차로 - 교차로부근,승용,남,60세,상해없음,이륜,남,36세,경상
2022050800100353,2022년 5월 8일 18시,일요일,충청남도 청양군 대치면,중상사고,0,1,1,0,차대차 - 정면충돌,중앙선침범,건조,맑음,단일로 - 기타,승용,여,47세,상해없음,승용,남,73세,중상
2022050800100379,2022년 5월 8일 19시,일요일,충청남도 금산군 금성면,중상사고,0,1,0,0,차대사람 - 횡단중,안전운전불이행,건조,맑음,기타 - 기타,승용,남,66세,상해없음,보행자,여,73세,중상
2022050800100410,2022년 5월 8일 20시,일요일,충청남도 천안시 서북구 성정동,경상사고,0,0,1,0,차대차 - 기타,안전운전불이행,건조,맑음,교차로 - 교차로부근,승용,남,60세,상해없음,승용,남,19세,경상
2022050800100472,2022년 5월 8일 22시,일요일,충청남도 천안시 동남구 병천면,경상사고,0,0,3,0,차대차 - 측면충돌,중앙선침범,건조,맑음,교차로 - 교차로부근,승용,남,22세,상해없음,승용,남,26세,경상
2022050900100022,2022년 5월 9일 02시,월요일,충청남도 태안군 태안읍,경상사고,0,0,1,0,차량단독 - 기타,안전운전불이행,젖음/습기,비,단일로 - 기타,이륜,남,43세,경상,,,,
2022050900100070,2022년 5월 9일 07시,월요일,충청남도 서산시 읍내동,경상사고,0,0,1,0,차대차 - 측면충돌,직진우회전진행방해,건조,맑음,교차로 - 교차로안,원동기,남,29세,경상,화물,남,61세,상해없음
2022050900100103,2022년 5월 9일 08시,월요일,충청남도 청양군 정산면,중상사고,0,1,0,0,차대차 - 기타,중앙선침범,건조,맑음,단일로 - 기타,화물,남,77세,중상,승용,남,45세,상해없음
2022050900100175,2022년 5월 9일 10시,월요일,충청남도 서산시 석남동,경상사고,0,0,1,0,차대차 - 기타,차로위반,건조,맑음,기타 - 기타,승용,여,69세,상해없음,승용,남,48세,경상
2022050900100208,2022년 5월 9일 11시,월요일,충청남도 논산시 내동,경상사고,0,0,1,0,차대차 - 정면충돌,중앙선침범,건조,맑음,단일로 - 기타,이륜,남,56세,경상,승용,여,48세,상해없음
2022050900100209,2022년 5월 9일 11시,월요일,충청남도 아산시 신창면,경상사고,0,0,1,0,차대사람 - 기타,안전운전불이행,건조,맑음,주차장 - 주차장,화물,남,35세,상해없음,보행자,남,22세,경상
2022050900100210,2022년 5월 9일 11시,월요일,충청남도 예산군 신양면,중상사고,0,1,0,0,차대차 - 측면충돌,직진우회전진행방해,건조,맑음,단일로 - 기타,화물,남,49세,상해없음,원동기,남,45세,중상
2022050900100211,2022년 5월 9일 11시,월요일,충청남도 천안시 동남구 안서동,경상사고,0,0,1,0,차대사람 - 횡단중,안전운전불이행,건조,맑음,교차로 - 교차로안,승용,남,61세,상해없음,보행자,남,22세,경상
2022050900100239,2022년 5월 9일 12시,월요일,충청남도 천안시 동남구 안서동,중상사고,0,1,0,0,차대차 - 정면충돌,안전운전불이행,건조,맑음,기타 - 기타,승용,남,38세,상해없음,이륜,남,29세,중상
2022050900100271,2022년 5월 9일 13시,월요일,충청남도 천안시 서북구 두정동,경상사고,0,0,1,0,차대차 - 측면충돌,안전운전불이행,건조,맑음,교차로 - 교차로안,승용,남,26세,상해없음,승용,여,34세,경상
2022050900100272,2022년 5월 9일 13시,월요일,충청남도 천안시 서북구 쌍용동,경상사고,0,0,1,0,차대차 - 추돌,안전운전불이행,건조,맑음,교차로 - 교차로부근,승용,여,62세,상해없음,승용,남,58세,경상
2022050900100273,2022년 5월 9일 13시,월요일,충청남도 아산시 모종동,경상사고,0,0,1,0,차대차 - 추돌,안전운전불이행,건조,맑음,교차로 - 교차로부근,승용,남,67세,상해없음,이륜,남,53세,경상
2022050900100316,2022년 5월 9일 14시,월요일,충청남도 천안시 서북구 불당동,경상사고,0,0,1,0,차대차 - 기타,불법유턴,건조,맑음,단일로 - 기타,승합,남,51세,상해없음,이륜,남,22세,경상
2022050900100317,2022년 5월 9일 14시,월요일,충청남도 부여군 부여읍,중상사고,0,1,0,0,차대차 - 측면충돌,안전운전불이행,건조,맑음,교차로 - 교차로안,승용,여,58세,상해없음,이륜,남,62세,중상
2022050900100409,2022년 5월 9일 16시,월요일,충청남도 천안시 서북구 부대동,경상사고,0,0,1,0,차대차 - 추돌,안전운전불이행,건조,맑음,단일로 - 기타,승용,남,66세,상해없음,승용,여,39세,경상
2022050900100410,2022년 5월 9일 16시,월요일,충청남도 당진시 수청동,경상사고,0,0,2,0,차대차 - 기타,신호위반,건조,맑음,교차로 - 교차로안,승용,여,45세,상해없음,승용,여,29세,경상
2022050900100411,2022년 5월 9일 16시,월요일,충청남도 당진시 송악읍,경상사고,0,0,2,0,차대차 - 추돌,안전운전불이행,건조,맑음,단일로 - 기타,화물,남,55세,상해없음,화물,남,29세,경상
2022050900100412,2022년 5월 9일 16시,월요일,충청남도 청양군 남양면,경상사고,0,0,1,0,차대차 - 측면충돌,안전운전불이행,건조,맑음,단일로 - 기타,건설기계,남,65세,상해없음,승용,남,45세,경상
2022050900100447,2022년 5월 9일 17시,월요일,충청남도 논산시 내동,경상사고,0,0,1,0,차대차 - 측면충돌,직진우회전진행방해,건조,맑음,교차로 - 교차로안,승용,남,66세,기타불명,승용,여,33세,경상
2022050900100449,2022년 5월 9일 17시,월요일,충청남도 금산군 금산읍,경상사고,0,0,2,0,차대차 - 측면충돌,직진우회전진행방해,건조,맑음,교차로 - 교차로안,승용,남,53세,상해없음,승용,남,75세,경상
2022050900100450,2022년 5월 9일 17시,월요일,충청남도 천안시 동남구 청수동,중상사고,0,1,0,0,차대사람 - 횡단중,안전운전불이행,건조,맑음,기타 - 기타,승합,여,57세,상해없음,보행자,여,68세,중상
2022050900100497,2022년 5월 9일 18시,월요일,충청남도 예산군 봉산면,사망사고,1,0,0,0,차대차 - 측면충돌,기타,건조,맑음,교차로 - 교차로안,승용,여,26세,상해없음,원동기,남,79세,사망
2022050900100531,2022년 5월 9일 19시,월요일,충청남도 서산시 동문동,경상사고,0,0,1,0,차대차 - 측면충돌,안전운전불이행,건조,맑음,교차로 - 교차로안,승용,여,63세,상해없음,승용,남,67세,경상
2022050900100532,2022년 5월 9일 19시,월요일,충청남도 홍성군 홍북읍,경상사고,0,0,2,0,차대차 - 추돌,안전운전불이행,건조,맑음,교차로 - 교차로안,승용,남,37세,상해없음,승용,남,29세,경상
2022050900100561,2022년 5월 9일 20시,월요일,충청남도 예산군 예산읍,중상사고,0,1,0,0,차대차 - 기타,직진우회전진행방해,건조,맑음,교차로 - 교차로안,승용,여,44세,상해없음,이륜,남,40세,중상
2022050900100581,2022년 5월 9일 21시,월요일,충청남도 천안시 동남구 신부동,경상사고,0,0,1,0,차대차 - 정면충돌,중앙선침범,건조,맑음,단일로 - 교량,승용,여,59세,상해없음,이륜,남,34세,경상
2022050900100582,2022년 5월 9일 21시,월요일,충청남도 천안시 동남구 목천읍,경상사고,0,0,1,0,차대차 - 측면충돌,불법유턴,건조,맑음,단일로 - 기타,승용,남,82세,상해없음,화물,남,36세,경상
2022050900100615,2022년 5월 9일 23시,월요일,충청남도 당진시 읍내동,경상사고,0,0,1,0,차대사람 - 기타,안전운전불이행,건조,맑음,교차로 - 교차로부근,승용,남,24세,상해없음,보행자,남,50세,경상
2022050900100616,2022년 5월 9일 23시,월요일,충청남도 논산시 채운면,중상사고,0,1,0,0,차대차 - 추돌,안전운전불이행,건조,맑음,단일로 - 기타,화물,남,53세,상해없음,화물,남,60세,중상
2022051000100065,2022년 5월 10일 07시,화요일,충청남도 아산시 영인면,중상사고,0,1,2,0,차대차 - 추돌,안전운전불이행,건조,맑음,교차로 - 교차로부근,화물,여,47세,경상,승용,남,47세,경상
2022051000100105,2022년 5월 10일 08시,화요일,충청남도 논산시 화지동,중상사고,0,1,0,0,차대차 - 측면충돌,안전운전불이행,건조,맑음,단일로 - 기타,이륜,남,56세,상해없음,이륜,남,53세,중상
2022051000100106,2022년 5월 10일 08시,화요일,충청남도 금산군 금산읍,중상사고,0,1,0,0,차대사람 - 횡단중,안전운전불이행,건조,맑음,교차로 - 교차로안,승용,남,74세,상해없음,보행자,여,65세,중상
2022051000100155,2022년 5월 10일 09시,화요일,충청남도 서산시 해미면,경상사고,0,0,1,0,차대차 - 기타,안전운전불이행,건조,맑음,교차로 - 교차로안,승용,남,39세,상해없음,자전거,남,76세,경상
2022051000100156,2022년 5월 10일 09시,화요일,충청남도 천안시 서북구 성환읍,경상사고,0,0,1,0,차대차 - 기타,안전운전불이행,건조,맑음,기타 - 기타,농기계,남,66세,기타불명,승합,남,55세,상해없음
2022051000100157,2022년 5월 10일 09시,화요일,충청남도 예산군 예산읍,경상사고,0,0,1,0,차대차 - 측면충돌,안전운전불이행,건조,맑음,교차로 - 교차로안,승용,남,70세,상해없음,이륜,남,70세,경상
2022051000100218,2022년 5월 10일 11시,화요일,충청남도 아산시 장존동,중상사고,0,1,0,0,차대사람 - 기타,안전운전불이행,건조,맑음,주차장 - 주차장,화물,남,38세,상해없음,보행자,여,2세,중상
2022051000100258,2022년 5월 10일 12시,화요일,충청남도 아산시 탕정면,경상사고,0,0,2,0,차대차 - 기타,안전운전불이행,건조,맑음,단일로 - 기타,기타불명,기타불명,미분류,기타불명,승용,남,66세,경상
2022051000100259,2022년 5월 10일 12시,화요일,충청남도 예산군 예산읍,중상사고,0,2,1,0,차대차 - 측면충돌,직진우회전진행방해,건조,맑음,교차로 - 교차로안,승용,여,49세,경상,승용,여,62세,상해없음
2022051000100298,2022년 5월 10일 13시,화요일,충청남도 서천군 장항읍,경상사고,0,0,2,0,차대차 - 측면충돌,신호위반,건조,맑음,교차로 - 교차로안,화물,남,61세,경상,승용,남,54세,경상
2022051000100299,2022년 5월 10일 13시,화요일,충청남도 서천군 장항읍,경상사고,0,0,1,0,차대차 - 측면충돌,안전운전불이행,건조,맑음,주차장 - 주차장,자전거,여,82세,경상,승용,여,61세,상해없음
2022051000100300,2022년 5월 10일 13시,화요일,충청남도 태안군 태안읍,경상사고,0,0,1,0,차대차 - 기타,안전운전불이행,건조,맑음,교차로 - 교차로안,사륜오토바이(ATV),남,80세,상해없음,이륜,남,66세,경상
2022051000100330,2022년 5월 10일 14시,화요일,충청남도 홍성군 홍성읍,중상사고,0,1,0,0,차대차 - 측면충돌,안전운전불이행,건조,맑음,교차로 - 교차로안,화물,남,56세,상해없음,승용,여,57세,중상
2022051000100331,2022년 5월 10일 14시,화요일,충청남도 공주시 금흥동,경상사고,0,0,3,0,차대차 - 추돌,안전운전불이행,건조,맑음,단일로 - 기타,승용,여,39세,상해없음,승용,남,64세,경상
2022051000100332,2022년 5월 10일 14시,화요일,충청남도 예산군 예산읍,경상사고,0,0,1,0,차대차 - 정면충돌,중앙선침범,건조,맑음,교차로 - 교차로부근,승용,남,80세,상해없음,승용,여,63세,경상
2022051000100333,2022년 5월 10일 14시,화요일,충청남도 청양군 청양읍,중상사고,0,1,0,0,차대차 - 측면충돌,기타,건조,맑음,교차로 - 교차로안,화물,남,59세,상해없음,승용,여,72세,중상
2022051000100411,2022년 5월 10일 16시,화요일,충청남도 당진시 읍내동,경상사고,0,0,1,0,차대사람 - 기타,안전운전불이행,건조,맑음,단일로 - 기타,승용,여,38세,상해없음,보행자,남,15세,경상
2022051000100455,2022년 5월 10일 17시,화요일,충청남도 천안시 서북구 백석동,부상신고사고,0,0,0,1,차대차 - 측면충돌,직진우회전진행방해,건조,맑음,교차로 - 교차로안,승용,남,52세,상해없음,승용,여,25세,부상신고
2022051000100456,2022년 5월 10일 17시,화요일,충청남도 아산시 송악면,경상사고,0,0,1,0,차대차 - 정면충돌,중앙선침범,건조,맑음,단일로 - 기타,승용,남,30세,상해없음,승용,남,26세,경상
2022051000100457,2022년 5월 10일 17시,화요일,충청남도 예산군 예산읍,경상사고,0,0,8,0,차대차 - 추돌,안전거리미확보,건조,맑음,교차로 - 교차로부근,이륜,남,17세,경상,승용,남,41세,경상
2022051000100525,2022년 5월 10일 19시,화요일,충청남도 아산시 모종동,경상사고,0,0,2,0,차대차 - 기타,교차로운행방법위반,건조,맑음,교차로 - 교차로안,승용,남,63세,상해없음,승용,남,24세,경상
2022051000100526,2022년 5월 10일 19시,화요일,충청남도 부여군 세도면,경상사고,0,0,1,0,차대차 - 기타,안전운전불이행,건조,맑음,단일로 - 기타,승용,남,43세,상해없음,자전거,남,22세,경상
2022051000100555,2022년 5월 10일 20시,화요일,충청남도 천안시 서북구 성정동,경상사고,0,0,1,0,차대차 - 측면충돌,안전거리미확보,건조,맑음,단일로 - 기타,승용,여,30세,상해없음,승용,남,29세,경상
2022051000100582,2022년 5월 10일 21시,화요일,충청남도 천안시 동남구 원성동,경상사고,0,0,1,0,차대사람 - 기타,기타,건조,맑음,단일로 - 기타,승합,남,61세,상해없음,보행자,남,61세,경상
2022051100100005,2022년 5월 11일 00시,수요일,충청남도 천안시 서북구 불당동,부상신고사고,0,0,0,1,차량단독 - 전도전복 - 전복,안전운전불이행,건조,맑음,기타 - 기타,개인형이동수단(PM),남,37세,부상신고,,,,
2022051100100062,2022년 5월 11일 07시,수요일,충청남도 아산시 음봉면,중상사고,0,1,0,0,차대차 - 측면충돌,안전운전불이행,건조,맑음,단일로 - 기타,승용,남,31세,상해없음,원동기,남,50세,중상
2022051100100092,2022년 5월 11일 08시,수요일,충청남도 서산시 석림동,경상사고,0,0,1,0,차대사람 - 횡단중,안전운전불이행,건조,맑음,기타 - 기타,승용,여,45세,상해없음,보행자,여,36세,경상
2022051100100093,2022년 5월 11일 08시,수요일,충청남도 보령시 주교면,중상사고,0,1,1,0,차대차 - 기타,중앙선침범,건조,맑음,단일로 - 기타,자전거,남,57세,경상,이륜,남,63세,중상
2022051100100094,2022년 5월 11일 08시,수요일,충청남도 부여군 규암면,중상사고,0,1,0,0,차량단독 - 기타,안전운전불이행,건조,맑음,기타 - 기타,화물,남,44세,중상,,,,
2022051100100162,2022년 5월 11일 10시,수요일,충청남도 천안시 서북구 불당동,부상신고사고,0,0,0,1,차대차 - 측면충돌,안전운전불이행,건조,맑음,교차로 - 교차로부근,승용,여,30세,상해없음,승용,여,54세,부상신고
2022051100100163,2022년 5월 11일 10시,수요일,충청남도 천안시 동남구 성황동,중상사고,0,1,0,0,차대사람 - 기타,안전운전불이행,건조,맑음,교차로 - 교차로부근,승용,여,47세,상해없음,보행자,남,46세,중상
2022051100100273,2022년 5월 11일 14시,수요일,충청남도 청양군 청양읍,경상사고,0,0,2,0,차대차 - 측면충돌,안전운전불이행,건조,맑음,교차로 - 교차로안,개인형이동수단(PM),남,22세,경상,승용,남,19세,상해없음
2022051100100311,2022년 5월 11일 15시,수요일,충청남도 서산시 동문동,경상사고,0,0,1,0,차대사람 - 기타,안전운전불이행,건조,맑음,단일로 - 기타,승용,남,82세,상해없음,보행자,여,70세,경상
2022051100100312,2022년 5월 11일 15시,수요일,충청남도 천안시 서북구 쌍용동,경상사고,0,0,1,0,차대차 - 측면충돌,안전운전불이행,건조,맑음,단일로 - 기타,승용,여,56세,상해없음,승용,남,25세,상해없음
2022051100100343,2022년 5월 11일 16시,수요일,충청남도 논산시 강경읍,중상사고,0,1,0,0,차대차 - 측면충돌,기타,건조,맑음,교차로 - 교차로안,승용,남,36세,기타불명,화물,남,28세,중상
2022051100100344,2022년 5월 11일 16시,수요일,충청남도 아산시 배방읍,중상사고,0,1,0,0,차대사람 - 기타,안전운전불이행,건조,맑음,기타 - 기타,승용,여,51세,상해없음,보행자,남,58세,중상
2022051100100399,2022년 5월 11일 17시,수요일,충청남도 천안시 서북구 두정동,부상신고사고,0,0,0,1,차대차 - 기타,안전운전불이행,건조,맑음,단일로 - 기타,기타불명,기타불명,미분류,기타불명,자전거,남,59세,부상신고
2022051100100400,2022년 5월 11일 17시,수요일,충청남도 천안시 서북구 직산읍,경상사고,0,0,1,0,차대차 - 측면충돌,교차로운행방법위반,건조,맑음,교차로 - 교차로안,승용,여,44세,상해없음,승용,남,54세,경상
2022051100100401,2022년 5월 11일 17시,수요일,충청남도 천안시 서북구 성정동,경상사고,0,0,1,0,차대차 - 후진중충돌,안전운전불이행,건조,맑음,단일로 - 기타,승용,남,31세,상해없음,승용,여,61세,경상
2022051100100441,2022년 5월 11일 18시,수요일,충청남도 아산시 둔포면,중상사고,0,1,0,0,차대사람 - 길가장자리구역통행중,보행자보호의무위반,건조,맑음,단일로 - 기타,승용,여,23세,상해없음,보행자,남,9세,중상
2022051100100511,2022년 5월 11일 20시,수요일,충청남도 청양군 비봉면,사망사고,1,0,0,0,차대차 - 기타,기타,건조,흐림,단일로 - 기타,승용,남,55세,상해없음,승용,남,63세,상해없음
2022051100100560,2022년 5월 11일 22시,수요일,충청남도 천안시 동남구 원성동,중상사고,0,1,0,0,차대차 - 측면충돌,안전운전불이행,건조,맑음,교차로 - 교차로안,승용,여,60세,상해없음,승용,남,29세,중상
2022051200100020,2022년 5월 12일 01시,목요일,충청남도 서산시 예천동,경상사고,0,0,2,0,차대차 - 추돌,안전운전불이행,건조,맑음,기타 - 기타,승용,남,59세,상해없음,승용,남,32세,경상
2022051200100021,2022년 5월 12일 01시,목요일,충청남도 천안시 서북구 두정동,경상사고,0,0,2,0,차대차 - 측면충돌,기타,건조,맑음,교차로 - 교차로안,원동기,남,40세,경상,승용,여,25세,경상
2022051200100037,2022년 5월 12일 04시,목요일,충청남도 서산시 대산읍,경상사고,0,0,1,0,차대차 - 추돌,안전거리미확보,건조,맑음,교차로 - 교차로부근,화물,남,71세,상해없음,승용,남,51세,경상
2022051200100046,2022년 5월 12일 05시,목요일,충청남도 서산시 팔봉면,중상사고,0,2,0,0,차대차 - 정면충돌,중앙선침범,건조,맑음,기타 - 기타,화물,남,38세,중상,승용,남,65세,중상
2022051200100176,2022년 5월 12일 10시,목요일,충청남도 천안시 서북구 불당동,경상사고,0,0,1,1,차대차 - 측면충돌,신호위반,건조,맑음,교차로 - 교차로안,원동기,남,17세,부상신고,화물,남,36세,경상
2022051200100177,2022년 5월 12일 10시,목요일,충청남도 홍성군 구항면,중상사고,0,1,0,0,차대차 - 측면충돌,안전운전불이행,건조,맑음,교차로 - 교차로안,승용,남,74세,상해없음,이륜,남,79세,중상
2022051200100199,2022년 5월 12일 11시,목요일,충청남도 천안시 서북구 성정동,경상사고,0,0,1,0,차대차 - 측면충돌,신호위반,건조,맑음,교차로 - 교차로부근,승용,남,20세,상해없음,자전거,여,34세,경상
2022051200100200,2022년 5월 12일 11시,목요일,충청남도 서천군 서천읍,중상사고,0,1,0,0,차대차 - 측면충돌,기타,건조,맑음,교차로 - 교차로안,이륜,남,26세,중상,승용,남,68세,상해없음
2022051200100201,2022년 5월 12일 11시,목요일,충청남도 공주시 교동,경상사고,0,0,1,0,차대차 - 측면충돌,차로위반,건조,맑음,단일로 - 교량,승용,여,57세,상해없음,승용,여,45세,경상
2022051200100260,2022년 5월 12일 13시,목요일,충청남도 천안시 서북구 두정동,경상사고,0,0,1,0,차대차 - 측면충돌,교차로운행방법위반,건조,맑음,교차로 - 교차로안,승용,남,44세,상해없음,승용,남,26세,경상
2022051200100261,2022년 5월 12일 13시,목요일,충청남도 아산시 온천동,경상사고,0,0,1,0,차대차 - 측면충돌,안전운전불이행,건조,맑음,교차로 - 교차로안,승용,여,57세,상해없음,승용,여,36세,경상
2022051200100262,2022년 5월 12일 13시,목요일,충청남도 아산시 온천동,경상사고,0,0,1,0,차대차 - 추돌,안전운전불이행,건조,맑음,단일로 - 기타,승용,남,57세,상해없음,승용,남,31세,경상
2022051200100294,2022년 5월 12일 14시,목요일,충청남도 천안시 서북구 백석동,경상사고,0,0,1,0,차대차 - 측면충돌,안전거리미확보,건조,맑음,단일로 - 기타,승용,남,62세,상해없음,승용,여,23세,경상
2022051200100295,2022년 5월 12일 14시,목요일,충청남도 아산시 배방읍,중상사고,0,1,0,0,차대차 - 기타,기타,건조,맑음,교차로 - 교차로안,승용,여,51세,상해없음,이륜,남,63세,중상
2022051200100412,2022년 5월 12일 17시,목요일,충청남도 천안시 동남구 풍세면,경상사고,0,0,1,0,차대차 - 측면충돌,신호위반,건조,맑음,교차로 - 교차로안,승용,남,25세,상해없음,승용,여,49세,경상
2022051200100464,2022년 5월 12일 18시,목요일,충청남도 천안시 서북구 직산읍,경상사고,0,0,1,0,차대차 - 측면충돌,직진우회전진행방해,건조,맑음,교차로 - 교차로안,화물,남,48세,상해없음,승용,여,20세,경상
2022051200100506,2022년 5월 12일 19시,목요일,충청남도 아산시 권곡동,경상사고,0,0,1,0,차대차 - 측면충돌,신호위반,건조,맑음,단일로 - 기타,승용,남,43세,상해없음,승용,남,27세,경상
2022051200100540,2022년 5월 12일 20시,목요일,충청남도 아산시 온천동,경상사고,0,0,1,0,차대차 - 측면충돌,안전운전불이행,건조,맑음,교차로 - 교차로안,승용,남,58세,상해없음,승용,남,41세,기타불명
2022051200100541,2022년 5월 12일 20시,목요일,충청남도 아산시 배방읍,중상사고,0,1,1,0,차대차 - 측면충돌,교차로운행방법위반,건조,맑음,교차로 - 교차로안,승용,여,39세,경상,이륜,남,37세,중상
2022051200100542,2022년 5월 12일 20시,목요일,충청남도 천안시 동남구 신방동,중상사고,0,1,0,0,차대차 - 추돌,안전운전불이행,건조,맑음,단일로 - 기타,승용,여,49세,상해없음,자전거,남,14세,중상
2022051200100583,2022년 5월 12일 22시,목요일,충청남도 서산시 석림동,경상사고,0,0,2,0,차대차 - 기타,안전운전불이행,건조,맑음,기타 - 기타,이륜,남,18세,기타불명,승용,남,30세,경상
2022051300100006,2022년 5월 13일 00시,금요일,충청남도 아산시 배방읍,경상사고,0,0,2,0,차대차 - 측면충돌,안전운전불이행,건조,맑음,교차로 - 교차로안,승용,여,33세,상해없음,승용,남,61세,경상
2022051300100044,2022년 5월 13일 06시,금요일,충청남도 서산시 운산면,경상사고,0,0,1,0,차대차 - 추돌,안전운전불이행,건조,맑음,기타 - 기타,화물,남,59세,상해없음,화물,남,75세,상해없음
2022051300100070,2022년 5월 13일 07시,금요일,충청남도 천안시 동남구 원성동,경상사고,0,0,1,0,차대사람 - 기타,안전운전불이행,건조,맑음,단일로 - 기타,승용,여,34세,상해없음,보행자,여,12세,경상
2022051300100106,2022년 5월 13일 08시,금요일,충청남도 천안시 서북구 백석동,중상사고,0,1,0,0,차대차 - 측면충돌,신호위반,건조,맑음,교차로 - 교차로안,승용,여,27세,상해없음,자전거,남,28세,중상
2022051300100107,2022년 5월 13일 08시,금요일,충청남도 예산군 예산읍,경상사고,0,0,1,0,차대차 - 정면충돌,직진우회전진행방해,건조,맑음,교차로 - 교차로안,승용,남,72세,상해없음,승용,여,37세,경상
2022051300100147,2022년 5월 13일 09시,금요일,충청남도 당진시 수청동,경상사고,0,0,2,0,차대차 - 추돌,안전운전불이행,건조,맑음,교차로 - 교차로부근,승용,남,50세,상해없음,승용,남,43세,경상
2022051300100148,2022년 5월 13일 09시,금요일,충청남도 천안시 동남구 광덕면,중상사고,0,1,0,0,차대차 - 측면충돌,안전운전불이행,건조,맑음,주차장 - 주차장,승용,여,75세,중상,승용,남,32세,기타불명
2022051300100176,2022년 5월 13일 10시,금요일,충청남도 서산시 예천동,경상사고,0,0,1,0,차대차 - 측면충돌,신호위반,건조,맑음,교차로 - 교차로안,승합,남,26세,상해없음,승용,남,29세,경상
2022051300100177,2022년 5월 13일 10시,금요일,충청남도 천안시 동남구 신부동,경상사고,0,0,1,0,차대사람 - 기타,안전운전불이행,건조,맑음,주차장 - 주차장,화물,남,55세,상해없음,보행자,남,57세,경상
2022051300100217,2022년 5월 13일 11시,금요일,충청남도 아산시 온천동,경상사고,0,0,1,0,차대차 - 추돌,안전운전불이행,건조,맑음,단일로 - 기타,승용,남,48세,상해없음,승용,여,53세,경상
2022051300100218,2022년 5월 13일 11시,금요일,충청남도 태안군 태안읍,중상사고,0,2,0,0,차대차 - 측면충돌,교차로운행방법위반,건조,맑음,교차로 - 교차로안,승용,여,44세,상해없음,이륜,남,77세,중상
2022051300100257,2022년 5월 13일 12시,금요일,충청남도 아산시 배방읍,경상사고,0,0,1,0,차대차 - 추돌,안전운전불이행,젖음/습기,비,단일로 - 기타,승용,여,32세,상해없음,승용,여,38세,경상
2022051300100328,2022년 5월 13일 14시,금요일,충청남도 천안시 동남구 구성동,중상사고,0,1,0,0,차대차 - 기타,직진우회전진행방해,건조,맑음,교차로 - 교차로안,자전거,남,79세,중상,화물,남,43세,상해없음
2022051300100391,2022년 5월 13일 16시,금요일,충청남도 천안시 서북구 백석동,중상사고,0,1,0,0,차대차 - 측면충돌,신호위반,건조,맑음,교차로 - 교차로안,승용,여,31세,상해없음,승용,여,31세,중상
2022051300100392,2022년 5월 13일 16시,금요일,충청남도 아산시 음봉면,경상사고,0,0,1,0,차대차 - 추돌,안전운전불이행,건조,흐림,단일로 - 기타,건설기계,남,35세,기타불명,화물,남,61세,경상
2022051300100393,2022년 5월 13일 16시,금요일,충청남도 서천군 서천읍,경상사고,0,0,1,0,차대사람 - 보도통행중,기타,건조,맑음,단일로 - 기타,자전거,남,12세,상해없음,보행자,여,67세,경상
2022051300100433,2022년 5월 13일 17시,금요일,충청남도 아산시 온천동,경상사고,0,0,1,0,차대차 - 측면충돌,안전운전불이행,건조,맑음,교차로 - 교차로안,승용,여,47세,상해없음,승용,남,41세,경상
2022051300100484,2022년 5월 13일 18시,금요일,충청남도 천안시 서북구 직산읍,경상사고,0,0,1,0,차대차 - 측면충돌,중앙선침범,건조,맑음,교차로 - 교차로횡단보도내,승용,남,41세,상해없음,이륜,남,21세,경상
2022051300100485,2022년 5월 13일 18시,금요일,충청남도 아산시 탕정면,경상사고,0,0,1,0,차대차 - 측면충돌,신호위반,건조,맑음,교차로 - 교차로안,승용,남,58세,상해없음,승용,여,36세,경상
2022051300100486,2022년 5월 13일 18시,금요일,충청남도 서천군 서천읍,경상사고,0,0,1,0,차대사람 - 기타,안전운전불이행,건조,맑음,교차로 - 교차로안,승합,여,47세,상해없음,보행자,여,10세,경상
2022051300100487,2022년 5월 13일 18시,금요일,충청남도 공주시 신관동,중상사고,0,1,0,0,차대차 - 기타,중앙선침범,건조,맑음,기타 - 기타,승용,남,76세,상해없음,이륜,남,33세,중상
2022051300100488,2022년 5월 13일 18시,금요일,충청남도 당진시 송산면,중상사고,0,1,0,0,차대차 - 측면충돌,안전운전불이행,건조,맑음,단일로 - 기타,승용,남,42세,상해없음,이륜,남,41세,중상
2022051300100489,2022년 5월 13일 18시,금요일,충청남도 천안시 동남구 풍세면,경상사고,0,0,1,0,차대차 - 기타,신호위반,건조,맑음,교차로 - 교차로안,승용,남,66세,상해없음,이륜,남,28세,경상
2022051300100542,2022년 5월 13일 19시,금요일,충청남도 천안시 서북구 직산읍,경상사고,0,0,1,0,차대차 - 기타,안전운전불이행,건조,맑음,교차로 - 교차로부근,승용,남,82세,상해없음,승용,여,39세,경상