사고번호,사고일시,요일,시군구,사고내용,사망자수,중상자수,경상자수,부상신고자수,사고유형,법규위반,노면상태,기상상태,도로형태,가해운전자 차종,가해운전자 성별,가해운전자 연령,가해운전자 상해정도,피해운전자 차종,피해운전자 성별,피해운전자 연령,피해운전자 상해정도
2022051300100543,2022년 5월 13일 19시,금요일,충청남도 서천군 서천읍,경상사고,0,0,1,0,차대사람 - 횡단중,보행자보호의무위반,건조,맑음,교차로 - 교차로부근,이륜,남,31세,상해없음,보행자,여,41세,경상
2022051300100544,2022년 5월 13일 19시,금요일,충청남도 천안시 동남구 원성동,경상사고,0,0,1,0,차대차 - 측면충돌,안전운전불이행,건조,맑음,교차로 - 교차로안,승용,남,54세,상해없음,승용,남,74세,경상
2022051300100588,2022년 5월 13일 20시,금요일,충청남도 천안시 서북구 불당동,경상사고,0,0,4,1,차대차 - 측면충돌,안전운전불이행,건조,맑음,교차로 - 교차로안,승용,남,19세,경상,승용,남,32세,경상
2022051300100619,2022년 5월 13일 21시,금요일,충청남도 논산시 강산동,부상신고사고,0,0,0,1,차량단독 - 공작물충돌,안전운전불이행,건조,맑음,단일로 - 기타,화물,남,61세,부상신고,,,,
2022051300100620,2022년 5월 13일 21시,금요일,충청남도 천안시 동남구 삼룡동,경상사고,0,0,1,0,차대차 - 기타,안전운전불이행,건조,맑음,단일로 - 기타,승용,남,73세,상해없음,화물,남,64세,경상
2022051300100651,2022년 5월 13일 22시,금요일,충청남도 공주시 반포면,중상사고,0,1,1,0,차대차 - 정면충돌,직진우회전진행방해,건조,맑음,교차로 - 교차로안,화물,남,53세,경상,승용,여,25세,상해없음
2022051400100108,2022년 5월 14일 08시,토요일,충청남도 아산시 장존동,경상사고,0,0,1,0,차대사람 - 횡단중,보행자보호의무위반,건조,맑음,단일로 - 기타,승용,남,44세,상해없음,보행자,남,11세,경상
2022051400100158,2022년 5월 14일 10시,토요일,충청남도 아산시 배방읍,경상사고,0,0,1,0,차대차 - 추돌,안전거리미확보,건조,맑음,단일로 - 기타,승용,남,32세,상해없음,자전거,남,29세,경상
2022051400100196,2022년 5월 14일 11시,토요일,충청남도 천안시 동남구 용곡동,경상사고,0,0,1,0,차대차 - 기타,안전운전불이행,건조,맑음,단일로 - 기타,개인형이동수단(PM),남,44세,경상,자전거,여,46세,상해없음
2022051400100197,2022년 5월 14일 11시,토요일,충청남도 홍성군 은하면,경상사고,0,0,5,0,차대차 - 기타,안전운전불이행,건조,맑음,단일로 - 기타,승용,여,59세,상해없음,승용,남,49세,경상
2022051400100234,2022년 5월 14일 12시,토요일,충청남도 서산시 부석면,사망사고,1,0,0,0,차량단독 - 전도전복 - 전도,안전운전불이행,건조,맑음,단일로 - 기타,이륜,남,46세,사망,,,,
2022051400100273,2022년 5월 14일 13시,토요일,충청남도 당진시 송악읍,경상사고,0,0,1,0,차대차 - 추돌,안전운전불이행,건조,맑음,단일로 - 기타,승용,남,32세,상해없음,화물,남,51세,경상
2022051400100274,2022년 5월 14일 13시,토요일,충청남도 보령시 남곡동,부상신고사고,0,0,0,2,차대차 - 기타,안전운전불이행,건조,맑음,단일로 - 기타,승용,남,60세,부상신고,승용,남,39세,상해없음
2022051400100318,2022년 5월 14일 14시,토요일,충청남도 아산시 모종동,중상사고,0,1,0,0,차대차 - 기타,안전운전불이행,건조,맑음,교차로 - 교차로안,이륜,남,24세,기타불명,이륜,남,21세,중상
2022051400100320,2022년 5월 14일 14시,토요일,충청남도 당진시 읍내동,경상사고,0,0,1,0,차대사람 - 기타,안전운전불이행,건조,맑음,단일로 - 기타,승용,남,28세,상해없음,보행자,여,52세,경상
2022051400100366,2022년 5월 14일 15시,토요일,충청남도 천안시 서북구 신당동,중상사고,0,1,1,0,차대차 - 기타,신호위반,건조,맑음,교차로 - 교차로안,승용,남,50세,상해없음,화물,남,55세,경상
2022051400100411,2022년 5월 14일 16시,토요일,충청남도 천안시 서북구 성정동,부상신고사고,0,0,0,2,차대차 - 측면충돌,교차로운행방법위반,건조,맑음,교차로 - 교차로안,승용,남,54세,상해없음,이륜,남,75세,부상신고
2022051400100412,2022년 5월 14일 16시,토요일,충청남도 예산군 오가면,사망사고,1,0,0,0,차량단독 - 공작물충돌,안전운전불이행,건조,맑음,교차로 - 교차로부근,승용,남,70세,사망,,,,
2022051400100462,2022년 5월 14일 17시,토요일,충청남도 홍성군 구항면,중상사고,0,1,0,0,차대차 - 측면충돌,안전운전불이행,건조,맑음,교차로 - 교차로안,화물,남,67세,상해없음,승용,남,55세,중상
2022051400100501,2022년 5월 14일 18시,토요일,충청남도 태안군 근흥면,경상사고,0,0,1,0,차대사람 - 기타,안전운전불이행,건조,맑음,기타 - 기타,화물,여,54세,상해없음,보행자,여,62세,경상
2022051400100502,2022년 5월 14일 18시,토요일,충청남도 논산시 벌곡면,경상사고,0,0,4,0,차대차 - 기타,안전운전불이행,건조,맑음,단일로 - 기타,승용,남,21세,상해없음,승용,여,26세,경상
2022051400100532,2022년 5월 14일 19시,토요일,충청남도 천안시 서북구 두정동,경상사고,0,0,1,0,차대차 - 측면충돌,안전운전불이행,건조,맑음,단일로 - 기타,이륜,남,18세,상해없음,이륜,남,32세,경상
2022051400100533,2022년 5월 14일 19시,토요일,충청남도 예산군 예산읍,경상사고,0,0,1,0,차대차 - 측면충돌,안전운전불이행,건조,맑음,단일로 - 기타,승용,남,77세,상해없음,승용,여,63세,경상
2022051400100568,2022년 5월 14일 20시,토요일,충청남도 천안시 동남구 쌍용동,중상사고,0,1,0,0,차대사람 - 횡단중,안전운전불이행,건조,맑음,교차로 - 교차로안,승용,남,70세,상해없음,보행자,남,63세,중상
2022051400100569,2022년 5월 14일 20시,토요일,충청남도 천안시 동남구 신방동,경상사고,0,0,2,0,차대차 - 측면충돌,안전운전불이행,건조,맑음,단일로 - 기타,승용,여,55세,상해없음,승용,남,24세,경상
2022051400100647,2022년 5월 14일 23시,토요일,충청남도 천안시 서북구 직산읍,경상사고,0,0,2,0,차대차 - 정면충돌,신호위반,건조,맑음,교차로 - 교차로안,승용,남,36세,상해없음,승용,남,66세,경상
2022051500100055,2022년 5월 15일 03시,일요일,충청남도 천안시 서북구 성정동,중상사고,0,1,0,0,차대사람 - 기타,기타,건조,맑음,교차로 - 교차로안,승용,남,32세,상해없음,보행자,남,47세,중상
2022051500100063,2022년 5월 15일 04시,일요일,충청남도 부여군 은산면,중상사고,0,1,0,0,차량단독 - 공작물충돌,안전운전불이행,건조,맑음,단일로 - 기타,승용,남,29세,상해없음,,,,
2022051500100107,2022년 5월 15일 08시,일요일,충청남도 서천군 장항읍,경상사고,0,0,1,0,차대차 - 측면충돌,직진우회전진행방해,건조,맑음,교차로 - 교차로안,화물,남,67세,상해없음,자전거,남,74세,경상
2022051500100137,2022년 5월 15일 10시,일요일,충청남도 천안시 서북구 쌍용동,경상사고,0,0,2,0,차대차 - 추돌,안전운전불이행,건조,맑음,교차로 - 교차로부근,승용,남,62세,상해없음,승합,남,51세,경상
2022051500100138,2022년 5월 15일 10시,일요일,충청남도 예산군 예산읍,사망사고,1,0,0,0,차량단독 - 도로외이탈 - 추락,안전운전불이행,건조,맑음,단일로 - 고가도로위,이륜,남,48세,사망,,,,
2022051500100139,2022년 5월 15일 10시,일요일,충청남도 천안시 동남구 안서동,경상사고,0,0,2,0,차대차 - 추돌,기타,건조,맑음,단일로 - 지하차도(도로)내,승용,남,49세,경상,승용,남,51세,경상
2022051500100168,2022년 5월 15일 11시,일요일,충청남도 공주시 정안면,경상사고,0,0,1,0,차량단독 - 도로외이탈 - 추락,안전운전불이행,건조,맑음,단일로 - 기타,사륜오토바이(ATV),남,68세,경상,,,,
2022051500100293,2022년 5월 15일 15시,일요일,충청남도 아산시 탕정면,경상사고,0,0,2,0,차대차 - 기타,기타,건조,맑음,단일로 - 기타,화물,남,62세,상해없음,승용,남,40세,경상
2022051500100294,2022년 5월 15일 15시,일요일,충청남도 태안군 태안읍,중상사고,0,1,0,0,차대차 - 추돌,안전운전불이행,건조,맑음,교차로 - 교차로부근,승용,남,67세,상해없음,승용,여,39세,중상
2022051500100368,2022년 5월 15일 17시,일요일,충청남도 아산시 방축동,경상사고,0,0,1,0,차대차 - 기타,신호위반,건조,맑음,교차로 - 교차로안,승용,남,82세,상해없음,승용,남,35세,경상
2022051500100402,2022년 5월 15일 18시,일요일,충청남도 천안시 서북구 두정동,경상사고,0,0,1,0,차대사람 - 차도통행중,안전운전불이행,건조,맑음,교차로 - 교차로안,승용,여,63세,상해없음,보행자,남,60세,경상
2022051500100426,2022년 5월 15일 19시,일요일,충청남도 당진시 순성면,중상사고,0,1,0,0,차량단독 - 공작물충돌,안전운전불이행,건조,맑음,단일로 - 기타,승용,남,65세,중상,,,,
2022051500100470,2022년 5월 15일 21시,일요일,충청남도 천안시 서북구 성정동,중상사고,0,1,0,0,차대차 - 기타,안전운전불이행,건조,맑음,단일로 - 기타,승용,남,30세,상해없음,이륜,여,27세,중상
2022051500100502,2022년 5월 15일 23시,일요일,충청남도 홍성군 홍성읍,경상사고,0,0,1,0,차대차 - 추돌,안전운전불이행,건조,맑음,교차로 - 교차로부근,이륜,남,17세,상해없음,승용,남,59세,경상
2022051500100503,2022년 5월 15일 23시,일요일,충청남도 천안시 동남구 성남면,경상사고,0,0,1,0,차대차 - 기타,안전운전불이행,건조,맑음,단일로 - 기타,승용,남,23세,상해없음,승용,남,35세,경상
2022051600100043,2022년 5월 16일 06시,월요일,충청남도 천안시 서북구 불당동,경상사고,0,0,2,0,차대차 - 측면충돌,신호위반,건조,맑음,단일로 - 지하차도(도로)내,화물,남,48세,상해없음,승용,남,52세,경상
2022051600100044,2022년 5월 16일 06시,월요일,충청남도 공주시 우성면,경상사고,0,0,3,0,차대차 - 추돌,안전운전불이행,건조,맑음,단일로 - 기타,승용,남,19세,상해없음,승용,남,44세,경상
2022051600100063,2022년 5월 16일 07시,월요일,충청남도 천안시 서북구 입장면,부상신고사고,0,0,0,1,차대차 - 정면충돌,안전운전불이행,건조,맑음,교차로 - 교차로안,승용,남,59세,상해없음,승용,남,46세,부상신고
2022051600100064,2022년 5월 16일 07시,월요일,충청남도 아산시 탕정면,경상사고,0,0,1,0,차대사람 - 기타,기타,건조,맑음,기타 - 기타,자전거,남,22세,상해없음,보행자,남,39세,경상
2022051600100065,2022년 5월 16일 07시,월요일,충청남도 부여군 옥산면,경상사고,0,0,3,0,차대차 - 추돌,안전운전불이행,건조,맑음,단일로 - 기타,화물,남,67세,기타불명,승용,남,64세,경상
2022051600100103,2022년 5월 16일 08시,월요일,충청남도 보령시 대천동,부상신고사고,0,0,0,1,차대사람 - 길가장자리구역통행중,안전운전불이행,건조,맑음,교차로 - 교차로안,승용,여,39세,상해없음,보행자,남,46세,부상신고
2022051600100104,2022년 5월 16일 08시,월요일,충청남도 당진시 송악읍,경상사고,0,0,1,0,차대차 - 정면충돌,안전운전불이행,건조,맑음,단일로 - 기타,승합,남,43세,상해없음,승용,여,67세,경상
2022051600100148,2022년 5월 16일 09시,월요일,충청남도 서천군 장항읍,경상사고,0,0,2,0,차대차 - 추돌,안전운전불이행,건조,맑음,단일로 - 교량,승용,남,57세,상해없음,승용,남,57세,경상
2022051600100149,2022년 5월 16일 09시,월요일,충청남도 청양군 청양읍,중상사고,0,1,1,0,차대차 - 정면충돌,안전운전불이행,건조,맑음,단일로 - 기타,화물,남,63세,상해없음,화물,남,53세,중상
2022051600100189,2022년 5월 16일 10시,월요일,충청남도 천안시 서북구 차암동,경상사고,0,0,1,0,차대차 - 기타,안전거리미확보,건조,맑음,단일로 - 기타,화물,남,73세,상해없음,승용,남,36세,경상
2022051600100190,2022년 5월 16일 10시,월요일,충청남도 천안시 서북구 성정동,경상사고,0,0,1,0,차대차 - 추돌,안전운전불이행,건조,맑음,단일로 - 기타,승용,여,54세,상해없음,원동기,남,54세,경상
2022051600100191,2022년 5월 16일 10시,월요일,충청남도 서천군 한산면,중상사고,0,2,1,0,차량단독 - 도로외이탈 - 기타,안전운전불이행,건조,맑음,단일로 - 기타,승용,여,61세,경상,,,,
2022051600100248,2022년 5월 16일 12시,월요일,충청남도 천안시 서북구 두정동,중상사고,0,1,0,0,차대사람 - 횡단중,보행자보호의무위반,건조,맑음,교차로 - 교차로부근,승용,여,51세,상해없음,보행자,여,42세,중상
2022051600100249,2022년 5월 16일 12시,월요일,충청남도 천안시 서북구 성환읍,중상사고,0,1,0,0,차량단독 - 기타,안전운전불이행,건조,맑음,교차로 - 교차로안,승용,남,51세,상해없음,,,,
2022051600100250,2022년 5월 16일 12시,월요일,충청남도 당진시 읍내동,경상사고,0,0,1,0,차대차 - 측면충돌,안전운전불이행,건조,맑음,단일로 - 기타,승용,여,32세,상해없음,승용,여,45세,경상
2022051600100286,2022년 5월 16일 13시,월요일,충청남도 예산군 대술면,경상사고,0,0,1,0,차대사람 - 기타,안전운전불이행,건조,맑음,기타 - 기타,승합,남,62세,상해없음,보행자,여,86세,경상
2022051600100314,2022년 5월 16일 14시,월요일,충청남도 천안시 서북구 불당동,중상사고,0,1,3,0,차대차 - 기타,신호위반,건조,맑음,교차로 - 교차로안,이륜,남,51세,경상,승합,남,55세,상해없음
2022051600100315,2022년 5월 16일 14시,월요일,충청남도 보령시 주교면,중상사고,0,2,0,0,차량단독 - 전도전복 - 전도,안전운전불이행,건조,맑음,단일로 - 기타,이륜,남,70세,중상,,,,
2022051600100316,2022년 5월 16일 14시,월요일,충청남도 부여군 장암면,경상사고,0,0,1,0,차대차 - 측면충돌,중앙선침범,건조,맑음,단일로 - 기타,승용,여,67세,상해없음,승용,여,52세,경상
2022051600100358,2022년 5월 16일 15시,월요일,충청남도 천안시 서북구 성환읍,경상사고,0,0,1,0,차대차 - 추돌,안전운전불이행,건조,맑음,단일로 - 기타,화물,남,48세,상해없음,화물,남,47세,경상
2022051600100359,2022년 5월 16일 15시,월요일,충청남도 홍성군 홍성읍,경상사고,0,0,1,0,차대차 - 측면충돌,신호위반,건조,맑음,교차로 - 교차로안,화물,남,67세,상해없음,승용,여,49세,경상
2022051600100444,2022년 5월 16일 17시,월요일,충청남도 아산시 모종동,중상사고,0,1,0,0,차대사람 - 기타,안전운전불이행,건조,맑음,단일로 - 기타,특수,남,54세,상해없음,보행자,여,85세,중상
2022051600100445,2022년 5월 16일 17시,월요일,충청남도 천안시 동남구 병천면,경상사고,0,0,1,0,차대차 - 기타,안전운전불이행,건조,맑음,교차로 - 교차로안,승용,남,28세,상해없음,화물,남,56세,경상
2022051600100483,2022년 5월 16일 18시,월요일,충청남도 천안시 서북구 쌍용동,경상사고,0,0,1,0,차대사람 - 횡단중,안전운전불이행,건조,맑음,단일로 - 기타,승용,남,25세,상해없음,보행자,남,9세,경상
2022051600100484,2022년 5월 16일 18시,월요일,충청남도 천안시 동남구 청당동,경상사고,0,0,1,0,차대차 - 기타,안전운전불이행,건조,맑음,단일로 - 기타,승용,남,48세,상해없음,이륜,남,17세,경상
2022051600100524,2022년 5월 16일 19시,월요일,충청남도 천안시 동남구 청당동,경상사고,0,0,1,0,차대차 - 측면충돌,안전운전불이행,건조,맑음,단일로 - 기타,화물,남,59세,상해없음,승용,여,32세,경상
2022051600100553,2022년 5월 16일 20시,월요일,충청남도 서천군 서천읍,사망사고,1,0,1,0,차대사람 - 기타,보행자보호의무위반,건조,맑음,교차로 - 교차로안,화물,남,44세,상해없음,보행자,여,73세,사망
2022051600100572,2022년 5월 16일 21시,월요일,충청남도 아산시 모종동,경상사고,0,0,1,0,차대차 - 측면충돌,교차로운행방법위반,건조,맑음,교차로 - 교차로안,승용,남,65세,상해없음,이륜,남,51세,경상
2022051600100573,2022년 5월 16일 21시,월요일,충청남도 아산시 배방읍,경상사고,0,0,1,0,차대차 - 추돌,안전운전불이행,건조,맑음,단일로 - 기타,승용,남,31세,상해없음,승용,남,52세,상해없음
2022051600100596,2022년 5월 16일 22시,월요일,충청남도 천안시 서북구 부대동,경상사고,0,0,1,2,차대차 - 측면충돌,안전운전불이행,건조,맑음,단일로 - 기타,원동기,남,20세,부상신고,승용,남,34세,경상
2022051600100617,2022년 5월 16일 23시,월요일,충청남도 논산시 취암동,경상사고,0,0,1,0,차대사람 - 기타,안전운전불이행,건조,맑음,교차로 - 교차로부근,승용,남,54세,상해없음,보행자,남,58세,경상
2022051700100013,2022년 5월 17일 01시,화요일,충청남도 천안시 서북구 성성동,경상사고,0,0,2,0,차대차 - 추돌,안전운전불이행,건조,맑음,교차로 - 교차로부근,승용,남,28세,상해없음,승용,남,36세,경상
2022051700100043,2022년 5월 17일 06시,화요일,충청남도 예산군 예산읍,경상사고,0,0,2,0,차대차 - 정면충돌,안전운전불이행,건조,맑음,교차로 - 교차로부근,이륜,남,57세,경상,승용,여,63세,경상
2022051700100062,2022년 5월 17일 07시,화요일,충청남도 아산시 둔포면,중상사고,0,1,1,0,차대차 - 추돌,안전운전불이행,건조,맑음,단일로 - 기타,승용,여,34세,상해없음,승용,남,34세,경상
2022051700100094,2022년 5월 17일 08시,화요일,충청남도 논산시 연산면,중상사고,0,1,1,0,차대차 - 측면충돌,중앙선침범,건조,맑음,단일로 - 기타,원동기,남,73세,중상,승용,남,26세,경상
2022051700100095,2022년 5월 17일 08시,화요일,충청남도 아산시 둔포면,경상사고,0,0,1,0,차대차 - 기타,안전운전불이행,건조,맑음,교차로 - 교차로부근,승용,남,48세,상해없음,승합,남,27세,경상
2022051700100096,2022년 5월 17일 08시,화요일,충청남도 공주시 금흥동,중상사고,0,2,1,0,차대차 - 측면충돌,직진우회전진행방해,건조,맑음,교차로 - 교차로안,승용,남,35세,경상,이륜,남,52세,중상
2022051700100097,2022년 5월 17일 08시,화요일,충청남도 천안시 동남구 청당동,경상사고,0,0,1,0,차대차 - 측면충돌,안전거리미확보,건조,맑음,단일로 - 기타,화물,남,63세,상해없음,승용,남,31세,경상
2022051700100231,2022년 5월 17일 12시,화요일,충청남도 서산시 동문동,중상사고,0,1,0,0,차대차 - 측면충돌,불법유턴,건조,맑음,교차로 - 교차로부근,이륜,남,35세,중상,승용,여,61세,상해없음
2022051700100232,2022년 5월 17일 12시,화요일,충청남도 천안시 동남구 동면,경상사고,0,0,2,0,차대차 - 추돌,안전운전불이행,건조,맑음,교차로 - 교차로부근,이륜,남,70세,경상,승용,남,54세,경상
2022051700100272,2022년 5월 17일 13시,화요일,충청남도 서천군 서천읍,경상사고,0,0,1,0,차대사람 - 횡단중,안전운전불이행,건조,맑음,단일로 - 기타,화물,남,67세,상해없음,보행자,여,33세,경상
2022051700100302,2022년 5월 17일 14시,화요일,충청남도 천안시 서북구 쌍용동,경상사고,0,0,1,0,차대차 - 측면충돌,안전운전불이행,건조,맑음,교차로 - 교차로안,승용,남,51세,기타불명,승용,남,68세,상해없음
2022051700100303,2022년 5월 17일 14시,화요일,충청남도 아산시 배방읍,경상사고,0,0,2,0,차대차 - 측면충돌,안전운전불이행,건조,맑음,교차로 - 교차로안,승용,여,36세,기타불명,승용,여,40세,경상
2022051700100335,2022년 5월 17일 15시,화요일,충청남도 부여군 은산면,중상사고,0,1,0,0,차량단독 - 공작물충돌,안전운전불이행,건조,맑음,교차로 - 교차로부근,승용,남,50세,중상,,,,
2022051700100336,2022년 5월 17일 15시,화요일,충청남도 천안시 동남구 성남면,경상사고,0,0,3,0,차대차 - 후진중충돌,안전운전불이행,건조,맑음,교차로 - 교차로안,화물,남,37세,경상,승용,여,60세,경상
2022051700100377,2022년 5월 17일 16시,화요일,충청남도 천안시 서북구 성성동,중상사고,0,1,0,0,차대차 - 기타,기타,건조,맑음,교차로 - 교차로부근,승용,남,27세,상해없음,자전거,남,40세,중상
2022051700100378,2022년 5월 17일 16시,화요일,충청남도 공주시 의당면,중상사고,0,1,2,0,차대차 - 측면충돌,직진우회전진행방해,건조,맑음,교차로 - 교차로안,승용,여,39세,경상,승합,남,50세,중상
2022051700100379,2022년 5월 17일 16시,화요일,충청남도 예산군 고덕면,경상사고,0,0,3,0,차대차 - 측면충돌,직진우회전진행방해,건조,맑음,교차로 - 교차로안,원동기,남,46세,경상,승합,남,36세,경상
2022051700100417,2022년 5월 17일 17시,화요일,충청남도 천안시 서북구 차암동,경상사고,0,0,1,0,차대차 - 추돌,안전운전불이행,건조,맑음,교차로 - 교차로부근,승용,여,34세,상해없음,승용,여,42세,경상
2022051700100418,2022년 5월 17일 17시,화요일,충청남도 보령시 웅천읍,경상사고,0,0,1,0,차대차 - 기타,기타,건조,맑음,단일로 - 기타,승용,남,86세,상해없음,승용,남,50세,경상
2022051700100419,2022년 5월 17일 17시,화요일,충청남도 당진시 신평면,경상사고,0,0,1,0,차대차 - 추돌,안전운전불이행,건조,맑음,교차로 - 교차로부근,승용,남,64세,상해없음,승용,남,25세,경상
2022051700100420,2022년 5월 17일 17시,화요일,충청남도 천안시 동남구 목천읍,경상사고,0,0,1,0,차대차 - 측면충돌,안전운전불이행,건조,맑음,교차로 - 교차로부근,승용,여,25세,상해없음,화물,남,49세,경상
2022051700100513,2022년 5월 17일 19시,화요일,충청남도 보령시 명천동,중상사고,0,1,0,0,차대사람 - 횡단중,보행자보호의무위반,건조,맑음,교차로 - 교차로횡단보도내,승용,여,46세,상해없음,보행자,여,66세,중상
2022051700100514,2022년 5월 17일 19시,화요일,충청남도 예산군 오가면,경상사고,0,0,1,0,차대차 - 추돌,안전운전불이행,건조,맑음,단일로 - 기타,승용,남,47세,경상,화물,기타불명,미분류,기타불명
2022051700100586,2022년 5월 17일 22시,화요일,충청남도 천안시 서북구 성정동,경상사고,0,0,1,0,차대차 - 기타,신호위반,건조,맑음,교차로 - 교차로안,승용,남,31세,상해없음,이륜,남,25세,경상
2022051700100613,2022년 5월 17일 23시,화요일,충청남도 천안시 서북구 쌍용동,경상사고,0,0,1,0,차대차 - 추돌,안전운전불이행,건조,맑음,교차로 - 교차로부근,승용,남,60세,상해없음,이륜,남,70세,경상
2022051800100007,2022년 5월 18일 00시,수요일,충청남도 천안시 서북구 불당동,경상사고,0,0,1,0,차대차 - 측면충돌,신호위반,건조,맑음,교차로 - 교차로안,승용,남,53세,상해없음,승용,여,24세,경상
2022051800100033,2022년 5월 18일 04시,수요일,충청남도 아산시 모종동,중상사고,0,1,1,0,차대차 - 측면충돌,신호위반,건조,맑음,교차로 - 교차로안,승용,남,61세,중상,승용,여,67세,경상
2022051800100037,2022년 5월 18일 05시,수요일,충청남도 천안시 서북구 성환읍,경상사고,0,0,2,0,차대차 - 추돌,안전운전불이행,건조,맑음,교차로 - 교차로안,승용,여,47세,상해없음,승용,남,27세,경상
2022051800100038,2022년 5월 18일 05시,수요일,충청남도 금산군 금산읍,경상사고,0,0,1,0,차대차 - 측면충돌,신호위반,건조,맑음,교차로 - 교차로안,승용,남,72세,상해없음,화물,남,58세,경상
2022051800100104,2022년 5월 18일 08시,수요일,충청남도 천안시 동남구 봉명동,경상사고,0,0,3,0,차대차 - 추돌,안전운전불이행,건조,맑음,교차로 - 교차로안,자전거,남,14세,경상,승용,남,42세,경상
2022051800100179,2022년 5월 18일 10시,수요일,충청남도 서천군 장항읍,경상사고,0,0,1,0,차대차 - 기타,중앙선침범,건조,맑음,단일로 - 고가도로위,승용,남,50세,상해없음,승용,여,46세,경상
2022051800100255,2022년 5월 18일 13시,수요일,충청남도 부여군 내산면,중상사고,0,1,2,0,차대차 - 정면충돌,중앙선침범,건조,맑음,단일로 - 기타,승용,남,67세,상해없음,특수,남,51세,경상
2022051800100341,2022년 5월 18일 15시,수요일,충청남도 아산시 선장면,중상사고,0,1,0,0,차대차 - 기타,안전운전불이행,건조,맑음,교차로 - 교차로안,건설기계,남,58세,상해없음,이륜,여,65세,중상
2022051800100342,2022년 5월 18일 15시,수요일,충청남도 천안시 동남구 동면,경상사고,0,0,1,0,차대차 - 측면충돌,안전운전불이행,건조,맑음,교차로 - 교차로안,화물,남,45세,상해없음,승용,남,62세,경상
2022051800100384,2022년 5월 18일 16시,수요일,충청남도 홍성군 갈산면,경상사고,0,0,1,0,차대사람 - 기타,안전운전불이행,젖음/습기,맑음,주차장 - 주차장,화물,남,57세,상해없음,보행자,남,44세,경상
2022051800100385,2022년 5월 18일 16시,수요일,충청남도 태안군 안면읍,경상사고,0,0,2,1,차대차 - 정면충돌,중앙선침범,건조,맑음,단일로 - 기타,승용,남,80세,부상신고,승용,남,31세,경상
2022051800100432,2022년 5월 18일 17시,수요일,충청남도 천안시 서북구 차암동,중상사고,0,1,1,0,차대차 - 기타,교차로운행방법위반,건조,맑음,교차로 - 교차로안,승용,남,66세,중상,승용,남,30세,경상
2022051800100479,2022년 5월 18일 18시,수요일,충청남도 서산시 석남동,경상사고,0,0,1,0,차대차 - 측면충돌,교차로운행방법위반,건조,맑음,교차로 - 교차로안,승용,남,21세,상해없음,이륜,남,44세,경상
2022051800100480,2022년 5월 18일 18시,수요일,충청남도 아산시 권곡동,중상사고,0,1,0,0,차대차 - 추돌,안전운전불이행,건조,맑음,단일로 - 기타,승용,남,42세,기타불명,승용,남,42세,중상
2022051800100546,2022년 5월 18일 20시,수요일,충청남도 아산시 탕정면,경상사고,0,0,3,0,차대차 - 정면충돌,중앙선침범,건조,맑음,단일로 - 기타,승용,남,51세,상해없음,승용,남,59세,경상
2022051800100547,2022년 5월 18일 20시,수요일,충청남도 예산군 예산읍,경상사고,0,0,1,0,차대사람 - 횡단중,보행자보호의무위반,건조,맑음,교차로 - 교차로안,승용,남,64세,상해없음,보행자,남,54세,경상
2022051800100574,2022년 5월 18일 21시,수요일,충청남도 천안시 서북구 백석동,경상사고,0,0,2,0,차대차 - 추돌,안전운전불이행,건조,맑음,교차로 - 교차로부근,승용,남,55세,상해없음,승용,남,56세,경상
2022051800100592,2022년 5월 18일 22시,수요일,충청남도 태안군 태안읍,경상사고,0,0,2,0,차대차 - 추돌,안전운전불이행,건조,맑음,단일로 - 기타,승용,남,46세,상해없음,승용,남,25세,경상
2022051900100023,2022년 5월 19일 02시,목요일,충청남도 천안시 동남구 목천읍,중상사고,0,1,1,0,차대차 - 측면충돌,교차로운행방법위반,건조,맑음,교차로 - 교차로안,화물,남,51세,중상,화물,남,43세,경상
2022051900100083,2022년 5월 19일 07시,목요일,충청남도 예산군 광시면,중상사고,0,2,0,0,차대차 - 정면충돌,중앙선침범,건조,맑음,단일로 - 기타,승용,여,64세,중상,화물,남,62세,중상
2022051900100118,2022년 5월 19일 08시,목요일,충청남도 부여군 충화면,중상사고,0,5,1,0,차대차 - 측면충돌,직진우회전진행방해,건조,맑음,교차로 - 교차로안,화물,남,51세,상해없음,승합,남,65세,중상
2022051900100119,2022년 5월 19일 08시,목요일,충청남도 천안시 동남구 목천읍,경상사고,0,0,1,0,차대차 - 측면충돌,안전운전불이행,건조,맑음,단일로 - 기타,승용,남,28세,상해없음,승용,여,45세,경상
2022051900100155,2022년 5월 19일 09시,목요일,충청남도 보령시 명천동,중상사고,0,1,0,0,차대차 - 측면충돌,안전운전불이행,건조,맑음,단일로 - 기타,승용,남,57세,상해없음,이륜,남,70세,중상
2022051900100177,2022년 5월 19일 10시,목요일,충청남도 보령시 대천동,중상사고,0,1,0,0,차대사람 - 횡단중,안전운전불이행,건조,맑음,단일로 - 기타,승합,남,54세,상해없음,보행자,여,86세,중상
2022051900100212,2022년 5월 19일 11시,목요일,충청남도 공주시 계룡면,중상사고,0,1,0,0,차대차 - 측면충돌,중앙선침범,건조,맑음,교차로 - 교차로안,승용,여,54세,상해없음,원동기,여,66세,중상