사고번호,사고일시,요일,시군구,사고내용,사망자수,중상자수,경상자수,부상신고자수,사고유형,법규위반,노면상태,기상상태,도로형태,가해운전자 차종,가해운전자 성별,가해운전자 연령,가해운전자 상해정도,피해운전자 차종,피해운전자 성별,피해운전자 연령,피해운전자 상해정도
2022051900100237,2022년 5월 19일 12시,목요일,충청남도 아산시 온천동,경상사고,0,0,1,0,차대차 - 정면충돌,안전운전불이행,건조,맑음,교차로 - 교차로안,승용,남,47세,상해없음,이륜,남,35세,경상
2022051900100238,2022년 5월 19일 12시,목요일,충청남도 청양군 청양읍,경상사고,0,0,1,0,차량단독 - 전도전복 - 전도,안전운전불이행,건조,맑음,단일로 - 기타,이륜,남,55세,경상,,,,
2022051900100268,2022년 5월 19일 13시,목요일,충청남도 금산군 금산읍,중상사고,0,1,0,0,차대사람 - 횡단중,보행자보호의무위반,건조,맑음,교차로 - 교차로횡단보도내,화물,여,56세,상해없음,보행자,여,75세,중상
2022051900100318,2022년 5월 19일 15시,목요일,충청남도 천안시 서북구 성정동,경상사고,0,0,1,1,차대차 - 측면충돌,직진우회전진행방해,건조,맑음,교차로 - 교차로안,화물,남,52세,부상신고,승용,여,51세,경상
2022051900100405,2022년 5월 19일 17시,목요일,충청남도 서산시 동문동,경상사고,0,0,1,0,차대차 - 정면충돌,신호위반,건조,맑음,교차로 - 교차로안,이륜,남,67세,상해없음,승용,여,58세,경상
2022051900100479,2022년 5월 19일 19시,목요일,충청남도 천안시 동남구 신방동,부상신고사고,0,0,0,1,차량단독 - 기타,안전운전불이행,건조,맑음,단일로 - 기타,원동기,남,48세,부상신고,,,,
2022051900100500,2022년 5월 19일 20시,목요일,충청남도 예산군 예산읍,경상사고,0,0,1,0,차대사람 - 횡단중,안전운전불이행,건조,맑음,교차로 - 교차로부근,승용,남,57세,상해없음,보행자,남,64세,경상
2022051900100532,2022년 5월 19일 21시,목요일,충청남도 보령시 동대동,부상신고사고,0,0,0,1,차대차 - 정면충돌,안전운전불이행,건조,맑음,단일로 - 기타,승용,남,63세,상해없음,이륜,남,22세,부상신고
2022051900100560,2022년 5월 19일 22시,목요일,충청남도 보령시 신흑동,중상사고,0,2,0,0,차대차 - 추돌,안전운전불이행,건조,맑음,교차로 - 교차로부근,화물,남,57세,기타불명,승용,남,47세,중상
2022051900100580,2022년 5월 19일 23시,목요일,충청남도 천안시 서북구 불당동,부상신고사고,0,0,0,1,차대사람 - 기타,안전운전불이행,건조,맑음,교차로 - 교차로횡단보도내,승용,남,24세,상해없음,보행자,남,35세,부상신고
2022052000100018,2022년 5월 20일 01시,금요일,충청남도 천안시 서북구 성정동,중상사고,0,1,0,0,차대차 - 측면충돌,신호위반,건조,맑음,교차로 - 교차로부근,승용,남,33세,상해없음,이륜,남,41세,중상
2022052000100019,2022년 5월 20일 01시,금요일,충청남도 천안시 서북구 성정동,경상사고,0,0,2,0,차대차 - 추돌,안전운전불이행,건조,맑음,교차로 - 교차로부근,승용,여,44세,상해없음,승용,남,25세,경상
2022052000100047,2022년 5월 20일 05시,금요일,충청남도 부여군 장암면,중상사고,0,1,0,0,차량단독 - 공작물충돌,안전운전불이행,건조,맑음,단일로 - 기타,승용,남,49세,중상,,,,
2022052000100053,2022년 5월 20일 06시,금요일,충청남도 논산시 강경읍,경상사고,0,0,1,0,차대차 - 측면충돌,신호위반,건조,맑음,교차로 - 교차로안,승용,남,28세,기타불명,승용,남,49세,경상
2022052000100117,2022년 5월 20일 08시,금요일,충청남도 아산시 염치읍,경상사고,0,0,1,0,차대차 - 기타,안전운전불이행,건조,맑음,교차로 - 교차로안,승용,여,21세,상해없음,승용,남,34세,경상
2022052000100118,2022년 5월 20일 08시,금요일,충청남도 아산시 배방읍,경상사고,0,0,1,0,차대차 - 측면충돌,차로위반,건조,맑음,단일로 - 기타,승용,여,62세,상해없음,승용,여,28세,경상
2022052000100119,2022년 5월 20일 08시,금요일,충청남도 당진시 송악읍,경상사고,0,0,1,0,차대차 - 추돌,안전운전불이행,건조,맑음,단일로 - 기타,승용,남,21세,기타불명,승합,남,55세,경상
2022052000100120,2022년 5월 20일 08시,금요일,충청남도 천안시 동남구 원성동,중상사고,0,1,0,0,차대사람 - 횡단중,신호위반,건조,맑음,교차로 - 교차로횡단보도내,승합,남,53세,상해없음,보행자,여,13세,중상
2022052000100154,2022년 5월 20일 09시,금요일,충청남도 서천군 서천읍,중상사고,0,1,0,0,차량단독 - 전도전복 - 전도,안전운전불이행,건조,맑음,교차로 - 교차로안,이륜,남,80세,중상,,,,
2022052000100155,2022년 5월 20일 09시,금요일,충청남도 천안시 동남구 신방동,경상사고,0,0,1,0,차대차 - 기타,교차로운행방법위반,건조,맑음,단일로 - 기타,건설기계,남,56세,상해없음,화물,남,31세,경상
2022052000100184,2022년 5월 20일 10시,금요일,충청남도 천안시 동남구 대흥동,중상사고,0,1,0,0,차대사람 - 기타,보행자보호의무위반,건조,맑음,단일로 - 기타,승용,남,51세,상해없음,보행자,여,63세,중상
2022052000100207,2022년 5월 20일 11시,금요일,충청남도 아산시 인주면,경상사고,0,0,1,0,차대차 - 기타,안전운전불이행,건조,맑음,기타 - 기타,화물,남,63세,기타불명,승용,남,47세,경상
2022052000100267,2022년 5월 20일 13시,금요일,충청남도 천안시 서북구 입장면,부상신고사고,0,0,0,1,차대차 - 기타,신호위반,건조,맑음,교차로 - 교차로안,이륜,남,87세,부상신고,승용,남,47세,상해없음
2022052000100268,2022년 5월 20일 13시,금요일,충청남도 천안시 서북구 쌍용동,경상사고,0,0,2,0,차대차 - 측면충돌,안전운전불이행,건조,맑음,단일로 - 기타,승용,여,42세,상해없음,승용,여,42세,경상
2022052000100349,2022년 5월 20일 15시,금요일,충청남도 아산시 모종동,경상사고,0,0,1,0,차대차 - 추돌,안전운전불이행,건조,맑음,단일로 - 기타,승용,여,49세,상해없음,승용,남,31세,경상
2022052000100350,2022년 5월 20일 15시,금요일,충청남도 공주시 사곡면,중상사고,0,1,0,0,차대차 - 측면충돌,안전거리미확보,건조,맑음,단일로 - 기타,화물,남,48세,상해없음,자전거,여,72세,중상
2022052000100395,2022년 5월 20일 16시,금요일,충청남도 보령시 명천동,경상사고,0,0,1,0,차대사람 - 횡단중,보행자보호의무위반,건조,맑음,교차로 - 교차로횡단보도내,승용,여,67세,상해없음,보행자,남,13세,경상
2022052000100446,2022년 5월 20일 17시,금요일,충청남도 천안시 서북구 성거읍,경상사고,0,0,2,0,차대차 - 기타,안전운전불이행,건조,맑음,단일로 - 기타,승용,남,24세,경상,건설기계,남,57세,경상
2022052000100447,2022년 5월 20일 17시,금요일,충청남도 천안시 서북구 성정동,경상사고,0,0,1,0,차대차 - 기타,안전운전불이행,건조,맑음,교차로 - 교차로부근,승용,남,50세,상해없음,이륜,남,34세,경상
2022052000100448,2022년 5월 20일 17시,금요일,충청남도 보령시 청소면,중상사고,0,1,0,0,차대차 - 추돌,기타,건조,맑음,교차로 - 교차로부근,승용,남,53세,상해없음,개인형이동수단(PM),남,83세,중상
2022052000100449,2022년 5월 20일 17시,금요일,충청남도 천안시 동남구 신방동,경상사고,0,0,2,0,차대차 - 측면충돌,안전거리미확보,건조,맑음,단일로 - 기타,화물,남,50세,상해없음,승용,여,52세,경상
2022052000100450,2022년 5월 20일 17시,금요일,충청남도 천안시 동남구 원성동,경상사고,0,0,1,0,차대차 - 측면충돌,안전운전불이행,건조,맑음,단일로 - 기타,이륜,남,59세,경상,승용,남,31세,상해없음
2022052000100501,2022년 5월 20일 18시,금요일,충청남도 서산시 해미면,부상신고사고,0,0,0,5,차대차 - 추돌,안전운전불이행,건조,맑음,교차로 - 교차로부근,승용,남,67세,상해없음,승용,여,61세,부상신고
2022052000100502,2022년 5월 20일 18시,금요일,충청남도 아산시 둔포면,경상사고,0,0,4,0,차대차 - 추돌,안전운전불이행,건조,맑음,단일로 - 기타,승용,여,35세,상해없음,승용,남,36세,경상
2022052000100563,2022년 5월 20일 19시,금요일,충청남도 서천군 마서면,중상사고,0,1,0,0,차대차 - 측면충돌,기타,건조,맑음,교차로 - 교차로안,승용,남,52세,상해없음,승용,남,27세,중상
2022052000100590,2022년 5월 20일 20시,금요일,충청남도 천안시 서북구 성거읍,경상사고,0,0,1,0,차대차 - 기타,안전운전불이행,건조,맑음,기타 - 기타,승용,여,41세,상해없음,승용,남,66세,경상
2022052000100591,2022년 5월 20일 20시,금요일,충청남도 예산군 예산읍,경상사고,0,0,1,0,차대차 - 측면충돌,교차로운행방법위반,건조,맑음,교차로 - 교차로안,승용,여,67세,상해없음,이륜,남,47세,경상
2022052000100592,2022년 5월 20일 20시,금요일,충청남도 청양군 청양읍,중상사고,0,1,0,0,차대차 - 측면충돌,안전운전불이행,건조,맑음,교차로 - 교차로안,승용,남,30세,상해없음,승용,여,66세,중상
2022052000100624,2022년 5월 20일 21시,금요일,충청남도 천안시 동남구 영성동,경상사고,0,0,1,0,차대차 - 기타,안전운전불이행,건조,맑음,교차로 - 교차로부근,승용,여,76세,상해없음,승용,여,23세,경상
2022052100100042,2022년 5월 21일 02시,토요일,충청남도 아산시 배방읍,경상사고,0,0,2,0,차대차 - 추돌,안전운전불이행,건조,맑음,단일로 - 기타,승용,남,22세,경상,승용,남,44세,경상
2022052100100096,2022년 5월 21일 08시,토요일,충청남도 공주시 이인면,중상사고,0,1,0,0,차대차 - 측면충돌,안전운전불이행,건조,맑음,단일로 - 기타,승용,여,54세,상해없음,자전거,남,79세,중상
2022052100100119,2022년 5월 21일 09시,토요일,충청남도 천안시 서북구 두정동,중상사고,0,1,0,0,차대사람 - 횡단중,안전운전불이행,건조,맑음,교차로 - 교차로횡단보도내,승용,남,25세,기타불명,보행자,여,50세,중상
2022052100100120,2022년 5월 21일 09시,토요일,충청남도 천안시 서북구 성거읍,경상사고,0,0,3,0,차대차 - 정면충돌,안전운전불이행,건조,맑음,교차로 - 교차로안,승용,여,71세,상해없음,승용,남,56세,경상
2022052100100121,2022년 5월 21일 09시,토요일,충청남도 당진시 석문면,경상사고,0,0,1,0,차대차 - 측면충돌,안전운전불이행,건조,맑음,교차로 - 교차로안,승용,남,57세,상해없음,승용,남,69세,경상
2022052100100122,2022년 5월 21일 09시,토요일,충청남도 천안시 동남구 구성동,경상사고,0,0,3,0,차대차 - 추돌,안전운전불이행,건조,맑음,단일로 - 기타,승합,남,55세,상해없음,승용,남,31세,경상
2022052100100154,2022년 5월 21일 10시,토요일,충청남도 서산시 음암면,경상사고,0,0,1,0,차대차 - 측면충돌,교차로운행방법위반,건조,맑음,교차로 - 교차로부근,승용,여,53세,상해없음,자전거,남,40세,경상
2022052100100155,2022년 5월 21일 10시,토요일,충청남도 논산시 대교동,경상사고,0,0,1,0,차대차 - 측면충돌,안전거리미확보,건조,맑음,교차로 - 교차로부근,화물,남,67세,상해없음,승용,여,57세,경상
2022052100100156,2022년 5월 21일 10시,토요일,충청남도 당진시 원당동,경상사고,0,0,1,0,차대차 - 측면충돌,신호위반,건조,맑음,교차로 - 교차로안,승용,남,35세,상해없음,승용,여,48세,경상
2022052100100197,2022년 5월 21일 11시,토요일,충청남도 천안시 서북구 차암동,경상사고,0,0,1,0,차대차 - 측면충돌,안전운전불이행,건조,맑음,교차로 - 교차로부근,승용,여,28세,기타불명,승용,남,36세,경상
2022052100100198,2022년 5월 21일 11시,토요일,충청남도 아산시 염치읍,중상사고,0,1,1,0,차대차 - 추돌,안전운전불이행,건조,맑음,단일로 - 기타,승합,남,36세,기타불명,승용,남,59세,경상
2022052100100283,2022년 5월 21일 13시,토요일,충청남도 공주시 반포면,중상사고,0,2,2,0,차대차 - 추돌,기타,건조,맑음,단일로 - 터널,승용,남,69세,경상,화물,남,55세,경상
2022052100100327,2022년 5월 21일 14시,토요일,충청남도 서산시 읍내동,경상사고,0,0,2,2,차대차 - 추돌,안전운전불이행,건조,맑음,교차로 - 교차로부근,승용,여,47세,상해없음,승용,남,45세,부상신고
2022052100100328,2022년 5월 21일 14시,토요일,충청남도 보령시 오천면,경상사고,0,0,1,0,차대차 - 측면충돌,중앙선침범,건조,맑음,단일로 - 기타,승용,남,40세,상해없음,승용,남,21세,경상
2022052100100329,2022년 5월 21일 14시,토요일,충청남도 당진시 신평면,경상사고,0,0,1,0,차대차 - 후진중충돌,안전운전불이행,건조,맑음,단일로 - 기타,승용,남,51세,상해없음,승용,남,35세,경상
2022052100100368,2022년 5월 21일 15시,토요일,충청남도 예산군 예산읍,중상사고,0,1,0,0,차대차 - 측면충돌,안전운전불이행,건조,맑음,단일로 - 기타,자전거,남,13세,중상,승용,여,65세,상해없음
2022052100100369,2022년 5월 21일 15시,토요일,충청남도 금산군 추부면,경상사고,0,0,1,0,차대차 - 추돌,안전운전불이행,건조,맑음,단일로 - 터널,승용,남,78세,상해없음,승용,여,46세,경상
2022052100100410,2022년 5월 21일 16시,토요일,충청남도 예산군 예산읍,경상사고,0,0,3,0,차대차 - 추돌,안전거리미확보,건조,맑음,단일로 - 고가도로위,승용,남,50세,경상,승용,남,55세,상해없음
2022052100100441,2022년 5월 21일 17시,토요일,충청남도 보령시 신흑동,중상사고,0,1,0,0,차대사람 - 횡단중,보행자보호의무위반,건조,맑음,교차로 - 교차로횡단보도내,승합,남,62세,상해없음,보행자,남,5세,중상
2022052100100504,2022년 5월 21일 19시,토요일,충청남도 논산시 반월동,중상사고,0,1,0,0,차대차 - 측면충돌,교차로운행방법위반,건조,맑음,교차로 - 교차로안,승용,여,32세,기타불명,승용,여,66세,중상
2022052100100584,2022년 5월 21일 22시,토요일,충청남도 천안시 서북구 불당동,부상신고사고,0,0,0,1,차대사람 - 횡단중,보행자보호의무위반,건조,맑음,교차로 - 교차로부근,자전거,남,29세,상해없음,보행자,여,21세,부상신고
2022052100100609,2022년 5월 21일 23시,토요일,충청남도 천안시 동남구 신부동,경상사고,0,0,1,0,차대차 - 측면충돌,안전거리미확보,건조,맑음,단일로 - 기타,승용,남,61세,상해없음,이륜,남,27세,경상
2022052200100008,2022년 5월 22일 00시,일요일,충청남도 천안시 서북구 두정동,부상신고사고,0,0,0,1,차대차 - 추돌,안전운전불이행,건조,맑음,교차로 - 교차로부근,승용,여,20세,상해없음,승용,남,39세,부상신고
2022052200100019,2022년 5월 22일 01시,일요일,충청남도 태안군 태안읍,경상사고,0,0,1,0,차대사람 - 차도통행중,안전운전불이행,건조,맑음,단일로 - 기타,승용,남,21세,상해없음,보행자,남,24세,경상
2022052200100036,2022년 5월 22일 03시,일요일,충청남도 천안시 서북구 두정동,경상사고,0,0,1,0,차대사람 - 차도통행중,안전운전불이행,건조,맑음,단일로 - 기타,이륜,남,33세,상해없음,보행자,남,27세,경상
2022052200100037,2022년 5월 22일 03시,일요일,충청남도 천안시 동남구 광덕면,중상사고,0,1,0,0,차대차 - 추돌,안전운전불이행,건조,맑음,단일로 - 기타,승용,남,23세,상해없음,이륜,남,78세,중상
2022052200100058,2022년 5월 22일 06시,일요일,충청남도 보령시 주산면,중상사고,0,1,0,0,차대차 - 정면충돌,중앙선침범,건조,맑음,단일로 - 기타,승용,남,27세,상해없음,화물,남,52세,중상
2022052200100059,2022년 5월 22일 06시,일요일,충청남도 당진시 송악읍,중상사고,0,1,0,0,차대차 - 정면충돌,교차로운행방법위반,건조,맑음,교차로 - 교차로안,승용,남,55세,상해없음,승용,남,56세,중상
2022052200100074,2022년 5월 22일 08시,일요일,충청남도 금산군 복수면,중상사고,0,1,0,0,차량단독 - 공작물충돌,안전운전불이행,건조,맑음,단일로 - 기타,승용,여,54세,상해없음,,,,
2022052200100131,2022년 5월 22일 11시,일요일,충청남도 서산시 해미면,중상사고,0,2,1,0,차대차 - 측면충돌,안전운전불이행,건조,맑음,단일로 - 기타,승용,남,71세,상해없음,승용,남,60세,경상
2022052200100132,2022년 5월 22일 11시,일요일,충청남도 천안시 서북구 성환읍,경상사고,0,0,2,0,차대차 - 추돌,안전운전불이행,건조,맑음,단일로 - 기타,화물,여,60세,기타불명,승용,남,23세,경상
2022052200100198,2022년 5월 22일 13시,일요일,충청남도 천안시 서북구 입장면,사망사고,1,1,0,0,차대차 - 측면충돌,신호위반,건조,맑음,교차로 - 교차로안,이륜,남,74세,사망,이륜,남,30세,중상
2022052200100199,2022년 5월 22일 13시,일요일,충청남도 청양군 청양읍,경상사고,0,0,1,0,차대사람 - 차도통행중,안전운전불이행,건조,맑음,단일로 - 기타,화물,여,57세,상해없음,보행자,남,13세,경상
2022052200100232,2022년 5월 22일 14시,일요일,충청남도 천안시 서북구 두정동,경상사고,0,0,1,0,차대차 - 후진중충돌,안전운전불이행,건조,맑음,단일로 - 기타,승용,남,50세,상해없음,승용,남,32세,경상
2022052200100233,2022년 5월 22일 14시,일요일,충청남도 천안시 동남구 영성동,경상사고,0,0,1,0,차대사람 - 기타,보행자보호의무위반,건조,맑음,교차로 - 교차로부근,승합,남,32세,상해없음,보행자,여,74세,경상
2022052200100267,2022년 5월 22일 15시,일요일,충청남도 논산시 양촌면,경상사고,0,0,2,0,차대차 - 측면충돌,중앙선침범,건조,맑음,단일로 - 기타,승용,남,67세,상해없음,승용,여,68세,경상
2022052200100346,2022년 5월 22일 17시,일요일,충청남도 아산시 탕정면,경상사고,0,0,4,0,차대차 - 기타,안전운전불이행,건조,맑음,교차로 - 교차로부근,승용,남,45세,상해없음,승용,여,37세,경상
2022052200100347,2022년 5월 22일 17시,일요일,충청남도 서천군 서면,경상사고,0,0,1,0,차량단독 - 기타,안전운전불이행,건조,맑음,교차로 - 교차로부근,이륜,남,56세,경상,,,,
2022052200100348,2022년 5월 22일 17시,일요일,충청남도 당진시 송악읍,경상사고,0,0,2,0,차대차 - 측면충돌,안전거리미확보,건조,맑음,단일로 - 기타,승용,남,33세,상해없음,승용,남,58세,경상
2022052200100377,2022년 5월 22일 18시,일요일,충청남도 천안시 서북구 두정동,경상사고,0,0,1,0,차대차 - 기타,교차로운행방법위반,건조,맑음,교차로 - 교차로안,이륜,남,46세,상해없음,개인형이동수단(PM),남,15세,경상
2022052200100378,2022년 5월 22일 18시,일요일,충청남도 논산시 화지동,중상사고,0,1,0,0,차대차 - 측면충돌,직진우회전진행방해,건조,맑음,교차로 - 교차로안,승합,남,60세,상해없음,자전거,남,미분류,중상
2022052200100432,2022년 5월 22일 20시,일요일,충청남도 서산시 인지면,중상사고,0,1,0,0,차대차 - 정면충돌,직진우회전진행방해,건조,맑음,교차로 - 교차로안,승용,여,57세,상해없음,승용,여,71세,중상
2022052200100433,2022년 5월 22일 20시,일요일,충청남도 서천군 비인면,경상사고,0,0,2,0,차대차 - 측면충돌,직진우회전진행방해,건조,맑음,교차로 - 교차로안,승용,남,28세,상해없음,화물,남,67세,경상
2022052200100474,2022년 5월 22일 22시,일요일,충청남도 서천군 마서면,경상사고,0,0,3,0,차대차 - 측면충돌,기타,건조,맑음,교차로 - 교차로안,승용,남,19세,경상,승용,남,61세,경상
2022052200100490,2022년 5월 22일 23시,일요일,충청남도 아산시 음봉면,경상사고,0,0,5,0,차대차 - 추돌,안전운전불이행,건조,맑음,교차로 - 교차로부근,승용,남,40세,상해없음,승용,남,58세,상해없음
2022052200100491,2022년 5월 22일 23시,일요일,충청남도 천안시 동남구 안서동,경상사고,0,0,1,0,차대차 - 측면충돌,안전운전불이행,건조,맑음,단일로 - 기타,승용,남,69세,상해없음,승용,남,24세,상해없음
2022052300100021,2022년 5월 23일 03시,월요일,충청남도 아산시 음봉면,사망사고,1,0,0,0,차대사람 - 기타,안전운전불이행,건조,맑음,교차로 - 교차로부근,화물,남,43세,상해없음,보행자,남,25세,사망
2022052300100032,2022년 5월 23일 05시,월요일,충청남도 태안군 원북면,중상사고,0,2,0,0,차대차 - 추돌,중앙선침범,건조,흐림,단일로 - 기타,화물,남,43세,중상,특수,남,43세,중상
2022052300100065,2022년 5월 23일 07시,월요일,충청남도 서산시 온석동,경상사고,0,0,1,0,차대차 - 기타,안전운전불이행,건조,맑음,단일로 - 기타,화물,남,66세,상해없음,자전거,여,26세,경상
2022052300100066,2022년 5월 23일 07시,월요일,충청남도 천안시 서북구 직산읍,경상사고,0,0,1,0,차대차 - 기타,중앙선침범,건조,맑음,단일로 - 기타,승용,남,42세,상해없음,승용,남,60세,상해없음
2022052300100067,2022년 5월 23일 07시,월요일,충청남도 천안시 동남구 신부동,경상사고,0,0,1,0,차대차 - 측면충돌,안전운전불이행,건조,맑음,단일로 - 기타,화물,남,52세,상해없음,승용,여,26세,경상
2022052300100096,2022년 5월 23일 08시,월요일,충청남도 천안시 서북구 백석동,중상사고,0,1,0,0,차대사람 - 횡단중,안전운전불이행,건조,맑음,교차로 - 교차로횡단보도내,승용,남,36세,상해없음,보행자,남,65세,중상
2022052300100097,2022년 5월 23일 08시,월요일,충청남도 천안시 서북구 불당동,경상사고,0,0,1,0,차대차 - 추돌,안전운전불이행,건조,맑음,단일로 - 기타,승용,남,49세,상해없음,승용,여,46세,경상
2022052300100098,2022년 5월 23일 08시,월요일,충청남도 아산시 권곡동,경상사고,0,0,1,0,차대차 - 기타,안전운전불이행,건조,맑음,기타 - 기타,화물,남,65세,상해없음,승용,남,76세,경상
2022052300100099,2022년 5월 23일 08시,월요일,충청남도 부여군 세도면,부상신고사고,0,0,0,1,차대차 - 기타,안전운전불이행,건조,맑음,교차로 - 교차로부근,기타불명,기타불명,미분류,기타불명,자전거,남,11세,부상신고
2022052300100145,2022년 5월 23일 09시,월요일,충청남도 천안시 동남구 문화동,경상사고,0,0,2,0,차대차 - 측면충돌,중앙선침범,건조,맑음,교차로 - 교차로부근,승용,남,66세,상해없음,승용,여,77세,경상
2022052300100186,2022년 5월 23일 10시,월요일,충청남도 천안시 서북구 입장면,중상사고,0,1,0,0,차대사람 - 기타,안전운전불이행,건조,맑음,교차로 - 교차로안,승용,여,66세,상해없음,보행자,여,63세,중상
2022052300100216,2022년 5월 23일 11시,월요일,충청남도 홍성군 광천읍,경상사고,0,0,2,0,차대차 - 측면충돌,안전운전불이행,건조,맑음,교차로 - 교차로부근,승용,여,65세,상해없음,승용,여,55세,경상
2022052300100217,2022년 5월 23일 11시,월요일,충청남도 서천군 서천읍,경상사고,0,0,1,0,차대사람 - 횡단중,보행자보호의무위반,건조,맑음,교차로 - 교차로횡단보도내,승용,남,75세,상해없음,보행자,남,64세,경상
2022052300100283,2022년 5월 23일 13시,월요일,충청남도 보령시 대천동,중상사고,0,1,0,0,차대사람 - 횡단중,안전운전불이행,건조,맑음,단일로 - 기타,승용,남,73세,상해없음,보행자,여,65세,중상
2022052300100317,2022년 5월 23일 14시,월요일,충청남도 서산시 대산읍,경상사고,0,0,1,7,차대차 - 측면충돌,안전운전불이행,건조,맑음,기타 - 기타,승합,남,48세,상해없음,화물,남,65세,경상
2022052300100318,2022년 5월 23일 14시,월요일,충청남도 보령시 대천동,경상사고,0,0,1,0,차대사람 - 길가장자리구역통행중,안전운전불이행,건조,맑음,단일로 - 기타,승용,남,54세,상해없음,보행자,남,56세,경상
2022052300100319,2022년 5월 23일 14시,월요일,충청남도 예산군 오가면,중상사고,0,1,0,0,차대사람 - 기타,안전운전불이행,건조,맑음,단일로 - 기타,승용,여,67세,상해없음,보행자,여,67세,중상
2022052300100351,2022년 5월 23일 15시,월요일,충청남도 천안시 서북구 성환읍,경상사고,0,0,1,0,차대차 - 측면충돌,중앙선침범,건조,맑음,단일로 - 기타,승용,남,65세,상해없음,승용,여,28세,경상
2022052300100402,2022년 5월 23일 16시,월요일,충청남도 논산시 연산면,중상사고,0,1,0,0,차량단독 - 공작물충돌,안전운전불이행,건조,맑음,교차로 - 교차로부근,승용,남,82세,중상,,,,
2022052300100403,2022년 5월 23일 16시,월요일,충청남도 예산군 예산읍,중상사고,0,2,0,0,차대차 - 측면충돌,신호위반,건조,맑음,교차로 - 교차로안,승용,여,66세,중상,화물,남,63세,상해없음
2022052300100404,2022년 5월 23일 16시,월요일,충청남도 예산군 예산읍,경상사고,0,0,1,0,차대차 - 측면충돌,직진우회전진행방해,건조,맑음,교차로 - 교차로안,화물,남,61세,상해없음,승용,남,62세,경상
2022052300100405,2022년 5월 23일 16시,월요일,충청남도 천안시 동남구 신부동,중상사고,0,1,0,0,차대차 - 기타,안전운전불이행,건조,맑음,단일로 - 기타,승용,남,63세,상해없음,이륜,여,32세,중상
2022052300100496,2022년 5월 23일 18시,월요일,충청남도 서산시 동문동,중상사고,0,1,0,0,차대차 - 측면충돌,직진우회전진행방해,건조,맑음,교차로 - 교차로안,승용,여,54세,상해없음,이륜,남,37세,중상
2022052300100497,2022년 5월 23일 18시,월요일,충청남도 보령시 대천동,경상사고,0,0,1,0,차대차 - 측면충돌,차로위반,건조,맑음,단일로 - 기타,화물,남,51세,상해없음,승합,남,33세,경상
2022052300100498,2022년 5월 23일 18시,월요일,충청남도 금산군 추부면,경상사고,0,0,1,0,차대차 - 측면충돌,신호위반,건조,맑음,교차로 - 교차로안,화물,남,61세,상해없음,화물,남,38세,경상
2022052300100528,2022년 5월 23일 19시,월요일,충청남도 천안시 서북구 두정동,부상신고사고,0,0,0,1,차대차 - 기타,안전운전불이행,건조,맑음,단일로 - 기타,승용,남,23세,상해없음,이륜,남,63세,부상신고
2022052300100529,2022년 5월 23일 19시,월요일,충청남도 금산군 금산읍,경상사고,0,0,2,0,차대차 - 측면충돌,안전운전불이행,건조,맑음,교차로 - 교차로안,승용,남,40세,상해없음,화물,남,47세,경상
2022052300100550,2022년 5월 23일 20시,월요일,충청남도 서산시 예천동,경상사고,0,0,1,0,차대차 - 측면충돌,안전운전불이행,건조,맑음,교차로 - 교차로안,승용,여,41세,상해없음,승용,남,28세,경상
2022052300100551,2022년 5월 23일 20시,월요일,충청남도 아산시 배방읍,경상사고,0,0,1,0,차대차 - 측면충돌,안전운전불이행,건조,맑음,교차로 - 교차로안,이륜,남,36세,상해없음,승용,남,52세,경상
2022052300100552,2022년 5월 23일 20시,월요일,충청남도 천안시 동남구 봉명동,중상사고,0,1,0,0,차대사람 - 보도통행중,기타,건조,맑음,단일로 - 기타,화물,남,53세,상해없음,보행자,남,28세,중상
2022052300100553,2022년 5월 23일 20시,월요일,충청남도 천안시 동남구 원성동,중상사고,0,1,0,0,차대사람 - 기타,안전운전불이행,건조,맑음,교차로 - 교차로안,원동기,남,70세,상해없음,보행자,여,81세,중상
2022052300100584,2022년 5월 23일 21시,월요일,충청남도 서산시 대산읍,경상사고,0,0,1,0,차대차 - 추돌,안전운전불이행,건조,맑음,교차로 - 교차로부근,승용,남,35세,상해없음,승용,남,61세,경상
2022052300100585,2022년 5월 23일 21시,월요일,충청남도 천안시 서북구 백석동,경상사고,0,0,2,0,차대차 - 추돌,중앙선침범,건조,맑음,교차로 - 교차로부근,이륜,남,40세,경상,승용,여,65세,경상
2022052300100586,2022년 5월 23일 21시,월요일,충청남도 부여군 부여읍,중상사고,0,1,0,0,차대사람 - 횡단중,보행자보호의무위반,건조,맑음,교차로 - 교차로횡단보도내,화물,남,53세,상해없음,보행자,여,79세,중상
2022052400100012,2022년 5월 24일 01시,화요일,충청남도 천안시 동남구 신방동,경상사고,0,0,1,0,차대차 - 기타,안전운전불이행,건조,맑음,단일로 - 기타,기타불명,기타불명,미분류,기타불명,승용,남,56세,상해없음
2022052400100013,2022년 5월 24일 01시,화요일,충청남도 태안군 안면읍,중상사고,0,1,0,1,차량단독 - 공작물충돌,안전운전불이행,건조,맑음,단일로 - 기타,승용,남,31세,부상신고,,,,
2022052400100017,2022년 5월 24일 02시,화요일,충청남도 아산시 배방읍,경상사고,0,0,1,0,차대차 - 기타,안전운전불이행,건조,맑음,기타 - 기타,승용,남,28세,상해없음,특수,남,35세,경상