사고번호,사고일시,요일,시군구,사고내용,사망자수,중상자수,경상자수,부상신고자수,사고유형,법규위반,노면상태,기상상태,도로형태,가해운전자 차종,가해운전자 성별,가해운전자 연령,가해운전자 상해정도,피해운전자 차종,피해운전자 성별,피해운전자 연령,피해운전자 상해정도
2022052800100312,2022년 5월 28일 14시,토요일,충청남도 천안시 동남구 원성동,경상사고,0,0,1,0,차대차 - 기타,안전거리미확보,건조,맑음,교차로 - 교차로부근,승용,여,35세,상해없음,승용,여,31세,상해없음
2022052800100359,2022년 5월 28일 15시,토요일,충청남도 천안시 서북구 불당동,경상사고,0,0,1,0,차대차 - 기타,안전운전불이행,건조,맑음,단일로 - 기타,자전거,남,13세,경상,승용,남,53세,상해없음
2022052800100360,2022년 5월 28일 15시,토요일,충청남도 부여군 외산면,중상사고,0,2,0,0,차대차 - 정면충돌,중앙선침범,건조,맑음,단일로 - 기타,승용,남,66세,상해없음,화물,남,51세,중상
2022052800100361,2022년 5월 28일 15시,토요일,충청남도 당진시 시곡동,경상사고,0,0,3,0,차대차 - 추돌,안전운전불이행,건조,맑음,단일로 - 기타,승용,남,61세,경상,승용,남,26세,경상
2022052800100362,2022년 5월 28일 15시,토요일,충청남도 당진시 송악읍,중상사고,0,2,1,0,차대차 - 추돌,안전거리미확보,건조,맑음,단일로 - 기타,승용,여,58세,경상,승용,남,65세,중상
2022052800100394,2022년 5월 28일 16시,토요일,충청남도 당진시 석문면,경상사고,0,0,2,0,차대차 - 추돌,안전운전불이행,건조,맑음,단일로 - 기타,화물,남,51세,상해없음,승용,남,54세,경상
2022052800100395,2022년 5월 28일 16시,토요일,충청남도 금산군 금산읍,경상사고,0,0,1,0,차대차 - 정면충돌,안전운전불이행,건조,맑음,교차로 - 교차로안,이륜,남,84세,경상,승용,남,41세,상해없음
2022052800100437,2022년 5월 28일 17시,토요일,충청남도 아산시 도고면,경상사고,0,0,2,0,차대차 - 추돌,안전거리미확보,건조,맑음,단일로 - 기타,승용,여,42세,상해없음,승용,여,48세,경상
2022052800100503,2022년 5월 28일 19시,토요일,충청남도 예산군 예산읍,경상사고,0,0,2,0,차대차 - 정면충돌,안전운전불이행,건조,맑음,기타 - 기타,승용,여,56세,상해없음,승용,여,30세,경상
2022052800100541,2022년 5월 28일 20시,토요일,충청남도 아산시 온천동,경상사고,0,0,1,0,차대차 - 기타,안전운전불이행,건조,맑음,단일로 - 기타,승용,여,63세,상해없음,이륜,남,31세,경상
2022052800100542,2022년 5월 28일 20시,토요일,충청남도 아산시 영인면,중상사고,0,1,0,0,차대차 - 추돌,안전운전불이행,건조,맑음,단일로 - 기타,이륜,남,52세,중상,승용,남,66세,상해없음
2022052800100543,2022년 5월 28일 20시,토요일,충청남도 예산군 삽교읍,경상사고,0,0,4,0,차대차 - 정면충돌,안전운전불이행,건조,맑음,교차로 - 교차로부근,승용,여,37세,상해없음,승용,여,27세,경상
2022052800100569,2022년 5월 28일 21시,토요일,충청남도 천안시 서북구 성환읍,경상사고,0,0,1,0,차대사람 - 기타,안전운전불이행,건조,맑음,교차로 - 교차로안,승용,여,40세,상해없음,보행자,남,59세,경상
2022052800100570,2022년 5월 28일 21시,토요일,충청남도 천안시 서북구 두정동,경상사고,0,0,2,0,차대차 - 기타,안전운전불이행,건조,맑음,교차로 - 교차로부근,승합,남,49세,상해없음,승용,남,28세,경상
2022052800100571,2022년 5월 28일 21시,토요일,충청남도 부여군 부여읍,경상사고,0,0,1,0,차대사람 - 기타,안전운전불이행,건조,맑음,단일로 - 기타,승용,남,65세,상해없음,보행자,남,10세,경상
2022052800100598,2022년 5월 28일 22시,토요일,충청남도 아산시 배방읍,경상사고,0,0,2,0,차대차 - 측면충돌,교차로운행방법위반,건조,맑음,교차로 - 교차로안,승용,남,40세,경상,승용,남,22세,경상
2022052800100599,2022년 5월 28일 22시,토요일,충청남도 예산군 예산읍,부상신고사고,0,0,0,1,차대차 - 측면충돌,신호위반,건조,맑음,교차로 - 교차로안,이륜,남,72세,상해없음,승용,남,55세,부상신고
2022052900100008,2022년 5월 29일 00시,일요일,충청남도 천안시 서북구 성정동,경상사고,0,0,1,0,차대차 - 기타,안전운전불이행,건조,맑음,단일로 - 기타,승용,남,47세,상해없음,이륜,남,33세,경상
2022052900100062,2022년 5월 29일 05시,일요일,충청남도 아산시 배방읍,경상사고,0,0,2,0,차대차 - 기타,안전운전불이행,건조,맑음,단일로 - 기타,승용,남,30세,상해없음,승용,남,20세,경상
2022052900100063,2022년 5월 29일 05시,일요일,충청남도 공주시 이인면,경상사고,0,0,1,0,차량단독 - 전도전복 - 전도,안전운전불이행,건조,맑음,단일로 - 기타,승용,남,19세,상해없음,,,,
2022052900100080,2022년 5월 29일 07시,일요일,충청남도 서산시 인지면,중상사고,0,1,0,0,차대사람 - 기타,기타,건조,맑음,기타 - 기타,화물,남,77세,상해없음,보행자,여,77세,중상
2022052900100081,2022년 5월 29일 07시,일요일,충청남도 당진시 송악읍,경상사고,0,0,2,0,차대차 - 추돌,안전운전불이행,건조,맑음,단일로 - 기타,승용,남,38세,경상,승용,남,60세,경상
2022052900100085,2022년 5월 29일 08시,일요일,충청남도 청양군 장평면,경상사고,0,0,1,0,차량단독 - 전도전복 - 전도,안전운전불이행,건조,맑음,단일로 - 기타,자전거,남,31세,경상,,,,
2022052900100102,2022년 5월 29일 09시,일요일,충청남도 논산시 가야곡면,사망사고,1,0,1,0,차대차 - 측면충돌,기타,건조,맑음,교차로 - 교차로안,이륜,남,64세,경상,사륜오토바이(ATV),남,83세,사망
2022052900100103,2022년 5월 29일 09시,일요일,충청남도 예산군 예산읍,경상사고,0,0,1,0,차대차 - 기타,안전운전불이행,건조,맑음,교차로 - 교차로안,이륜,남,64세,경상,화물,남,62세,상해없음
2022052900100118,2022년 5월 29일 10시,일요일,충청남도 아산시 배방읍,경상사고,0,0,2,0,차대차 - 기타,안전운전불이행,건조,맑음,기타 - 기타,화물,남,57세,상해없음,승용,남,33세,경상
2022052900100119,2022년 5월 29일 10시,일요일,충청남도 공주시 우성면,경상사고,0,0,3,0,차대차 - 추돌,안전운전불이행,건조,맑음,단일로 - 기타,승용,남,27세,상해없음,승용,남,70세,경상
2022052900100174,2022년 5월 29일 12시,일요일,충청남도 서천군 서면,경상사고,0,0,1,0,차대차 - 정면충돌,중앙선침범,건조,맑음,교차로 - 교차로부근,승용,여,75세,상해없음,승용,여,37세,경상
2022052900100209,2022년 5월 29일 13시,일요일,충청남도 천안시 서북구 입장면,경상사고,0,0,2,0,차대차 - 추돌,안전운전불이행,건조,맑음,단일로 - 기타,화물,남,44세,상해없음,승용,남,39세,경상
2022052900100210,2022년 5월 29일 13시,일요일,충청남도 공주시 우성면,부상신고사고,0,0,0,1,차대차 - 기타,안전운전불이행,건조,맑음,단일로 - 기타,화물,남,41세,상해없음,이륜,여,78세,부상신고
2022052900100211,2022년 5월 29일 13시,일요일,충청남도 태안군 태안읍,중상사고,0,1,0,0,차대사람 - 횡단중,교차로운행방법위반,건조,맑음,교차로 - 교차로안,승용,여,44세,상해없음,보행자,남,85세,중상
2022052900100234,2022년 5월 29일 14시,일요일,충청남도 천안시 서북구 성성동,경상사고,0,0,1,0,차대사람 - 횡단중,보행자보호의무위반,건조,맑음,교차로 - 교차로안,이륜,남,35세,상해없음,보행자,여,6세,경상
2022052900100301,2022년 5월 29일 16시,일요일,충청남도 공주시 유구읍,중상사고,0,1,0,0,차대사람 - 길가장자리구역통행중,안전운전불이행,건조,맑음,단일로 - 기타,승용,여,68세,상해없음,보행자,여,83세,중상
2022052900100302,2022년 5월 29일 16시,일요일,충청남도 청양군 청양읍,중상사고,0,1,0,0,차대사람 - 차도통행중,안전운전불이행,건조,맑음,단일로 - 기타,승용,남,67세,상해없음,보행자,여,70세,중상
2022052900100334,2022년 5월 29일 17시,일요일,충청남도 아산시 권곡동,경상사고,0,0,1,0,차대사람 - 기타,신호위반,건조,맑음,교차로 - 교차로부근,승용,여,31세,상해없음,보행자,여,45세,경상
2022052900100335,2022년 5월 29일 17시,일요일,충청남도 금산군 금산읍,경상사고,0,0,1,0,차대차 - 측면충돌,직진우회전진행방해,건조,맑음,교차로 - 교차로안,승용,남,64세,상해없음,승용,여,59세,경상
2022052900100369,2022년 5월 29일 18시,일요일,충청남도 천안시 서북구 성정동,경상사고,0,0,2,0,차대차 - 측면충돌,안전운전불이행,건조,맑음,단일로 - 기타,이륜,남,35세,경상,이륜,남,16세,경상
2022052900100370,2022년 5월 29일 18시,일요일,충청남도 서천군 서천읍,중상사고,0,1,2,0,차대차 - 측면충돌,신호위반,건조,맑음,교차로 - 교차로안,승용,남,74세,경상,화물,남,72세,중상
2022052900100421,2022년 5월 29일 20시,일요일,충청남도 천안시 서북구 두정동,경상사고,0,0,2,0,차대차 - 추돌,안전거리미확보,건조,맑음,교차로 - 교차로부근,승용,남,52세,경상,승합,남,50세,경상
2022052900100422,2022년 5월 29일 20시,일요일,충청남도 천안시 동남구 다가동,부상신고사고,0,0,0,1,차량단독 - 전도전복 - 전도,안전운전불이행,건조,맑음,단일로 - 기타,원동기,남,17세,부상신고,,,,
2022052900100423,2022년 5월 29일 20시,일요일,충청남도 천안시 동남구 목천읍,경상사고,0,0,1,0,차대차 - 추돌,안전운전불이행,건조,맑음,단일로 - 기타,승용,여,57세,상해없음,승용,남,27세,경상
2022052900100445,2022년 5월 29일 21시,일요일,충청남도 서산시 해미면,경상사고,0,0,3,0,차대차 - 측면충돌,교차로운행방법위반,건조,맑음,교차로 - 교차로안,승용,남,64세,상해없음,승용,여,21세,경상
2022052900100462,2022년 5월 29일 22시,일요일,충청남도 천안시 서북구 성정동,경상사고,0,0,1,0,차대차 - 기타,신호위반,건조,맑음,교차로 - 교차로안,화물,남,36세,상해없음,승용,남,44세,경상
2022052900100463,2022년 5월 29일 22시,일요일,충청남도 천안시 동남구 신방동,중상사고,0,1,0,0,차대차 - 추돌,안전운전불이행,건조,맑음,단일로 - 기타,이륜,남,17세,중상,화물,남,58세,상해없음
2022053000100005,2022년 5월 30일 01시,월요일,충청남도 서산시 석림동,중상사고,0,2,0,0,차량단독 - 기타,안전운전불이행,건조,맑음,교차로 - 교차로부근,원동기,남,28세,중상,,,,
2022053000100076,2022년 5월 30일 08시,월요일,충청남도 서산시 대산읍,경상사고,0,0,1,0,차대차 - 측면충돌,안전운전불이행,건조,맑음,교차로 - 교차로안,승용,여,49세,상해없음,승용,여,49세,경상
2022053000100077,2022년 5월 30일 08시,월요일,충청남도 서산시 음암면,중상사고,0,1,0,0,차대차 - 추돌,안전운전불이행,건조,맑음,기타 - 기타,승용,여,25세,상해없음,이륜,남,82세,중상
2022053000100078,2022년 5월 30일 08시,월요일,충청남도 예산군 예산읍,경상사고,0,0,1,0,차대차 - 측면충돌,직진우회전진행방해,건조,맑음,교차로 - 교차로안,이륜,남,49세,경상,승용,여,52세,상해없음
2022053000100079,2022년 5월 30일 08시,월요일,충청남도 당진시 송악읍,경상사고,0,0,1,0,차대차 - 측면충돌,교차로운행방법위반,건조,맑음,교차로 - 교차로안,승용,남,59세,상해없음,승용,남,42세,경상
2022053000100115,2022년 5월 30일 09시,월요일,충청남도 천안시 서북구 두정동,부상신고사고,0,0,0,1,차대사람 - 기타,안전운전불이행,건조,맑음,교차로 - 교차로안,특수,남,48세,상해없음,보행자,남,88세,부상신고
2022053000100116,2022년 5월 30일 09시,월요일,충청남도 천안시 서북구 직산읍,중상사고,0,1,0,0,차량단독 - 공작물충돌,안전운전불이행,건조,맑음,단일로 - 기타,승용,여,78세,상해없음,,,,
2022053000100117,2022년 5월 30일 09시,월요일,충청남도 천안시 동남구 다가동,중상사고,0,1,0,0,차대사람 - 횡단중,안전운전불이행,건조,맑음,단일로 - 기타,화물,남,59세,기타불명,보행자,여,73세,중상
2022053000100118,2022년 5월 30일 09시,월요일,충청남도 천안시 동남구 신방동,중상사고,0,1,0,0,차대사람 - 횡단중,안전운전불이행,건조,맑음,단일로 - 기타,승용,남,58세,상해없음,보행자,여,26세,중상
2022053000100135,2022년 5월 30일 10시,월요일,충청남도 금산군 군북면,경상사고,0,0,1,0,차대차 - 추돌,안전운전불이행,건조,맑음,교차로 - 교차로안,승용,여,62세,상해없음,승용,남,59세,경상
2022053000100161,2022년 5월 30일 11시,월요일,충청남도 논산시 가야곡면,중상사고,0,1,0,0,차대차 - 측면충돌,안전운전불이행,건조,맑음,단일로 - 기타,승용,여,54세,상해없음,이륜,남,85세,중상
2022053000100162,2022년 5월 30일 11시,월요일,충청남도 서천군 서천읍,사망사고,1,0,0,0,차대사람 - 횡단중,보행자보호의무위반,건조,맑음,단일로 - 기타,화물,남,72세,상해없음,보행자,남,74세,사망
2022053000100163,2022년 5월 30일 11시,월요일,충청남도 천안시 동남구 목천읍,중상사고,0,1,0,0,차대차 - 추돌,안전거리미확보,건조,맑음,단일로 - 고가도로위,승용,남,43세,중상,승용,남,33세,상해없음
2022053000100195,2022년 5월 30일 12시,월요일,충청남도 서산시 인지면,경상사고,0,0,1,0,차대차 - 측면충돌,직진우회전진행방해,건조,맑음,교차로 - 교차로부근,화물,남,28세,상해없음,승용,여,62세,경상
2022053000100227,2022년 5월 30일 13시,월요일,충청남도 홍성군 구항면,중상사고,0,1,0,0,차대차 - 측면충돌,안전운전불이행,건조,맑음,교차로 - 교차로안,승용,여,59세,상해없음,이륜,남,43세,중상
2022053000100228,2022년 5월 30일 13시,월요일,충청남도 아산시 배방읍,중상사고,0,1,0,0,차대차 - 기타,안전운전불이행,건조,맑음,단일로 - 기타,승용,여,49세,상해없음,승용,남,30세,상해없음
2022053000100229,2022년 5월 30일 13시,월요일,충청남도 서천군 비인면,경상사고,0,0,3,0,차대차 - 측면충돌,직진우회전진행방해,건조,맑음,교차로 - 교차로안,승용,여,57세,경상,승합,남,58세,경상
2022053000100265,2022년 5월 30일 14시,월요일,충청남도 태안군 이원면,중상사고,0,1,0,0,차대차 - 정면충돌,중앙선침범,건조,맑음,단일로 - 기타,승용,남,32세,상해없음,승용,여,49세,중상
2022053000100299,2022년 5월 30일 15시,월요일,충청남도 공주시 신관동,경상사고,0,0,1,0,차대사람 - 횡단중,보행자보호의무위반,건조,맑음,교차로 - 교차로안,승용,남,45세,상해없음,보행자,남,28세,경상
2022053000100300,2022년 5월 30일 15시,월요일,충청남도 당진시 송악읍,경상사고,0,0,1,0,차대차 - 추돌,기타,건조,맑음,단일로 - 고가도로위,화물,남,61세,기타불명,화물,남,28세,경상
2022053000100336,2022년 5월 30일 16시,월요일,충청남도 서산시 동문동,부상신고사고,0,0,0,1,차대사람 - 횡단중,보행자보호의무위반,건조,맑음,교차로 - 교차로부근,승용,여,29세,상해없음,보행자,남,55세,부상신고
2022053000100337,2022년 5월 30일 16시,월요일,충청남도 천안시 동남구 동면,경상사고,0,0,1,0,차대차 - 측면충돌,안전운전불이행,건조,맑음,교차로 - 교차로부근,승용,여,39세,상해없음,화물,남,39세,경상
2022053000100384,2022년 5월 30일 17시,월요일,충청남도 공주시 금흥동,중상사고,0,1,4,0,차대차 - 추돌,안전운전불이행,건조,맑음,교차로 - 교차로부근,승합,여,61세,기타불명,화물,남,42세,중상
2022053000100385,2022년 5월 30일 17시,월요일,충청남도 청양군 장평면,중상사고,0,1,0,0,차량단독 - 도로외이탈 - 기타,안전운전불이행,건조,맑음,단일로 - 기타,원동기,남,42세,중상,,,,
2022053000100545,2022년 5월 30일 23시,월요일,충청남도 예산군 오가면,중상사고,0,1,3,0,차대차 - 추돌,안전운전불이행,건조,맑음,교차로 - 교차로안,승용,남,54세,중상,승용,남,48세,경상
2022053100100006,2022년 5월 31일 00시,화요일,충청남도 천안시 동남구 목천읍,사망사고,1,0,1,0,차대차 - 추돌,안전운전불이행,건조,맑음,기타 - 기타,화물,남,57세,사망,화물,남,62세,경상
2022053100100028,2022년 5월 31일 04시,화요일,충청남도 천안시 서북구 두정동,중상사고,0,1,0,0,차대차 - 측면충돌,안전거리미확보,건조,맑음,단일로 - 기타,이륜,남,33세,상해없음,이륜,남,36세,중상
2022053100100044,2022년 5월 31일 06시,화요일,충청남도 천안시 동남구 신방동,경상사고,0,0,2,0,차대차 - 측면충돌,신호위반,건조,맑음,교차로 - 교차로안,화물,남,75세,경상,승용,남,25세,경상
2022053100100116,2022년 5월 31일 08시,화요일,충청남도 공주시 신관동,경상사고,0,0,1,0,차대차 - 기타,교차로운행방법위반,건조,맑음,교차로 - 교차로안,승용,여,46세,상해없음,자전거,남,14세,경상
2022053100100117,2022년 5월 31일 08시,화요일,충청남도 천안시 동남구 청당동,경상사고,0,0,2,0,차대차 - 기타,안전거리미확보,건조,맑음,교차로 - 교차로부근,승용,남,47세,상해없음,승용,남,46세,경상
2022053100100118,2022년 5월 31일 08시,화요일,충청남도 천안시 동남구 신방동,중상사고,0,1,0,0,차대사람 - 횡단중,보행자보호의무위반,건조,맑음,교차로 - 교차로부근,승용,여,41세,상해없음,보행자,여,33세,중상
2022053100100160,2022년 5월 31일 09시,화요일,충청남도 아산시 배방읍,경상사고,0,0,1,0,차대차 - 후진중충돌,안전운전불이행,건조,맑음,단일로 - 기타,화물,남,73세,상해없음,승용,남,38세,경상
2022053100100228,2022년 5월 31일 11시,화요일,충청남도 금산군 금산읍,중상사고,0,1,0,0,차대차 - 측면충돌,안전운전불이행,건조,맑음,단일로 - 기타,승용,남,53세,상해없음,이륜,여,65세,중상
2022053100100229,2022년 5월 31일 11시,화요일,충청남도 태안군 안면읍,경상사고,0,0,2,0,차대차 - 추돌,안전운전불이행,건조,맑음,단일로 - 기타,사륜오토바이(ATV),여,33세,상해없음,사륜오토바이(ATV),남,35세,경상
2022053100100272,2022년 5월 31일 12시,화요일,충청남도 천안시 서북구 성성동,경상사고,0,0,1,0,차대차 - 기타,안전운전불이행,건조,맑음,단일로 - 기타,승용,여,28세,기타불명,승용,남,33세,경상
2022053100100273,2022년 5월 31일 12시,화요일,충청남도 아산시 권곡동,중상사고,0,1,0,0,차대차 - 기타,안전운전불이행,건조,맑음,교차로 - 교차로안,승용,여,56세,상해없음,이륜,남,24세,중상
2022053100100274,2022년 5월 31일 12시,화요일,충청남도 공주시 이인면,경상사고,0,0,3,0,차대차 - 추돌,안전운전불이행,건조,맑음,단일로 - 기타,승용,남,71세,상해없음,승용,남,57세,경상
2022053100100305,2022년 5월 31일 13시,화요일,충청남도 서산시 동문동,경상사고,0,0,1,0,차대사람 - 차도통행중,교차로운행방법위반,건조,맑음,교차로 - 교차로안,승용,남,71세,상해없음,보행자,여,35세,경상
2022053100100306,2022년 5월 31일 13시,화요일,충청남도 아산시 배방읍,경상사고,0,0,1,0,차대차 - 추돌,안전운전불이행,건조,맑음,단일로 - 기타,승용,남,23세,상해없음,이륜,남,62세,경상
2022053100100344,2022년 5월 31일 14시,화요일,충청남도 천안시 서북구 직산읍,중상사고,0,1,0,0,차대사람 - 기타,안전운전불이행,건조,맑음,교차로 - 교차로안,승용,남,40세,상해없음,보행자,남,67세,중상
2022053100100386,2022년 5월 31일 15시,화요일,충청남도 서산시 음암면,중상사고,0,1,0,0,차대차 - 측면충돌,신호위반,건조,맑음,교차로 - 교차로안,이륜,남,87세,중상,승용,남,48세,상해없음
2022053100100388,2022년 5월 31일 15시,화요일,충청남도 청양군 운곡면,경상사고,0,0,1,0,차대차 - 후진중충돌,안전운전불이행,건조,맑음,단일로 - 기타,승용,남,60세,상해없음,승용,남,55세,기타불명
2022053100100430,2022년 5월 31일 16시,화요일,충청남도 아산시 배방읍,경상사고,0,0,4,0,차대차 - 기타,신호위반,건조,맑음,교차로 - 교차로안,승용,여,53세,경상,승용,남,26세,경상
2022053100100431,2022년 5월 31일 16시,화요일,충청남도 아산시 염치읍,경상사고,0,0,1,0,차대차 - 기타,안전운전불이행,건조,맑음,단일로 - 기타,화물,남,43세,상해없음,승용,여,30세,경상
2022053100100432,2022년 5월 31일 16시,화요일,충청남도 서천군 서천읍,중상사고,0,1,1,0,차대차 - 측면충돌,중앙선침범,건조,맑음,단일로 - 기타,승용,남,84세,상해없음,승용,남,74세,중상
2022053100100486,2022년 5월 31일 17시,화요일,충청남도 공주시 신관동,중상사고,0,1,0,0,차대차 - 측면충돌,교차로운행방법위반,건조,맑음,교차로 - 교차로안,승용,남,68세,상해없음,승합,남,37세,중상
2022053100100546,2022년 5월 31일 18시,화요일,충청남도 서산시 동문동,경상사고,0,0,1,0,차대차 - 측면충돌,교차로운행방법위반,건조,맑음,교차로 - 교차로안,승합,남,61세,상해없음,승용,여,66세,경상
2022053100100547,2022년 5월 31일 18시,화요일,충청남도 논산시 가야곡면,경상사고,0,0,1,0,차대차 - 측면충돌,안전운전불이행,건조,맑음,교차로 - 교차로안,이륜,남,30세,경상,승용,남,41세,상해없음
2022053100100548,2022년 5월 31일 18시,화요일,충청남도 공주시 월송동,경상사고,0,0,1,0,차대차 - 측면충돌,안전거리미확보,건조,맑음,교차로 - 교차로부근,승용,남,16세,상해없음,승용,남,22세,경상
2022053100100592,2022년 5월 31일 19시,화요일,충청남도 천안시 서북구 두정동,부상신고사고,0,0,0,1,차대차 - 측면충돌,신호위반,건조,맑음,교차로 - 교차로안,이륜,남,16세,부상신고,승용,남,49세,상해없음
2022053100100625,2022년 5월 31일 20시,화요일,충청남도 천안시 서북구 불당동,중상사고,0,1,0,0,차대차 - 기타,안전운전불이행,건조,맑음,단일로 - 기타,원동기,남,21세,상해없음,승합,남,59세,상해없음
2022053100100626,2022년 5월 31일 20시,화요일,충청남도 홍성군 은하면,중상사고,0,1,0,0,차대사람 - 차도통행중,안전운전불이행,건조,맑음,단일로 - 기타,화물,남,73세,상해없음,보행자,여,82세,중상
2022053100100627,2022년 5월 31일 20시,화요일,충청남도 홍성군 홍성읍,중상사고,0,1,0,0,차대사람 - 횡단중,보행자보호의무위반,건조,맑음,단일로 - 기타,승용,여,51세,상해없음,보행자,남,63세,중상
2022053100100628,2022년 5월 31일 20시,화요일,충청남도 아산시 탕정면,경상사고,0,0,1,0,차대사람 - 횡단중,안전운전불이행,건조,맑음,기타 - 기타,승용,여,45세,상해없음,보행자,남,14세,경상
2022053100100654,2022년 5월 31일 21시,화요일,충청남도 서산시 성연면,경상사고,0,0,1,0,차대차 - 추돌,안전운전불이행,건조,맑음,교차로 - 교차로안,승용,남,34세,상해없음,승용,여,39세,경상
2022053100100655,2022년 5월 31일 21시,화요일,충청남도 아산시 온천동,경상사고,0,0,4,0,차대차 - 기타,안전운전불이행,건조,맑음,교차로 - 교차로안,승용,남,54세,상해없음,승용,여,42세,경상
2022053100100704,2022년 5월 31일 23시,화요일,충청남도 천안시 서북구 불당동,경상사고,0,0,1,0,차대차 - 측면충돌,신호위반,건조,맑음,교차로 - 교차로안,승용,여,42세,상해없음,이륜,남,19세,경상
2022060100100011,2022년 6월 1일 00시,수요일,충청남도 천안시 서북구 성정동,부상신고사고,0,0,0,1,차대차 - 측면충돌,신호위반,건조,맑음,교차로 - 교차로안,원동기,남,34세,부상신고,이륜,남,28세,상해없음
2022060100100049,2022년 6월 1일 02시,수요일,충청남도 천안시 서북구 성환읍,사망사고,1,0,0,0,차대차 - 추돌,안전운전불이행,건조,맑음,단일로 - 기타,화물,남,46세,상해없음,개인형이동수단(PM),남,20세,사망
2022060100100125,2022년 6월 1일 08시,수요일,충청남도 공주시 정안면,경상사고,0,0,4,0,차대차 - 추돌,안전운전불이행,건조,맑음,단일로 - 기타,승용,여,39세,상해없음,승용,남,50세,경상
2022060100100144,2022년 6월 1일 09시,수요일,충청남도 천안시 동남구 풍세면,경상사고,0,0,1,1,차대차 - 기타,안전운전불이행,건조,맑음,단일로 - 기타,승용,남,62세,상해없음,승용,남,39세,경상
2022060100100168,2022년 6월 1일 10시,수요일,충청남도 태안군 태안읍,경상사고,0,0,1,0,차대사람 - 차도통행중,안전운전불이행,건조,맑음,단일로 - 기타,승용,남,73세,상해없음,보행자,여,8세,경상
2022060100100195,2022년 6월 1일 11시,수요일,충청남도 보령시 내항동,중상사고,0,1,0,0,차대차 - 측면충돌,신호위반,건조,맑음,교차로 - 교차로안,승용,남,56세,상해없음,자전거,남,67세,중상
2022060100100196,2022년 6월 1일 11시,수요일,충청남도 예산군 고덕면,사망사고,1,0,0,0,차량단독 - 도로외이탈 - 추락,안전운전불이행,건조,맑음,단일로 - 기타,원동기,남,64세,사망,,,,
2022060100100264,2022년 6월 1일 13시,수요일,충청남도 아산시 인주면,중상사고,0,1,0,0,차대차 - 측면충돌,신호위반,건조,맑음,교차로 - 교차로안,원동기,남,76세,중상,화물,남,62세,상해없음
2022060100100265,2022년 6월 1일 13시,수요일,충청남도 공주시 반포면,경상사고,0,0,1,0,차대차 - 측면충돌,차로위반,건조,맑음,단일로 - 기타,승용,남,82세,경상,건설기계,남,64세,상해없음
2022060100100304,2022년 6월 1일 14시,수요일,충청남도 서산시 동문동,경상사고,0,0,1,0,차대사람 - 기타,기타,건조,맑음,단일로 - 기타,승용,여,39세,상해없음,보행자,여,50세,경상
2022060100100305,2022년 6월 1일 14시,수요일,충청남도 당진시 석문면,경상사고,0,0,1,0,차대차 - 측면충돌,안전운전불이행,건조,맑음,단일로 - 기타,승용,남,28세,상해없음,승용,남,81세,경상
2022060100100337,2022년 6월 1일 15시,수요일,충청남도 천안시 동남구 수신면,경상사고,0,0,1,0,차대차 - 정면충돌,중앙선침범,건조,맑음,단일로 - 기타,승용,남,65세,상해없음,화물,남,55세,경상
2022060100100338,2022년 6월 1일 15시,수요일,충청남도 천안시 동남구 신방동,경상사고,0,0,1,0,차대차 - 측면충돌,안전운전불이행,건조,맑음,기타 - 기타,승용,여,26세,상해없음,승용,여,51세,경상
2022060100100381,2022년 6월 1일 16시,수요일,충청남도 아산시 배방읍,경상사고,0,0,2,0,차대차 - 추돌,안전운전불이행,건조,맑음,단일로 - 기타,승용,여,27세,상해없음,승용,남,79세,경상
2022060100100449,2022년 6월 1일 18시,수요일,충청남도 천안시 서북구 두정동,부상신고사고,0,0,0,1,차대차 - 측면충돌,교차로운행방법위반,건조,맑음,교차로 - 교차로부근,승용,남,52세,상해없음,승용,남,28세,부상신고
2022060100100450,2022년 6월 1일 18시,수요일,충청남도 논산시 취암동,중상사고,0,1,0,0,차대사람 - 횡단중,기타,젖음/습기,맑음,단일로 - 기타,개인형이동수단(PM),남,21세,상해없음,보행자,여,9세,중상
2022060100100451,2022년 6월 1일 18시,수요일,충청남도 천안시 동남구 사직동,경상사고,0,0,1,0,차대사람 - 횡단중,보행자보호의무위반,건조,맑음,교차로 - 교차로부근,승용,남,62세,상해없음,보행자,남,60세,경상
2022060100100452,2022년 6월 1일 18시,수요일,충청남도 천안시 동남구 신방동,경상사고,0,0,1,0,차대차 - 측면충돌,중앙선침범,건조,맑음,단일로 - 기타,승용,여,38세,상해없음,이륜,남,24세,경상
2022060100100481,2022년 6월 1일 19시,수요일,충청남도 아산시 음봉면,중상사고,0,1,0,0,차량단독 - 도로외이탈 - 기타,안전운전불이행,건조,맑음,단일로 - 기타,이륜,남,39세,중상,,,,
2022060100100529,2022년 6월 1일 21시,수요일,충청남도 천안시 서북구 성정동,경상사고,0,0,1,0,차대사람 - 기타,중앙선침범,건조,맑음,기타 - 기타,승용,남,40세,기타불명,보행자,남,32세,경상
2022060100100530,2022년 6월 1일 21시,수요일,충청남도 태안군 근흥면,경상사고,0,0,1,0,차대차 - 추돌,중앙선침범,건조,맑음,단일로 - 기타,승용,남,68세,상해없음,화물,남,35세,경상