사고번호,사고일시,요일,시군구,사고내용,사망자수,중상자수,경상자수,부상신고자수,사고유형,법규위반,노면상태,기상상태,도로형태,가해운전자 차종,가해운전자 성별,가해운전자 연령,가해운전자 상해정도,피해운전자 차종,피해운전자 성별,피해운전자 연령,피해운전자 상해정도
2022060600100327,2022년 6월 6일 17시,월요일,충청남도 천안시 서북구 입장면,경상사고,0,0,1,0,차대차 - 기타,안전운전불이행,건조,맑음,기타 - 기타,승용,여,52세,상해없음,승용,여,47세,경상
2022060600100359,2022년 6월 6일 18시,월요일,충청남도 천안시 서북구 쌍용동,경상사고,0,0,1,0,차대차 - 후진중충돌,안전운전불이행,건조,맑음,단일로 - 기타,승용,남,53세,상해없음,이륜,남,21세,경상
2022060600100441,2022년 6월 6일 21시,월요일,충청남도 논산시 채운면,사망사고,1,0,0,0,차량단독 - 공작물충돌,안전운전불이행,건조,맑음,교차로 - 교차로안,승용,남,53세,사망,,,,
2022060600100442,2022년 6월 6일 21시,월요일,충청남도 서천군 판교면,사망사고,1,0,0,0,차량단독 - 도로외이탈 - 기타,안전운전불이행,젖음/습기,비,단일로 - 기타,원동기,남,62세,사망,,,,
2022060700100016,2022년 6월 7일 03시,화요일,충청남도 아산시 영인면,중상사고,0,2,1,0,차대차 - 기타,중앙선침범,건조,맑음,기타 - 기타,승용,여,37세,상해없음,이륜,남,26세,경상
2022060700100033,2022년 6월 7일 06시,화요일,충청남도 천안시 서북구 백석동,경상사고,0,0,1,0,차대차 - 추돌,안전거리미확보,건조,맑음,단일로 - 기타,승용,남,52세,상해없음,승용,남,37세,경상
2022060700100105,2022년 6월 7일 08시,화요일,충청남도 천안시 동남구 원성동,경상사고,0,0,1,0,차대사람 - 보도통행중,기타,건조,맑음,단일로 - 기타,화물,남,71세,상해없음,보행자,남,40세,경상
2022060700100106,2022년 6월 7일 08시,화요일,충청남도 천안시 동남구 청당동,경상사고,0,0,2,0,차대차 - 측면충돌,신호위반,건조,맑음,교차로 - 교차로안,승용,남,27세,상해없음,승용,남,27세,경상
2022060700100175,2022년 6월 7일 10시,화요일,충청남도 서산시 동문동,중상사고,0,1,0,0,차대사람 - 횡단중,보행자보호의무위반,건조,맑음,교차로 - 교차로횡단보도내,승용,남,71세,상해없음,보행자,여,82세,중상
2022060700100205,2022년 6월 7일 11시,화요일,충청남도 태안군 고남면,경상사고,0,0,2,0,차대차 - 정면충돌,교차로운행방법위반,젖음/습기,비,교차로 - 교차로부근,승용,남,65세,상해없음,승용,여,27세,경상
2022060700100227,2022년 6월 7일 12시,화요일,충청남도 청양군 비봉면,경상사고,0,0,1,0,차량단독 - 전도전복 - 전도,안전운전불이행,젖음/습기,비,단일로 - 기타,이륜,남,81세,경상,,,,
2022060700100228,2022년 6월 7일 12시,화요일,충청남도 천안시 동남구 신부동,경상사고,0,0,1,0,차대차 - 측면충돌,안전운전불이행,건조,맑음,단일로 - 기타,이륜,남,27세,상해없음,승용,여,42세,경상
2022060700100254,2022년 6월 7일 13시,화요일,충청남도 아산시 용화동,경상사고,0,0,1,0,차대사람 - 횡단중,안전운전불이행,건조,맑음,교차로 - 교차로횡단보도내,화물,남,67세,상해없음,보행자,여,82세,경상
2022060700100282,2022년 6월 7일 14시,화요일,충청남도 공주시 신관동,경상사고,0,0,1,0,차대차 - 측면충돌,중앙선침범,건조,맑음,단일로 - 기타,화물,남,74세,상해없음,이륜,남,24세,경상
2022060700100283,2022년 6월 7일 14시,화요일,충청남도 당진시 원당동,경상사고,0,0,1,0,차대차 - 측면충돌,안전운전불이행,건조,맑음,기타 - 기타,건설기계,남,59세,상해없음,승용,여,36세,경상
2022060700100318,2022년 6월 7일 15시,화요일,충청남도 천안시 서북구 불당동,경상사고,0,0,1,0,차대차 - 측면충돌,직진우회전진행방해,건조,맑음,교차로 - 교차로안,승용,남,47세,상해없음,승용,여,32세,경상
2022060700100350,2022년 6월 7일 16시,화요일,충청남도 천안시 서북구 두정동,경상사고,0,0,1,0,차대차 - 기타,안전운전불이행,건조,맑음,단일로 - 기타,승용,여,39세,상해없음,이륜,남,46세,경상
2022060700100351,2022년 6월 7일 16시,화요일,충청남도 예산군 예산읍,중상사고,0,2,0,0,차대차 - 기타,직진우회전진행방해,건조,맑음,교차로 - 교차로안,승용,남,67세,상해없음,이륜,남,58세,중상
2022060700100352,2022년 6월 7일 16시,화요일,충청남도 부여군 장암면,중상사고,0,1,1,0,차대차 - 추돌,안전운전불이행,건조,맑음,단일로 - 기타,화물,남,62세,상해없음,화물,남,46세,경상
2022060700100399,2022년 6월 7일 17시,화요일,충청남도 당진시 채운동,경상사고,0,0,1,0,차대차 - 추돌,안전거리미확보,건조,맑음,단일로 - 기타,승용,남,46세,상해없음,승용,남,40세,경상
2022060700100493,2022년 6월 7일 20시,화요일,충청남도 서산시 대산읍,경상사고,0,0,1,0,차대사람 - 기타,안전운전불이행,건조,맑음,단일로 - 기타,승용,남,59세,상해없음,보행자,남,41세,경상
2022060700100494,2022년 6월 7일 20시,화요일,충청남도 태안군 소원면,중상사고,0,1,0,0,차대사람 - 기타,안전운전불이행,건조,맑음,단일로 - 기타,화물,남,70세,상해없음,보행자,여,62세,중상
2022060700100526,2022년 6월 7일 21시,화요일,충청남도 천안시 서북구 두정동,경상사고,0,0,2,0,차대차 - 측면충돌,신호위반,건조,맑음,교차로 - 교차로안,승용,여,36세,상해없음,승용,남,38세,경상
2022060700100527,2022년 6월 7일 21시,화요일,충청남도 홍성군 광천읍,사망사고,1,0,0,0,차대사람 - 차도통행중,안전운전불이행,젖음/습기,맑음,단일로 - 기타,화물,남,65세,상해없음,보행자,여,71세,사망
2022060700100555,2022년 6월 7일 22시,화요일,충청남도 예산군 예산읍,중상사고,0,1,1,0,차대차 - 기타,중앙선침범,건조,맑음,단일로 - 기타,화물,남,63세,중상,승용,여,45세,경상
2022060700100575,2022년 6월 7일 23시,화요일,충청남도 홍성군 홍성읍,중상사고,0,1,0,0,차대사람 - 기타,안전운전불이행,건조,맑음,교차로 - 교차로부근,승용,남,36세,상해없음,보행자,남,29세,중상
2022060800100009,2022년 6월 8일 00시,수요일,충청남도 부여군 규암면,중상사고,0,2,0,0,차대차 - 추돌,안전운전불이행,건조,맑음,단일로 - 기타,화물,남,40세,중상,화물,남,56세,중상
2022060800100054,2022년 6월 8일 06시,수요일,충청남도 천안시 서북구 불당동,중상사고,0,1,0,0,차대차 - 측면충돌,안전운전불이행,건조,맑음,단일로 - 기타,승용,남,37세,상해없음,승용,남,38세,중상
2022060800100071,2022년 6월 8일 07시,수요일,충청남도 천안시 서북구 직산읍,경상사고,0,0,1,0,차대사람 - 기타,안전운전불이행,건조,맑음,단일로 - 기타,승용,여,24세,상해없음,보행자,여,70세,경상
2022060800100098,2022년 6월 8일 08시,수요일,충청남도 서산시 오남동,경상사고,0,0,2,0,차대차 - 기타,중앙선침범,건조,맑음,단일로 - 기타,승용,남,48세,상해없음,승용,여,40세,경상
2022060800100099,2022년 6월 8일 08시,수요일,충청남도 천안시 서북구 성거읍,경상사고,0,0,1,0,차대차 - 추돌,안전운전불이행,건조,맑음,단일로 - 기타,승용,여,31세,상해없음,승용,여,57세,경상
2022060800100100,2022년 6월 8일 08시,수요일,충청남도 아산시 배방읍,경상사고,0,0,2,0,차대차 - 기타,안전운전불이행,건조,맑음,단일로 - 기타,화물,남,69세,경상,승용,여,24세,경상
2022060800100197,2022년 6월 8일 11시,수요일,충청남도 아산시 온천동,경상사고,0,0,1,0,차대차 - 기타,안전운전불이행,건조,맑음,교차로 - 교차로부근,승용,여,53세,상해없음,원동기,남,66세,경상
2022060800100198,2022년 6월 8일 11시,수요일,충청남도 당진시 합덕읍,경상사고,0,0,2,0,차대차 - 정면충돌,중앙선침범,건조,맑음,단일로 - 기타,화물,남,63세,상해없음,승용,여,41세,경상
2022060800100199,2022년 6월 8일 11시,수요일,충청남도 청양군 청양읍,경상사고,0,0,1,0,차대차 - 측면충돌,신호위반,건조,맑음,교차로 - 교차로안,승용,여,34세,상해없음,승용,남,48세,경상
2022060800100252,2022년 6월 8일 13시,수요일,충청남도 천안시 서북구 성거읍,경상사고,0,0,1,0,차대차 - 측면충돌,안전운전불이행,건조,맑음,단일로 - 기타,승합,남,38세,상해없음,승용,남,40세,상해없음
2022060800100253,2022년 6월 8일 13시,수요일,충청남도 당진시 송산면,경상사고,0,0,1,0,차대차 - 추돌,안전운전불이행,건조,맑음,단일로 - 기타,건설기계,남,67세,상해없음,승용,남,48세,경상
2022060800100278,2022년 6월 8일 14시,수요일,충청남도 서천군 화양면,경상사고,0,0,1,0,차대사람 - 차도통행중,안전운전불이행,건조,맑음,단일로 - 기타,승용,남,73세,상해없음,보행자,남,67세,경상
2022060800100279,2022년 6월 8일 14시,수요일,충청남도 공주시 금흥동,중상사고,0,1,1,0,차대차 - 기타,안전운전불이행,건조,맑음,교차로 - 교차로안,승용,여,24세,경상,승용,남,34세,중상
2022060800100310,2022년 6월 8일 15시,수요일,충청남도 보령시 명천동,경상사고,0,0,1,0,차대차 - 측면충돌,차로위반,건조,맑음,단일로 - 기타,승용,여,53세,상해없음,이륜,남,61세,경상
2022060800100311,2022년 6월 8일 15시,수요일,충청남도 금산군 금산읍,경상사고,0,0,1,0,차대차 - 측면충돌,안전운전불이행,건조,맑음,기타 - 기타,이륜,남,83세,경상,화물,남,74세,상해없음
2022060800100347,2022년 6월 8일 16시,수요일,충청남도 아산시 둔포면,중상사고,0,1,1,0,차대차 - 기타,안전운전불이행,건조,맑음,교차로 - 교차로안,승용,남,74세,상해없음,이륜,남,16세,중상
2022060800100475,2022년 6월 8일 19시,수요일,충청남도 홍성군 홍북읍,경상사고,0,0,1,0,차대차 - 측면충돌,중앙선침범,건조,맑음,단일로 - 기타,승용,남,24세,상해없음,승용,여,41세,경상
2022060800100524,2022년 6월 8일 21시,수요일,충청남도 천안시 서북구 성정동,경상사고,0,0,1,0,차대차 - 기타,안전운전불이행,건조,맑음,단일로 - 기타,승용,남,74세,상해없음,승용,남,38세,경상
2022060800100554,2022년 6월 8일 22시,수요일,충청남도 서산시 동문동,중상사고,0,1,0,0,차대사람 - 보도통행중,보행자보호의무위반,건조,맑음,교차로 - 교차로안,승용,남,43세,상해없음,보행자,여,67세,중상
2022060900100004,2022년 6월 9일 00시,목요일,충청남도 아산시 배방읍,중상사고,0,1,0,0,차대차 - 기타,차로위반,건조,맑음,단일로 - 기타,이륜,남,16세,상해없음,이륜,남,17세,중상
2022060900100060,2022년 6월 9일 07시,목요일,충청남도 홍성군 홍북읍,경상사고,0,0,1,0,차대차 - 후진중충돌,안전운전불이행,건조,맑음,단일로 - 기타,승용,남,71세,상해없음,화물,남,35세,경상
2022060900100092,2022년 6월 9일 08시,목요일,충청남도 천안시 서북구 두정동,중상사고,0,1,0,0,차대차 - 기타,신호위반,건조,맑음,교차로 - 교차로안,이륜,남,31세,상해없음,승용,여,36세,중상
2022060900100093,2022년 6월 9일 08시,목요일,충청남도 아산시 영인면,중상사고,0,1,1,0,차대차 - 기타,안전운전불이행,건조,맑음,기타 - 기타,건설기계,남,47세,상해없음,승용,여,46세,경상
2022060900100141,2022년 6월 9일 09시,목요일,충청남도 아산시 온천동,경상사고,0,0,1,0,차대사람 - 기타,안전운전불이행,건조,맑음,교차로 - 교차로안,승합,남,50세,상해없음,보행자,여,64세,경상
2022060900100142,2022년 6월 9일 09시,목요일,충청남도 천안시 동남구 원성동,경상사고,0,0,4,0,차대차 - 추돌,안전운전불이행,건조,맑음,단일로 - 기타,화물,남,53세,상해없음,승용,남,58세,경상
2022060900100143,2022년 6월 9일 09시,목요일,충청남도 태안군 소원면,중상사고,0,1,0,0,차대차 - 기타,안전운전불이행,건조,맑음,교차로 - 교차로안,화물,남,67세,상해없음,이륜,남,80세,중상
2022060900100193,2022년 6월 9일 11시,목요일,충청남도 서산시 석림동,경상사고,0,0,2,0,차대차 - 기타,안전운전불이행,건조,맑음,교차로 - 교차로부근,화물,여,60세,상해없음,승용,여,65세,경상
2022060900100194,2022년 6월 9일 11시,목요일,충청남도 천안시 서북구 직산읍,경상사고,0,0,1,0,차대차 - 기타,안전운전불이행,건조,맑음,단일로 - 기타,승합,남,48세,기타불명,승용,여,27세,경상
2022060900100222,2022년 6월 9일 12시,목요일,충청남도 홍성군 광천읍,경상사고,0,0,2,0,차대차 - 추돌,안전운전불이행,건조,맑음,단일로 - 기타,화물,남,67세,상해없음,승용,남,53세,경상
2022060900100223,2022년 6월 9일 12시,목요일,충청남도 예산군 덕산면,중상사고,0,1,0,0,차대사람 - 횡단중,안전운전불이행,건조,맑음,교차로 - 교차로안,승용,남,55세,상해없음,보행자,여,70세,중상
2022060900100245,2022년 6월 9일 13시,목요일,충청남도 논산시 연무읍,중상사고,0,3,0,0,차대차 - 정면충돌,신호위반,건조,맑음,교차로 - 교차로안,승용,남,86세,중상,승용,여,23세,중상
2022060900100246,2022년 6월 9일 13시,목요일,충청남도 아산시 득산동,경상사고,0,0,2,0,차대차 - 추돌,기타,건조,맑음,단일로 - 기타,승용,남,51세,상해없음,화물,남,42세,경상
2022060900100247,2022년 6월 9일 13시,목요일,충청남도 보령시 청라면,부상신고사고,0,0,0,1,차대사람 - 기타,안전운전불이행,건조,맑음,단일로 - 기타,승용,남,83세,상해없음,보행자,남,87세,부상신고
2022060900100270,2022년 6월 9일 14시,목요일,충청남도 천안시 서북구 성정동,경상사고,0,0,2,0,차대차 - 측면충돌,신호위반,건조,맑음,교차로 - 교차로안,승용,남,55세,상해없음,승용,남,27세,경상
2022060900100302,2022년 6월 9일 15시,목요일,충청남도 아산시 온천동,경상사고,0,0,1,1,차대차 - 측면충돌,신호위반,건조,맑음,교차로 - 교차로안,원동기,남,20세,부상신고,승용,남,40세,경상
2022060900100340,2022년 6월 9일 16시,목요일,충청남도 예산군 삽교읍,중상사고,0,1,2,0,차대차 - 추돌,직진우회전진행방해,건조,맑음,교차로 - 교차로부근,승용,여,50세,경상,승합,남,46세,경상
2022060900100377,2022년 6월 9일 17시,목요일,충청남도 천안시 서북구 성환읍,중상사고,0,1,0,1,차대차 - 측면충돌,안전운전불이행,건조,맑음,교차로 - 교차로부근,이륜,남,74세,부상신고,승용,여,56세,상해없음
2022060900100416,2022년 6월 9일 18시,목요일,충청남도 천안시 서북구 업성동,경상사고,0,0,1,0,차대차 - 측면충돌,안전운전불이행,건조,맑음,단일로 - 기타,승용,남,38세,상해없음,승용,여,49세,경상
2022060900100417,2022년 6월 9일 18시,목요일,충청남도 아산시 도고면,중상사고,0,1,0,0,차대차 - 기타,중앙선침범,건조,맑음,교차로 - 교차로안,화물,남,62세,상해없음,이륜,여,81세,중상
2022060900100418,2022년 6월 9일 18시,목요일,충청남도 보령시 대천동,중상사고,0,1,0,0,차대사람 - 횡단중,보행자보호의무위반,건조,맑음,교차로 - 교차로안,승합,남,58세,상해없음,보행자,여,62세,중상
2022060900100485,2022년 6월 9일 20시,목요일,충청남도 아산시 배방읍,경상사고,0,0,1,0,차대차 - 측면충돌,교차로운행방법위반,건조,맑음,교차로 - 교차로안,승용,남,36세,상해없음,이륜,남,32세,경상
2022060900100508,2022년 6월 9일 21시,목요일,충청남도 천안시 서북구 성거읍,경상사고,0,0,1,0,차대사람 - 횡단중,보행자보호의무위반,건조,맑음,교차로 - 교차로횡단보도내,승용,여,47세,상해없음,보행자,여,55세,경상
2022060900100541,2022년 6월 9일 23시,목요일,충청남도 아산시 배방읍,경상사고,0,0,2,0,차대차 - 기타,안전운전불이행,건조,맑음,단일로 - 기타,승용,남,64세,상해없음,승용,남,66세,경상
2022061000100010,2022년 6월 10일 00시,금요일,충청남도 금산군 금성면,중상사고,0,1,2,0,차대차 - 측면충돌,안전운전불이행,건조,맑음,교차로 - 교차로안,승용,여,67세,경상,승용,남,57세,경상
2022061000100032,2022년 6월 10일 04시,금요일,충청남도 아산시 배방읍,경상사고,0,0,1,0,차대차 - 기타,안전운전불이행,건조,맑음,단일로 - 기타,승용,남,32세,상해없음,화물,남,51세,경상
2022061000100147,2022년 6월 10일 09시,금요일,충청남도 서산시 지곡면,중상사고,0,2,0,0,차대차 - 기타,신호위반,건조,맑음,교차로 - 교차로안,승용,남,49세,상해없음,화물,남,66세,중상
2022061000100148,2022년 6월 10일 09시,금요일,충청남도 천안시 서북구 와촌동,경상사고,0,0,1,0,차대사람 - 기타,안전운전불이행,건조,맑음,교차로 - 교차로안,화물,남,57세,상해없음,보행자,남,79세,경상
2022061000100149,2022년 6월 10일 09시,금요일,충청남도 논산시 성동면,경상사고,0,0,2,0,차대차 - 측면충돌,안전운전불이행,건조,맑음,단일로 - 고가도로위,승용,여,49세,경상,화물,남,60세,경상
2022061000100150,2022년 6월 10일 09시,금요일,충청남도 부여군 세도면,중상사고,0,1,0,0,차대차 - 측면충돌,교차로운행방법위반,건조,맑음,교차로 - 교차로안,승용,남,49세,상해없음,승용,남,65세,중상
2022061000100178,2022년 6월 10일 10시,금요일,충청남도 천안시 서북구 쌍용동,경상사고,0,0,1,0,차대차 - 측면충돌,안전운전불이행,건조,맑음,교차로 - 교차로부근,승용,여,53세,상해없음,승용,여,34세,경상
2022061000100179,2022년 6월 10일 10시,금요일,충청남도 아산시 인주면,경상사고,0,0,3,0,차대차 - 측면충돌,안전운전불이행,건조,맑음,기타 - 기타,화물,남,55세,상해없음,승용,남,22세,경상
2022061000100207,2022년 6월 10일 11시,금요일,충청남도 서산시 읍내동,경상사고,0,0,1,0,차대차 - 후진중충돌,안전운전불이행,건조,맑음,교차로 - 교차로부근,승용,남,76세,상해없음,승용,남,60세,경상
2022061000100233,2022년 6월 10일 12시,금요일,충청남도 천안시 서북구 성거읍,경상사고,0,0,1,0,차대차 - 기타,안전운전불이행,건조,맑음,교차로 - 교차로부근,화물,남,24세,상해없음,승용,여,53세,경상
2022061000100262,2022년 6월 10일 13시,금요일,충청남도 서천군 판교면,경상사고,0,0,1,0,차량단독 - 공작물충돌,안전운전불이행,건조,맑음,단일로 - 기타,승용,남,58세,경상,,,,
2022061000100263,2022년 6월 10일 13시,금요일,충청남도 부여군 세도면,중상사고,0,1,0,0,차대차 - 측면충돌,중앙선침범,건조,맑음,단일로 - 기타,화물,남,74세,기타불명,승용,남,78세,중상
2022061000100265,2022년 6월 10일 13시,금요일,충청남도 공주시 봉정동,경상사고,0,0,1,0,차대차 - 기타,안전운전불이행,건조,맑음,단일로 - 기타,승용,남,23세,상해없음,승용,남,58세,경상
2022061000100297,2022년 6월 10일 14시,금요일,충청남도 논산시 가야곡면,중상사고,0,1,1,0,차대차 - 측면충돌,직진우회전진행방해,건조,맑음,교차로 - 교차로안,이륜,남,77세,경상,화물,남,59세,상해없음
2022061000100337,2022년 6월 10일 15시,금요일,충청남도 서산시 대산읍,중상사고,0,2,1,0,차대차 - 정면충돌,중앙선침범,건조,맑음,단일로 - 기타,승용,남,56세,중상,건설기계,남,72세,경상
2022061000100381,2022년 6월 10일 16시,금요일,충청남도 아산시 권곡동,경상사고,0,0,1,0,차대차 - 측면충돌,신호위반,건조,맑음,교차로 - 교차로안,승용,남,20세,상해없음,승용,남,43세,경상
2022061000100427,2022년 6월 10일 17시,금요일,충청남도 천안시 서북구 성환읍,경상사고,0,0,1,0,차대차 - 기타,안전운전불이행,건조,맑음,기타 - 기타,승용,남,71세,상해없음,승용,남,60세,경상
2022061000100475,2022년 6월 10일 18시,금요일,충청남도 당진시 채운동,경상사고,0,0,1,0,차대차 - 추돌,안전거리미확보,건조,맑음,단일로 - 기타,승용,여,47세,상해없음,승용,여,22세,경상
2022061000100514,2022년 6월 10일 19시,금요일,충청남도 아산시 권곡동,경상사고,0,0,3,0,차대차 - 추돌,안전운전불이행,건조,맑음,기타 - 기타,이륜,남,16세,상해없음,승용,남,48세,경상
2022061000100515,2022년 6월 10일 19시,금요일,충청남도 예산군 삽교읍,사망사고,1,0,0,0,차량단독 - 기타,안전운전불이행,건조,맑음,단일로 - 기타,원동기,남,61세,사망,,,,
2022061000100540,2022년 6월 10일 20시,금요일,충청남도 서천군 비인면,경상사고,0,0,1,0,차대차 - 추돌,안전운전불이행,건조,맑음,단일로 - 기타,화물,남,55세,상해없음,승용,남,60세,상해없음
2022061000100541,2022년 6월 10일 20시,금요일,충청남도 태안군 안면읍,경상사고,0,0,1,0,차대차 - 추돌,안전운전불이행,건조,맑음,단일로 - 기타,승용,여,55세,상해없음,사륜오토바이(ATV),남,50세,경상
2022061000100563,2022년 6월 10일 21시,금요일,충청남도 천안시 동남구 신방동,경상사고,0,0,1,0,차대사람 - 길가장자리구역통행중,안전운전불이행,건조,맑음,단일로 - 기타,화물,여,66세,상해없음,보행자,남,30세,경상
2022061000100587,2022년 6월 10일 22시,금요일,충청남도 천안시 서북구 백석동,경상사고,0,0,2,0,차대차 - 기타,안전운전불이행,건조,맑음,교차로 - 교차로부근,승용,남,22세,상해없음,승용,남,30세,경상
2022061000100588,2022년 6월 10일 22시,금요일,충청남도 천안시 서북구 두정동,경상사고,0,0,2,0,차대차 - 측면충돌,교차로운행방법위반,건조,맑음,교차로 - 교차로안,승용,남,42세,경상,승용,남,44세,경상
2022061000100589,2022년 6월 10일 22시,금요일,충청남도 당진시 읍내동,경상사고,0,0,1,0,차대차 - 측면충돌,안전거리미확보,건조,맑음,교차로 - 교차로안,승용,남,54세,상해없음,승용,여,41세,경상
2022061000100605,2022년 6월 10일 23시,금요일,충청남도 천안시 서북구 불당동,경상사고,0,0,5,0,차대차 - 기타,안전운전불이행,건조,맑음,교차로 - 교차로부근,승용,남,27세,상해없음,승용,남,33세,경상
2022061100100029,2022년 6월 11일 01시,토요일,충청남도 예산군 삽교읍,경상사고,0,0,1,0,차량단독 - 기타,안전운전불이행,건조,맑음,단일로 - 기타,이륜,남,64세,경상,,,,
2022061100100030,2022년 6월 11일 01시,토요일,충청남도 당진시 읍내동,경상사고,0,0,1,0,차대차 - 추돌,신호위반,건조,맑음,교차로 - 교차로안,승용,남,19세,상해없음,승용,남,42세,경상
2022061100100041,2022년 6월 11일 02시,토요일,충청남도 논산시 채운면,경상사고,0,0,1,0,차대차 - 추돌,안전운전불이행,건조,맑음,단일로 - 기타,승용,여,21세,기타불명,화물,남,27세,경상
2022061100100103,2022년 6월 11일 08시,토요일,충청남도 논산시 대교동,중상사고,0,2,0,0,차대차 - 정면충돌,직진우회전진행방해,건조,맑음,교차로 - 교차로안,승용,여,58세,상해없음,승용,여,57세,중상
2022061100100104,2022년 6월 11일 08시,토요일,충청남도 천안시 동남구 원성동,경상사고,0,0,1,0,차대차 - 측면충돌,교차로운행방법위반,건조,맑음,교차로 - 교차로안,승용,여,39세,경상,화물,남,62세,상해없음
2022061100100154,2022년 6월 11일 10시,토요일,충청남도 천안시 서북구 두정동,경상사고,0,0,1,0,차대차 - 기타,중앙선침범,건조,맑음,교차로 - 교차로안,원동기,남,30세,상해없음,승용,여,35세,경상
2022061100100155,2022년 6월 11일 10시,토요일,충청남도 천안시 서북구 입장면,경상사고,0,0,3,0,차대차 - 측면충돌,안전운전불이행,건조,맑음,기타 - 기타,승용,남,62세,상해없음,승용,여,50세,경상
2022061100100234,2022년 6월 11일 12시,토요일,충청남도 청양군 정산면,중상사고,0,1,0,0,차대차 - 추돌,안전운전불이행,건조,맑음,단일로 - 기타,이륜,남,33세,중상,화물,남,61세,기타불명
2022061100100277,2022년 6월 11일 13시,토요일,충청남도 홍성군 서부면,중상사고,0,1,0,0,차대차 - 추돌,안전운전불이행,건조,맑음,단일로 - 기타,승용,남,64세,상해없음,자전거,남,55세,중상
2022061100100278,2022년 6월 11일 13시,토요일,충청남도 공주시 계룡면,중상사고,0,1,0,0,차대차 - 측면충돌,중앙선침범,건조,맑음,교차로 - 교차로안,승용,여,60세,상해없음,사륜오토바이(ATV),남,78세,중상
2022061100100279,2022년 6월 11일 13시,토요일,충청남도 금산군 남일면,경상사고,0,0,2,0,차대차 - 측면충돌,신호위반,건조,맑음,교차로 - 교차로안,승용,남,36세,경상,승용,남,75세,경상
2022061100100313,2022년 6월 11일 14시,토요일,충청남도 천안시 서북구 두정동,경상사고,0,0,1,0,차대차 - 측면충돌,직진우회전진행방해,건조,맑음,교차로 - 교차로안,승용,여,44세,상해없음,승용,여,28세,경상
2022061100100314,2022년 6월 11일 14시,토요일,충청남도 부여군 부여읍,경상사고,0,0,1,0,차대사람 - 횡단중,보행자보호의무위반,건조,맑음,교차로 - 교차로안,승용,여,31세,상해없음,보행자,남,55세,경상
2022061100100315,2022년 6월 11일 14시,토요일,충청남도 천안시 동남구 목천읍,경상사고,0,0,1,0,차대차 - 정면충돌,중앙선침범,건조,맑음,기타 - 기타,승용,여,64세,상해없음,승용,남,65세,경상
2022061100100344,2022년 6월 11일 15시,토요일,충청남도 태안군 소원면,경상사고,0,0,2,0,차대차 - 추돌,안전운전불이행,건조,맑음,단일로 - 기타,승용,남,37세,상해없음,승용,남,61세,상해없음
2022061100100416,2022년 6월 11일 17시,토요일,충청남도 서산시 석림동,중상사고,0,1,0,0,차대차 - 추돌,안전운전불이행,건조,맑음,교차로 - 교차로부근,승용,남,63세,기타불명,자전거,남,56세,중상
2022061100100417,2022년 6월 11일 17시,토요일,충청남도 논산시 내동,경상사고,0,0,2,0,차대차 - 측면충돌,안전거리미확보,건조,맑음,기타 - 기타,승용,남,56세,기타불명,승용,남,55세,경상
2022061100100418,2022년 6월 11일 17시,토요일,충청남도 천안시 동남구 신부동,경상사고,0,0,1,0,차대사람 - 기타,안전운전불이행,건조,맑음,주차장 - 주차장,승용,여,26세,상해없음,보행자,남,29세,경상
2022061100100455,2022년 6월 11일 18시,토요일,충청남도 청양군 비봉면,중상사고,0,1,1,0,차대차 - 측면충돌,직진우회전진행방해,건조,맑음,교차로 - 교차로안,승용,남,57세,중상,승용,남,53세,경상
2022061100100484,2022년 6월 11일 19시,토요일,충청남도 천안시 동남구 쌍용동,부상신고사고,0,0,0,1,차대차 - 추돌,안전운전불이행,건조,맑음,단일로 - 기타,이륜,남,17세,부상신고,승합,남,54세,상해없음
2022061100100514,2022년 6월 11일 20시,토요일,충청남도 태안군 남면,경상사고,0,0,2,0,차대사람 - 기타,안전운전불이행,건조,맑음,단일로 - 기타,승용,남,64세,상해없음,보행자,남,31세,경상
2022061100100535,2022년 6월 11일 21시,토요일,충청남도 당진시 송산면,경상사고,0,0,1,0,차대사람 - 기타,안전운전불이행,건조,맑음,기타 - 기타,승용,여,53세,상해없음,보행자,남,47세,경상
2022061100100536,2022년 6월 11일 21시,토요일,충청남도 당진시 송악읍,사망사고,2,0,1,0,차대차 - 측면충돌,안전운전불이행,건조,맑음,교차로 - 교차로안,승용,남,31세,사망,승용,남,62세,사망
2022061100100548,2022년 6월 11일 22시,토요일,충청남도 아산시 배방읍,경상사고,0,0,1,0,차대사람 - 길가장자리구역통행중,안전운전불이행,건조,맑음,단일로 - 기타,승용,남,37세,상해없음,보행자,남,17세,경상
2022061100100572,2022년 6월 11일 23시,토요일,충청남도 천안시 서북구 백석동,경상사고,0,0,1,0,차대차 - 추돌,안전운전불이행,건조,맑음,교차로 - 교차로부근,승용,여,41세,기타불명,승용,남,26세,경상
2022061200100087,2022년 6월 12일 09시,일요일,충청남도 당진시 순성면,중상사고,0,3,1,0,차대차 - 측면충돌,교차로운행방법위반,건조,맑음,교차로 - 교차로안,승용,여,18세,상해없음,승합,남,62세,상해없음
2022061200100103,2022년 6월 12일 10시,일요일,충청남도 천안시 동남구 원성동,경상사고,0,0,2,0,차대차 - 기타,신호위반,건조,맑음,교차로 - 교차로안,승용,남,59세,상해없음,승용,남,63세,경상