사고번호,사고일시,요일,시군구,사고내용,사망자수,중상자수,경상자수,부상신고자수,사고유형,법규위반,노면상태,기상상태,도로형태,가해운전자 차종,가해운전자 성별,가해운전자 연령,가해운전자 상해정도,피해운전자 차종,피해운전자 성별,피해운전자 연령,피해운전자 상해정도
2022061200100125,2022년 6월 12일 11시,일요일,충청남도 아산시 둔포면,중상사고,0,2,3,0,차대차 - 추돌,안전운전불이행,건조,맑음,단일로 - 기타,승용,남,74세,상해없음,승용,남,28세,중상
2022061200100150,2022년 6월 12일 12시,일요일,충청남도 논산시 광석면,경상사고,0,0,1,0,차대차 - 기타,교차로운행방법위반,건조,맑음,교차로 - 교차로안,승합,남,46세,상해없음,이륜,여,37세,경상
2022061200100199,2022년 6월 12일 14시,일요일,충청남도 천안시 서북구 성정동,중상사고,0,1,0,0,차대차 - 측면충돌,직진우회전진행방해,건조,맑음,교차로 - 교차로안,승용,남,23세,상해없음,이륜,남,36세,중상
2022061200100225,2022년 6월 12일 15시,일요일,충청남도 홍성군 광천읍,중상사고,0,1,0,0,차대차 - 측면충돌,불법유턴,건조,맑음,교차로 - 교차로안,승용,남,57세,상해없음,승용,남,58세,중상
2022061200100276,2022년 6월 12일 17시,일요일,충청남도 공주시 사곡면,중상사고,0,1,0,0,차량단독 - 전도전복 - 전도,안전운전불이행,건조,맑음,단일로 - 기타,농기계,남,74세,중상,,,,
2022061200100297,2022년 6월 12일 18시,일요일,충청남도 아산시 방축동,경상사고,0,0,1,0,차대차 - 추돌,신호위반,건조,맑음,교차로 - 교차로안,승용,여,32세,상해없음,승용,여,69세,경상
2022061200100298,2022년 6월 12일 18시,일요일,충청남도 보령시 주교면,중상사고,0,1,0,0,차대차 - 기타,안전운전불이행,건조,맑음,교차로 - 교차로안,화물,남,52세,상해없음,이륜,남,58세,중상
2022061200100299,2022년 6월 12일 18시,일요일,충청남도 천안시 동남구 목천읍,경상사고,0,0,2,0,차대차 - 추돌,안전거리미확보,건조,맑음,단일로 - 기타,승용,남,74세,상해없음,승용,남,67세,경상
2022061200100327,2022년 6월 12일 19시,일요일,충청남도 천안시 서북구 백석동,경상사고,0,0,1,0,차대차 - 측면충돌,안전운전불이행,건조,맑음,단일로 - 기타,승용,남,24세,상해없음,이륜,남,32세,경상
2022061300100048,2022년 6월 13일 07시,월요일,충청남도 서천군 장항읍,사망사고,1,0,0,0,차대차 - 측면충돌,안전거리미확보,건조,맑음,단일로 - 기타,자전거,여,78세,사망,화물,남,59세,상해없음
2022061300100083,2022년 6월 13일 08시,월요일,충청남도 서천군 장항읍,중상사고,0,1,0,0,차대사람 - 보도통행중,기타,건조,맑음,교차로 - 교차로부근,자전거,남,15세,상해없음,보행자,여,61세,중상
2022061300100084,2022년 6월 13일 08시,월요일,충청남도 서천군 서천읍,경상사고,0,0,1,0,차대사람 - 차도통행중,안전운전불이행,건조,맑음,단일로 - 기타,승용,여,57세,상해없음,보행자,여,72세,경상
2022061300100085,2022년 6월 13일 08시,월요일,충청남도 보령시 대천동,경상사고,0,0,2,0,차대차 - 측면충돌,안전운전불이행,건조,맑음,교차로 - 교차로안,화물,남,73세,상해없음,화물,남,38세,경상
2022061300100153,2022년 6월 13일 10시,월요일,충청남도 금산군 남이면,사망사고,1,1,0,0,차량단독 - 공작물충돌,중앙선침범,건조,맑음,단일로 - 기타,승용,여,77세,상해없음,,,,
2022061300100180,2022년 6월 13일 11시,월요일,충청남도 공주시 신관동,경상사고,0,0,2,0,차대차 - 측면충돌,차로위반,건조,맑음,교차로 - 교차로안,화물,남,59세,상해없음,승용,남,41세,경상
2022061300100205,2022년 6월 13일 12시,월요일,충청남도 서산시 동문동,중상사고,0,1,0,0,차대사람 - 횡단중,보행자보호의무위반,건조,맑음,교차로 - 교차로횡단보도내,승용,여,68세,상해없음,보행자,여,74세,중상
2022061300100232,2022년 6월 13일 13시,월요일,충청남도 천안시 서북구 성정동,중상사고,0,1,2,0,차대차 - 추돌,안전운전불이행,건조,맑음,단일로 - 기타,화물,남,26세,상해없음,승용,여,49세,중상
2022061300100233,2022년 6월 13일 13시,월요일,충청남도 아산시 모종동,경상사고,0,0,1,0,차대차 - 추돌,안전운전불이행,건조,맑음,교차로 - 교차로부근,승용,남,68세,상해없음,승용,남,66세,경상
2022061300100234,2022년 6월 13일 13시,월요일,충청남도 공주시 유구읍,경상사고,0,0,1,0,차대사람 - 기타,안전운전불이행,건조,맑음,단일로 - 기타,화물,남,39세,상해없음,보행자,남,60세,경상
2022061300100260,2022년 6월 13일 14시,월요일,충청남도 아산시 온천동,경상사고,0,0,1,0,차대차 - 측면충돌,안전운전불이행,건조,맑음,단일로 - 기타,승용,남,47세,상해없음,이륜,남,29세,경상
2022061300100288,2022년 6월 13일 15시,월요일,충청남도 아산시 둔포면,부상신고사고,0,0,0,1,차대차 - 측면충돌,안전운전불이행,건조,맑음,교차로 - 교차로부근,승용,여,38세,상해없음,자전거,남,62세,부상신고
2022061300100289,2022년 6월 13일 15시,월요일,충청남도 청양군 남양면,중상사고,0,1,2,0,차대차 - 정면충돌,안전운전불이행,건조,맑음,기타 - 기타,승용,남,60세,상해없음,승용,남,69세,경상
2022061300100385,2022년 6월 13일 17시,월요일,충청남도 논산시 성동면,중상사고,0,1,0,0,차대차 - 정면충돌,교차로운행방법위반,건조,맑음,교차로 - 교차로안,승용,남,37세,상해없음,이륜,남,79세,중상
2022061300100386,2022년 6월 13일 17시,월요일,충청남도 천안시 동남구 병천면,경상사고,0,0,1,0,차대차 - 기타,안전운전불이행,건조,맑음,단일로 - 기타,기타불명,기타불명,미분류,기타불명,자전거,남,10세,경상
2022061300100429,2022년 6월 13일 18시,월요일,충청남도 천안시 서북구 두정동,중상사고,0,1,0,0,차대차 - 기타,안전운전불이행,건조,맑음,기타 - 기타,승용,남,58세,상해없음,이륜,남,33세,중상
2022061300100430,2022년 6월 13일 18시,월요일,충청남도 아산시 배방읍,경상사고,0,0,1,0,차대차 - 측면충돌,안전운전불이행,건조,맑음,교차로 - 교차로안,승용,남,59세,상해없음,승용,남,46세,경상
2022061300100431,2022년 6월 13일 18시,월요일,충청남도 아산시 탕정면,경상사고,0,0,1,0,차대차 - 기타,교차로운행방법위반,건조,맑음,교차로 - 교차로안,승용,남,46세,경상,승용,남,23세,상해없음
2022061300100487,2022년 6월 13일 20시,월요일,충청남도 서천군 서천읍,경상사고,0,0,1,0,차대차 - 정면충돌,신호위반,건조,맑음,교차로 - 교차로안,승용,남,59세,상해없음,승용,남,31세,경상
2022061300100488,2022년 6월 13일 20시,월요일,충청남도 천안시 동남구 병천면,경상사고,0,0,5,0,차대차 - 추돌,안전운전불이행,건조,맑음,교차로 - 교차로부근,승용,남,43세,상해없음,승용,여,51세,경상
2022061400100015,2022년 6월 14일 01시,화요일,충청남도 서산시 지곡면,경상사고,0,0,1,0,차대차 - 추돌,안전운전불이행,건조,맑음,교차로 - 교차로부근,승용,남,36세,상해없음,화물,남,46세,경상
2022061400100026,2022년 6월 14일 03시,화요일,충청남도 서산시 동문동,중상사고,0,1,0,0,차대차 - 추돌,중앙선침범,건조,맑음,교차로 - 교차로안,자전거,남,78세,중상,승용,여,66세,상해없음
2022061400100037,2022년 6월 14일 05시,화요일,충청남도 천안시 서북구 직산읍,경상사고,0,0,2,0,차대차 - 기타,안전운전불이행,건조,맑음,교차로 - 교차로안,승용,여,23세,상해없음,승용,남,49세,경상
2022061400100045,2022년 6월 14일 06시,화요일,충청남도 천안시 동남구 동면,경상사고,0,0,1,0,차대차 - 측면충돌,직진우회전진행방해,건조,맑음,교차로 - 교차로안,승용,여,69세,상해없음,승용,남,46세,경상
2022061400100064,2022년 6월 14일 07시,화요일,충청남도 천안시 서북구 성환읍,경상사고,0,0,1,0,차대사람 - 차도통행중,안전운전불이행,건조,맑음,단일로 - 기타,승용,여,51세,상해없음,보행자,남,14세,경상
2022061400100065,2022년 6월 14일 07시,화요일,충청남도 천안시 동남구 신부동,경상사고,0,0,2,0,차대차 - 측면충돌,안전운전불이행,건조,맑음,단일로 - 기타,화물,남,61세,상해없음,승용,여,36세,경상
2022061400100066,2022년 6월 14일 07시,화요일,충청남도 천안시 동남구 용곡동,경상사고,0,0,1,0,차대차 - 측면충돌,교차로운행방법위반,건조,맑음,교차로 - 교차로안,승용,여,54세,상해없음,승용,남,44세,경상
2022061400100103,2022년 6월 14일 08시,화요일,충청남도 아산시 용화동,경상사고,0,0,1,0,차대사람 - 보도통행중,기타,건조,맑음,단일로 - 기타,화물,남,58세,상해없음,보행자,여,10세,경상
2022061400100104,2022년 6월 14일 08시,화요일,충청남도 청양군 청남면,사망사고,1,0,0,0,차대차 - 추돌,안전운전불이행,건조,맑음,단일로 - 기타,승합,남,70세,상해없음,사륜오토바이(ATV),남,84세,사망
2022061400100160,2022년 6월 14일 09시,화요일,충청남도 청양군 정산면,경상사고,0,0,1,0,차대차 - 측면충돌,안전운전불이행,건조,맑음,단일로 - 기타,농기계,남,79세,경상,승용,남,44세,상해없음
2022061400100218,2022년 6월 14일 11시,화요일,충청남도 예산군 오가면,경상사고,0,0,1,0,차대차 - 측면충돌,직진우회전진행방해,건조,맑음,교차로 - 교차로안,이륜,남,75세,경상,화물,남,44세,상해없음
2022061400100249,2022년 6월 14일 12시,화요일,충청남도 서산시 팔봉면,사망사고,1,0,0,0,차량단독 - 도로외이탈 - 추락,안전운전불이행,건조,맑음,기타 - 기타,승용,남,70세,사망,,,,
2022061400100250,2022년 6월 14일 12시,화요일,충청남도 천안시 서북구 차암동,경상사고,0,0,1,0,차대차 - 측면충돌,신호위반,건조,맑음,교차로 - 교차로안,승용,여,57세,상해없음,승용,여,49세,경상
2022061400100251,2022년 6월 14일 12시,화요일,충청남도 홍성군 광천읍,중상사고,0,1,0,0,차대차 - 측면충돌,안전운전불이행,건조,맑음,단일로 - 기타,화물,남,53세,상해없음,자전거,여,79세,중상
2022061400100252,2022년 6월 14일 12시,화요일,충청남도 천안시 동남구 구성동,중상사고,0,1,0,0,차대차 - 측면충돌,안전거리미확보,건조,맑음,단일로 - 기타,승용,남,22세,상해없음,승용,여,30세,중상
2022061400100314,2022년 6월 14일 14시,화요일,충청남도 천안시 동남구 신부동,경상사고,0,0,1,0,차대차 - 측면충돌,안전운전불이행,젖음/습기,흐림,단일로 - 기타,승용,여,20세,상해없음,이륜,남,37세,경상
2022061400100353,2022년 6월 14일 15시,화요일,충청남도 공주시 유구읍,중상사고,0,1,1,0,차대차 - 측면충돌,교차로운행방법위반,건조,맑음,교차로 - 교차로안,화물,남,76세,상해없음,승용,남,58세,경상
2022061400100392,2022년 6월 14일 16시,화요일,충청남도 서산시 잠홍동,경상사고,0,0,1,0,차대차 - 추돌,안전운전불이행,건조,맑음,교차로 - 교차로안,승합,남,66세,상해없음,승용,여,49세,경상
2022061400100423,2022년 6월 14일 17시,화요일,충청남도 아산시 배방읍,경상사고,0,0,1,0,차대사람 - 횡단중,보행자보호의무위반,젖음/습기,비,교차로 - 교차로횡단보도내,승용,여,58세,상해없음,보행자,여,24세,경상
2022061400100424,2022년 6월 14일 17시,화요일,충청남도 예산군 삽교읍,경상사고,0,0,2,0,차대차 - 측면충돌,안전운전불이행,젖음/습기,흐림,교차로 - 교차로안,승합,남,38세,상해없음,승용,남,36세,경상
2022061400100425,2022년 6월 14일 17시,화요일,충청남도 당진시 수청동,경상사고,0,0,1,0,차대차 - 추돌,안전운전불이행,건조,맑음,단일로 - 기타,승합,남,60세,상해없음,승용,남,45세,경상
2022061400100467,2022년 6월 14일 18시,화요일,충청남도 청양군 청양읍,중상사고,0,1,0,0,차대차 - 측면충돌,기타,젖음/습기,비,교차로 - 교차로안,승용,남,25세,상해없음,자전거,남,83세,중상
2022061400100498,2022년 6월 14일 19시,화요일,충청남도 청양군 정산면,경상사고,0,0,1,0,차대차 - 추돌,안전운전불이행,젖음/습기,비,교차로 - 교차로부근,이륜,남,52세,경상,승용,여,47세,상해없음
2022061400100532,2022년 6월 14일 20시,화요일,충청남도 보령시 동대동,경상사고,0,0,1,0,차대차 - 기타,직진우회전진행방해,젖음/습기,비,교차로 - 교차로안,승용,여,32세,상해없음,자전거,남,63세,경상
2022061400100552,2022년 6월 14일 21시,화요일,충청남도 천안시 서북구 성정동,경상사고,0,0,1,0,차대차 - 정면충돌,교차로운행방법위반,젖음/습기,비,교차로 - 교차로안,승용,여,55세,상해없음,이륜,남,36세,경상
2022061400100553,2022년 6월 14일 21시,화요일,충청남도 천안시 서북구 불당동,경상사고,0,0,1,0,차대차 - 측면충돌,신호위반,젖음/습기,비,교차로 - 교차로안,승용,여,21세,상해없음,승용,남,74세,경상
2022061400100554,2022년 6월 14일 21시,화요일,충청남도 홍성군 홍성읍,경상사고,0,0,3,0,차대차 - 측면충돌,안전운전불이행,젖음/습기,비,교차로 - 교차로안,승용,남,34세,상해없음,승용,여,43세,경상
2022061400100555,2022년 6월 14일 21시,화요일,충청남도 홍성군 홍북읍,경상사고,0,0,1,0,차대차 - 기타,안전운전불이행,젖음/습기,흐림,교차로 - 교차로부근,승용,남,31세,상해없음,승용,여,26세,경상
2022061400100577,2022년 6월 14일 22시,화요일,충청남도 부여군 규암면,경상사고,0,0,3,0,차대차 - 추돌,안전운전불이행,건조,맑음,단일로 - 교량,승용,남,41세,상해없음,승용,남,47세,경상
2022061500100005,2022년 6월 15일 00시,수요일,충청남도 천안시 동남구 목천읍,경상사고,0,0,3,0,차대차 - 추돌,안전운전불이행,젖음/습기,비,기타 - 기타,화물,남,39세,상해없음,승용,남,30세,경상
2022061500100014,2022년 6월 15일 01시,수요일,충청남도 천안시 서북구 백석동,부상신고사고,0,0,0,1,차대차 - 기타,안전운전불이행,젖음/습기,비,단일로 - 기타,승용,남,42세,부상신고,승용,남,50세,상해없음
2022061500100033,2022년 6월 15일 04시,수요일,충청남도 천안시 서북구 백석동,경상사고,0,0,3,0,차대차 - 정면충돌,안전운전불이행,젖음/습기,비,교차로 - 교차로안,승용,남,30세,상해없음,승용,남,21세,경상
2022061500100063,2022년 6월 15일 07시,수요일,충청남도 서천군 기산면,중상사고,0,1,2,0,차대차 - 측면충돌,직진우회전진행방해,젖음/습기,비,교차로 - 교차로안,화물,남,44세,경상,승용,남,66세,상해없음
2022061500100101,2022년 6월 15일 08시,수요일,충청남도 천안시 서북구 백석동,경상사고,0,0,1,0,차대사람 - 기타,보행자보호의무위반,건조,맑음,교차로 - 교차로횡단보도내,승용,남,67세,상해없음,보행자,여,36세,경상
2022061500100102,2022년 6월 15일 08시,수요일,충청남도 아산시 배방읍,경상사고,0,0,1,0,차대차 - 측면충돌,신호위반,젖음/습기,비,교차로 - 교차로안,승용,여,39세,상해없음,승용,남,50세,경상
2022061500100103,2022년 6월 15일 08시,수요일,충청남도 천안시 동남구 신방동,경상사고,0,0,1,0,차대차 - 추돌,안전운전불이행,건조,흐림,단일로 - 기타,승용,남,51세,상해없음,승용,남,54세,경상
2022061500100132,2022년 6월 15일 09시,수요일,충청남도 아산시 둔포면,경상사고,0,0,1,0,차대차 - 측면충돌,신호위반,건조,맑음,단일로 - 기타,화물,남,69세,상해없음,화물,여,30세,경상
2022061500100133,2022년 6월 15일 09시,수요일,충청남도 예산군 예산읍,경상사고,0,0,1,0,차대차 - 측면충돌,중앙선침범,젖음/습기,흐림,단일로 - 기타,화물,남,81세,경상,승용,남,39세,상해없음
2022061500100161,2022년 6월 15일 10시,수요일,충청남도 서천군 화양면,중상사고,0,1,0,0,차대차 - 측면충돌,직진우회전진행방해,젖음/습기,흐림,교차로 - 교차로안,승합,여,50세,기타불명,이륜,남,82세,중상
2022061500100188,2022년 6월 15일 11시,수요일,충청남도 공주시 금흥동,경상사고,0,0,3,0,차대차 - 정면충돌,중앙선침범,건조,흐림,교차로 - 교차로부근,승용,여,52세,상해없음,승합,여,39세,경상
2022061500100221,2022년 6월 15일 12시,수요일,충청남도 천안시 서북구 직산읍,경상사고,0,0,1,0,차대차 - 기타,중앙선침범,건조,맑음,단일로 - 기타,화물,남,53세,상해없음,승용,남,40세,경상
2022061500100222,2022년 6월 15일 12시,수요일,충청남도 청양군 청양읍,중상사고,0,1,0,0,차대차 - 측면충돌,직진우회전진행방해,젖음/습기,맑음,교차로 - 교차로안,승용,남,28세,상해없음,승용,남,64세,중상
2022061500100249,2022년 6월 15일 13시,수요일,충청남도 서산시 읍내동,중상사고,0,2,0,0,차대차 - 추돌,안전운전불이행,건조,맑음,교차로 - 교차로부근,승용,여,62세,상해없음,승용,남,62세,중상
2022061500100250,2022년 6월 15일 13시,수요일,충청남도 예산군 예산읍,경상사고,0,0,2,0,차대차 - 정면충돌,교차로운행방법위반,건조,맑음,교차로 - 교차로안,승용,남,56세,상해없음,화물,남,49세,경상
2022061500100283,2022년 6월 15일 14시,수요일,충청남도 홍성군 홍성읍,중상사고,0,1,0,0,차대차 - 측면충돌,신호위반,건조,맑음,교차로 - 교차로안,승용,여,78세,상해없음,이륜,남,79세,중상
2022061500100284,2022년 6월 15일 14시,수요일,충청남도 당진시 읍내동,경상사고,0,0,1,0,차대차 - 후진중충돌,안전운전불이행,건조,맑음,주차장 - 주차장,승용,남,20세,상해없음,승용,남,52세,경상
2022061500100305,2022년 6월 15일 15시,수요일,충청남도 천안시 서북구 입장면,경상사고,0,0,1,0,차대사람 - 기타,안전운전불이행,건조,맑음,단일로 - 기타,자전거,남,12세,상해없음,보행자,여,51세,경상
2022061500100356,2022년 6월 15일 16시,수요일,충청남도 천안시 서북구 두정동,경상사고,0,0,2,0,차대차 - 기타,안전운전불이행,건조,맑음,단일로 - 기타,승용,남,22세,상해없음,승용,남,33세,경상
2022061500100357,2022년 6월 15일 16시,수요일,충청남도 보령시 주포면,중상사고,0,1,0,0,차대사람 - 기타,보행자보호의무위반,건조,맑음,교차로 - 교차로횡단보도내,승용,여,39세,상해없음,보행자,여,57세,중상
2022061500100358,2022년 6월 15일 16시,수요일,충청남도 예산군 예산읍,경상사고,0,0,1,0,차대차 - 측면충돌,교차로운행방법위반,건조,맑음,교차로 - 교차로부근,승용,여,66세,상해없음,승용,여,40세,경상
2022061500100359,2022년 6월 15일 16시,수요일,충청남도 예산군 예산읍,경상사고,0,0,1,0,차량단독 - 주/정차차량 충돌,안전운전불이행,젖음/습기,흐림,교차로 - 교차로부근,승용,여,35세,경상,,,,
2022061500100360,2022년 6월 15일 16시,수요일,충청남도 천안시 동남구 봉명동,중상사고,0,1,1,0,차대사람 - 기타,안전운전불이행,건조,맑음,단일로 - 기타,이륜,남,26세,경상,보행자,여,65세,중상
2022061500100361,2022년 6월 15일 16시,수요일,충청남도 천안시 동남구 용곡동,경상사고,0,0,2,0,차대사람 - 횡단중,보행자보호의무위반,건조,맑음,교차로 - 교차로안,개인형이동수단(PM),여,14세,상해없음,보행자,남,6세,경상
2022061500100399,2022년 6월 15일 17시,수요일,충청남도 천안시 서북구 불당동,경상사고,0,0,2,0,차대차 - 측면충돌,안전거리미확보,건조,맑음,교차로 - 교차로안,승용,여,41세,상해없음,승용,남,26세,경상
2022061500100445,2022년 6월 15일 18시,수요일,충청남도 아산시 배방읍,경상사고,0,0,1,0,차대차 - 측면충돌,안전운전불이행,건조,기타,주차장 - 주차장,승용,남,40세,상해없음,승용,여,52세,경상
2022061500100514,2022년 6월 15일 20시,수요일,충청남도 천안시 서북구 성정동,경상사고,0,0,3,0,차대차 - 측면충돌,중앙선침범,건조,맑음,단일로 - 기타,승용,남,57세,상해없음,승용,여,41세,경상
2022061500100515,2022년 6월 15일 20시,수요일,충청남도 천안시 서북구 입장면,경상사고,0,0,1,0,차대차 - 측면충돌,안전거리미확보,건조,맑음,단일로 - 기타,승용,남,48세,상해없음,승합,남,53세,경상
2022061500100541,2022년 6월 15일 21시,수요일,충청남도 천안시 서북구 성정동,중상사고,0,1,1,0,차대차 - 기타,기타,건조,맑음,단일로 - 기타,승용,남,24세,상해없음,승용,여,45세,경상
2022061500100542,2022년 6월 15일 21시,수요일,충청남도 천안시 동남구 구성동,경상사고,0,0,1,0,차대차 - 측면충돌,안전운전불이행,건조,맑음,교차로 - 교차로부근,자전거,남,57세,경상,승합,남,62세,상해없음
2022061500100585,2022년 6월 15일 23시,수요일,충청남도 아산시 온천동,중상사고,0,1,0,0,차대사람 - 횡단중,보행자보호의무위반,건조,맑음,교차로 - 교차로안,이륜,남,25세,상해없음,보행자,남,58세,중상
2022061500100586,2022년 6월 15일 23시,수요일,충청남도 청양군 운곡면,중상사고,0,1,0,0,차량단독 - 공작물충돌,기타,건조,맑음,기타 - 기타,승용,남,22세,상해없음,,,,
2022061600100017,2022년 6월 16일 01시,목요일,충청남도 아산시 인주면,경상사고,0,0,2,0,차대차 - 기타,중앙선침범,건조,기타,단일로 - 기타,승용,남,37세,상해없음,승용,남,53세,경상
2022061600100161,2022년 6월 16일 10시,목요일,충청남도 당진시 순성면,경상사고,0,0,2,0,차대차 - 정면충돌,안전운전불이행,건조,맑음,단일로 - 기타,승용,남,28세,상해없음,화물,남,57세,상해없음
2022061600100222,2022년 6월 16일 12시,목요일,충청남도 청양군 청양읍,경상사고,0,0,1,0,차대차 - 측면충돌,신호위반,건조,맑음,교차로 - 교차로안,승용,남,67세,상해없음,화물,남,36세,경상
2022061600100260,2022년 6월 16일 13시,목요일,충청남도 서산시 잠홍동,경상사고,0,0,1,0,차대차 - 기타,안전운전불이행,건조,맑음,주차장 - 주차장,승용,여,45세,상해없음,화물,남,53세,경상
2022061600100261,2022년 6월 16일 13시,목요일,충청남도 청양군 청양읍,중상사고,0,4,0,0,차대차 - 측면충돌,중앙선침범,건조,맑음,단일로 - 기타,승용,여,68세,중상,화물,여,60세,중상
2022061600100298,2022년 6월 16일 14시,목요일,충청남도 서산시 석남동,경상사고,0,0,2,0,차대차 - 추돌,안전거리미확보,건조,맑음,기타 - 기타,승용,남,59세,상해없음,승합,남,42세,경상
2022061600100332,2022년 6월 16일 15시,목요일,충청남도 예산군 예산읍,경상사고,0,0,2,0,차대차 - 측면충돌,차로위반,건조,맑음,단일로 - 기타,승용,남,84세,경상,승용,여,33세,경상
2022061600100333,2022년 6월 16일 15시,목요일,충청남도 청양군 청양읍,중상사고,0,1,0,0,차대차 - 측면충돌,교차로운행방법위반,건조,맑음,교차로 - 교차로안,승용,남,60세,상해없음,이륜,여,68세,중상
2022061600100363,2022년 6월 16일 16시,목요일,충청남도 천안시 서북구 두정동,부상신고사고,0,0,0,1,차대차 - 측면충돌,교차로운행방법위반,건조,맑음,교차로 - 교차로안,승용,여,26세,상해없음,승용,남,29세,부상신고
2022061600100364,2022년 6월 16일 16시,목요일,충청남도 공주시 금성동,경상사고,0,0,2,0,차대차 - 측면충돌,교차로운행방법위반,건조,맑음,교차로 - 교차로안,승용,여,43세,상해없음,화물,남,43세,경상
2022061600100365,2022년 6월 16일 16시,목요일,충청남도 부여군 규암면,중상사고,0,1,0,0,차대차 - 기타,중앙선침범,건조,맑음,단일로 - 기타,승용,여,45세,상해없음,승용,남,44세,중상
2022061600100366,2022년 6월 16일 16시,목요일,충청남도 청양군 청양읍,중상사고,0,1,0,0,차량단독 - 도로외이탈 - 추락,안전운전불이행,건조,맑음,교차로 - 교차로안,승용,여,55세,상해없음,,,,
2022061600100415,2022년 6월 16일 17시,목요일,충청남도 천안시 서북구 불당동,경상사고,0,0,1,0,차대차 - 기타,안전거리미확보,건조,맑음,단일로 - 기타,승용,여,19세,상해없음,승용,여,52세,경상
2022061600100416,2022년 6월 16일 17시,목요일,충청남도 공주시 탄천면,중상사고,0,1,0,0,차대차 - 정면충돌,중앙선침범,건조,맑음,단일로 - 기타,승합,남,47세,상해없음,승용,여,48세,중상
2022061600100473,2022년 6월 16일 18시,목요일,충청남도 천안시 서북구 불당동,경상사고,0,0,1,0,차대차 - 기타,안전운전불이행,건조,맑음,교차로 - 교차로안,승용,남,27세,상해없음,승용,여,46세,경상
2022061600100474,2022년 6월 16일 18시,목요일,충청남도 아산시 탕정면,경상사고,0,0,1,0,차대차 - 기타,안전운전불이행,건조,맑음,교차로 - 교차로부근,자전거,남,55세,상해없음,이륜,남,42세,경상
2022061600100519,2022년 6월 16일 19시,목요일,충청남도 아산시 도고면,경상사고,0,0,2,0,차대차 - 기타,안전운전불이행,건조,맑음,교차로 - 교차로안,승용,여,61세,상해없음,승용,여,40세,경상
2022061600100548,2022년 6월 16일 20시,목요일,충청남도 천안시 서북구 쌍용동,경상사고,0,0,1,0,차대차 - 기타,신호위반,건조,맑음,교차로 - 교차로안,이륜,남,46세,상해없음,승용,남,54세,경상
2022061600100549,2022년 6월 16일 20시,목요일,충청남도 아산시 배방읍,경상사고,0,0,1,0,차대차 - 측면충돌,안전운전불이행,건조,맑음,기타 - 기타,승용,남,39세,상해없음,개인형이동수단(PM),남,23세,경상
2022061600100550,2022년 6월 16일 20시,목요일,충청남도 예산군 예산읍,경상사고,0,0,1,0,차대차 - 추돌,안전운전불이행,건조,맑음,단일로 - 기타,승용,남,43세,경상,승용,기타불명,미분류,기타불명
2022061600100594,2022년 6월 16일 22시,목요일,충청남도 공주시 신관동,경상사고,0,0,3,0,차대차 - 측면충돌,신호위반,건조,맑음,교차로 - 교차로안,이륜,남,19세,상해없음,승용,여,26세,경상
2022061600100612,2022년 6월 16일 23시,목요일,충청남도 천안시 서북구 두정동,경상사고,0,0,1,0,차대사람 - 횡단중,신호위반,건조,맑음,교차로 - 교차로안,이륜,남,55세,상해없음,보행자,여,25세,경상
2022061700100028,2022년 6월 17일 03시,금요일,충청남도 천안시 동남구 목천읍,중상사고,0,1,0,0,차대사람 - 기타,안전운전불이행,건조,맑음,단일로 - 기타,승합,여,42세,상해없음,보행자,남,35세,중상
2022061700100061,2022년 6월 17일 07시,금요일,충청남도 보령시 명천동,경상사고,0,0,1,0,차대사람 - 차도통행중,안전운전불이행,건조,맑음,단일로 - 기타,승용,남,73세,상해없음,보행자,여,52세,경상
2022061700100130,2022년 6월 17일 09시,금요일,충청남도 당진시 고대면,경상사고,0,0,1,0,차대차 - 추돌,안전운전불이행,젖음/습기,흐림,단일로 - 기타,화물,남,31세,상해없음,승용,여,51세,경상
2022061700100161,2022년 6월 17일 10시,금요일,충청남도 논산시 성동면,경상사고,0,0,1,0,차대사람 - 횡단중,안전운전불이행,건조,맑음,단일로 - 기타,화물,여,65세,상해없음,보행자,남,65세,경상
2022061700100198,2022년 6월 17일 11시,금요일,충청남도 아산시 온천동,경상사고,0,0,5,0,차대차 - 기타,교차로운행방법위반,건조,맑음,교차로 - 교차로안,승용,여,39세,경상,화물,남,64세,경상
2022061700100263,2022년 6월 17일 13시,금요일,충청남도 논산시 연산면,중상사고,0,1,0,0,차대차 - 측면충돌,안전운전불이행,건조,맑음,교차로 - 교차로안,승용,남,66세,상해없음,이륜,남,45세,중상
2022061700100302,2022년 6월 17일 14시,금요일,충청남도 천안시 서북구 쌍용동,경상사고,0,0,1,0,차대차 - 측면충돌,안전운전불이행,건조,맑음,교차로 - 교차로안,승용,남,42세,상해없음,승용,여,57세,경상
2022061700100303,2022년 6월 17일 14시,금요일,충청남도 공주시 계룡면,경상사고,0,0,2,1,차대차 - 추돌,안전운전불이행,건조,맑음,단일로 - 기타,화물,남,63세,부상신고,승용,여,40세,경상
2022061700100336,2022년 6월 17일 15시,금요일,충청남도 천안시 서북구 불당동,경상사고,0,0,1,0,차대차 - 측면충돌,안전운전불이행,건조,맑음,단일로 - 기타,승용,여,36세,상해없음,승용,여,44세,경상