사고번호,사고일시,요일,시군구,사고내용,사망자수,중상자수,경상자수,부상신고자수,사고유형,법규위반,노면상태,기상상태,도로형태,가해운전자 차종,가해운전자 성별,가해운전자 연령,가해운전자 상해정도,피해운전자 차종,피해운전자 성별,피해운전자 연령,피해운전자 상해정도
2022061700100415,2022년 6월 17일 17시,금요일,충청남도 천안시 서북구 성환읍,경상사고,0,0,1,1,차량단독 - 공작물충돌,안전운전불이행,건조,맑음,단일로 - 기타,승용,남,22세,상해없음,,,,
2022061700100416,2022년 6월 17일 17시,금요일,충청남도 천안시 동남구 삼룡동,경상사고,0,0,1,0,차대차 - 추돌,안전운전불이행,건조,맑음,교차로 - 교차로부근,승용,남,28세,기타불명,승용,남,61세,경상
2022061700100469,2022년 6월 17일 18시,금요일,충청남도 천안시 서북구 쌍용동,경상사고,0,0,1,0,차대차 - 측면충돌,신호위반,건조,맑음,교차로 - 교차로안,승용,여,35세,상해없음,이륜,남,32세,경상
2022061700100470,2022년 6월 17일 18시,금요일,충청남도 아산시 배방읍,경상사고,0,0,1,0,차대사람 - 기타,안전운전불이행,건조,맑음,단일로 - 기타,승합,남,35세,상해없음,보행자,남,9세,경상
2022061700100505,2022년 6월 17일 19시,금요일,충청남도 천안시 서북구 불당동,경상사고,0,0,2,0,차대차 - 측면충돌,안전거리미확보,건조,맑음,단일로 - 기타,승용,여,34세,상해없음,승용,남,34세,경상
2022061700100506,2022년 6월 17일 19시,금요일,충청남도 보령시 신흑동,중상사고,0,1,4,0,차대차 - 측면충돌,직진우회전진행방해,건조,맑음,교차로 - 교차로안,승용,남,62세,상해없음,화물,남,70세,중상
2022061700100507,2022년 6월 17일 19시,금요일,충청남도 공주시 금성동,경상사고,0,0,1,0,차대차 - 측면충돌,교차로운행방법위반,건조,맑음,교차로 - 교차로안,승용,여,37세,상해없음,승용,남,29세,경상
2022061700100508,2022년 6월 17일 19시,금요일,충청남도 청양군 정산면,경상사고,0,0,2,0,차대차 - 정면충돌,안전운전불이행,건조,맑음,단일로 - 기타,화물,남,34세,경상,승용,남,33세,경상
2022061700100547,2022년 6월 17일 20시,금요일,충청남도 아산시 남동,경상사고,0,0,1,0,차대차 - 측면충돌,중앙선침범,건조,맑음,교차로 - 교차로안,승용,남,41세,상해없음,승용,여,45세,경상
2022061700100548,2022년 6월 17일 20시,금요일,충청남도 공주시 유구읍,중상사고,0,1,0,0,차대차 - 기타,안전운전불이행,건조,맑음,단일로 - 기타,승용,여,69세,상해없음,자전거,남,80세,중상
2022061700100549,2022년 6월 17일 20시,금요일,충청남도 부여군 부여읍,중상사고,0,1,0,0,차대차 - 측면충돌,안전거리미확보,건조,맑음,단일로 - 기타,승용,남,25세,상해없음,원동기,남,30세,중상
2022061700100550,2022년 6월 17일 20시,금요일,충청남도 태안군 남면,중상사고,0,1,0,0,차대차 - 추돌,안전운전불이행,건조,맑음,단일로 - 기타,승용,남,29세,상해없음,농기계,남,72세,중상
2022061700100583,2022년 6월 17일 21시,금요일,충청남도 천안시 서북구 두정동,중상사고,0,1,0,0,차대차 - 측면충돌,신호위반,건조,맑음,교차로 - 교차로안,이륜,남,27세,상해없음,이륜,남,36세,중상
2022061700100584,2022년 6월 17일 21시,금요일,충청남도 아산시 모종동,경상사고,0,0,1,0,차대차 - 측면충돌,안전운전불이행,건조,맑음,교차로 - 교차로안,승용,남,49세,상해없음,자전거,남,53세,경상
2022061700100585,2022년 6월 17일 21시,금요일,충청남도 당진시 석문면,경상사고,0,0,2,0,차대차 - 측면충돌,신호위반,건조,맑음,교차로 - 교차로안,승용,여,42세,상해없음,승용,남,28세,경상
2022061700100606,2022년 6월 17일 22시,금요일,충청남도 당진시 용연동,중상사고,0,1,0,0,차대차 - 정면충돌,중앙선침범,건조,맑음,단일로 - 기타,승용,여,37세,상해없음,승용,여,60세,중상
2022061700100622,2022년 6월 17일 23시,금요일,충청남도 천안시 서북구 성정동,경상사고,0,0,1,0,차대차 - 후진중충돌,안전운전불이행,건조,맑음,교차로 - 교차로안,승합,남,33세,상해없음,이륜,남,44세,경상
2022061800100032,2022년 6월 18일 02시,토요일,충청남도 천안시 서북구 쌍용동,중상사고,0,1,0,0,차대사람 - 기타,안전운전불이행,건조,맑음,단일로 - 기타,승용,남,44세,상해없음,보행자,남,56세,중상
2022061800100087,2022년 6월 18일 07시,토요일,충청남도 태안군 남면,중상사고,0,1,0,0,차대차 - 측면충돌,신호위반,건조,맑음,교차로 - 교차로안,승용,남,46세,상해없음,화물,남,67세,중상
2022061800100102,2022년 6월 18일 08시,토요일,충청남도 천안시 서북구 두정동,중상사고,0,1,2,0,차대차 - 측면충돌,안전운전불이행,건조,맑음,교차로 - 교차로안,승용,남,61세,경상,승용,남,25세,경상
2022061800100103,2022년 6월 18일 08시,토요일,충청남도 천안시 동남구 신부동,경상사고,0,0,5,0,차대차 - 측면충돌,안전운전불이행,건조,맑음,기타 - 기타,화물,남,40세,상해없음,승용,남,65세,경상
2022061800100130,2022년 6월 18일 09시,토요일,충청남도 서천군 한산면,중상사고,0,1,0,0,차대사람 - 차도통행중,안전운전불이행,건조,맑음,단일로 - 기타,승용,남,76세,상해없음,보행자,남,86세,중상
2022061800100163,2022년 6월 18일 10시,토요일,충청남도 천안시 서북구 불당동,중상사고,0,1,0,0,차대차 - 측면충돌,안전운전불이행,건조,맑음,기타 - 기타,개인형이동수단(PM),남,18세,상해없음,자전거,남,61세,중상
2022061800100164,2022년 6월 18일 10시,토요일,충청남도 아산시 배방읍,중상사고,0,2,0,0,차대차 - 기타,안전운전불이행,건조,맑음,교차로 - 교차로부근,승용,남,23세,상해없음,승용,남,72세,중상
2022061800100165,2022년 6월 18일 10시,토요일,충청남도 보령시 주산면,중상사고,0,1,0,0,차대차 - 정면충돌,중앙선침범,건조,맑음,단일로 - 기타,화물,여,61세,상해없음,이륜,남,30세,중상
2022061800100166,2022년 6월 18일 10시,토요일,충청남도 당진시 송악읍,경상사고,0,0,1,0,차대차 - 추돌,안전운전불이행,건조,맑음,교차로 - 교차로안,승용,여,21세,상해없음,화물,남,43세,경상
2022061800100167,2022년 6월 18일 10시,토요일,충청남도 청양군 목면,중상사고,0,3,1,0,차량단독 - 기타,안전운전불이행,건조,맑음,단일로 - 기타,승용,여,64세,경상,,,,
2022061800100194,2022년 6월 18일 11시,토요일,충청남도 태안군 안면읍,중상사고,0,1,0,0,차량단독 - 전도전복 - 전도,안전운전불이행,건조,맑음,기타 - 기타,사륜오토바이(ATV),여,26세,중상,,,,
2022061800100232,2022년 6월 18일 12시,토요일,충청남도 천안시 동남구 신방동,경상사고,0,0,2,0,차대차 - 측면충돌,안전거리미확보,건조,맑음,단일로 - 기타,승용,여,33세,상해없음,승용,남,31세,경상
2022061800100262,2022년 6월 18일 13시,토요일,충청남도 천안시 서북구 성정동,경상사고,0,0,1,0,차대사람 - 횡단중,안전운전불이행,건조,맑음,교차로 - 교차로안,승용,여,42세,상해없음,보행자,남,51세,경상
2022061800100263,2022년 6월 18일 13시,토요일,충청남도 천안시 동남구 병천면,경상사고,0,0,2,1,차대차 - 추돌,안전운전불이행,건조,맑음,단일로 - 기타,화물,남,49세,상해없음,승용,남,43세,부상신고
2022061800100340,2022년 6월 18일 15시,토요일,충청남도 아산시 배방읍,경상사고,0,0,1,0,차대사람 - 기타,안전운전불이행,건조,맑음,기타 - 기타,승용,여,59세,상해없음,보행자,남,32세,경상
2022061800100410,2022년 6월 18일 17시,토요일,충청남도 논산시 강산동,경상사고,0,0,1,0,차대사람 - 차도통행중,안전운전불이행,건조,맑음,단일로 - 기타,승용,여,45세,상해없음,보행자,남,3세,경상
2022061800100411,2022년 6월 18일 17시,토요일,충청남도 아산시 권곡동,경상사고,0,0,1,0,차대차 - 후진중충돌,안전운전불이행,건조,맑음,기타 - 기타,승용,남,64세,상해없음,이륜,남,55세,경상
2022061800100412,2022년 6월 18일 17시,토요일,충청남도 공주시 의당면,중상사고,0,1,0,0,차대차 - 추돌,안전운전불이행,건조,맑음,단일로 - 기타,이륜,남,79세,중상,화물,남,45세,상해없음
2022061800100448,2022년 6월 18일 18시,토요일,충청남도 천안시 서북구 두정동,경상사고,0,0,1,0,차대차 - 기타,안전운전불이행,건조,맑음,교차로 - 교차로부근,승용,남,32세,상해없음,이륜,남,49세,경상
2022061800100516,2022년 6월 18일 20시,토요일,충청남도 금산군 추부면,사망사고,1,0,0,0,차대차 - 기타,안전운전불이행,건조,맑음,단일로 - 기타,승용,남,49세,상해없음,이륜,남,27세,사망
2022061800100562,2022년 6월 18일 22시,토요일,충청남도 아산시 음봉면,경상사고,0,0,1,0,차대차 - 측면충돌,신호위반,건조,맑음,교차로 - 교차로안,승용,남,39세,상해없음,승용,남,39세,상해없음
2022061800100563,2022년 6월 18일 22시,토요일,충청남도 아산시 배방읍,경상사고,0,0,1,0,차대사람 - 횡단중,안전운전불이행,건조,맑음,교차로 - 교차로횡단보도내,승용,여,37세,상해없음,보행자,남,46세,경상
2022061800100564,2022년 6월 18일 22시,토요일,충청남도 천안시 동남구 신부동,경상사고,0,0,1,0,차대차 - 추돌,안전운전불이행,건조,맑음,교차로 - 교차로부근,승합,남,49세,상해없음,승용,남,52세,경상
2022061800100589,2022년 6월 18일 23시,토요일,충청남도 금산군 금산읍,중상사고,0,1,0,0,차대차 - 측면충돌,안전운전불이행,건조,맑음,교차로 - 교차로안,승용,남,28세,상해없음,이륜,남,17세,중상
2022061900100024,2022년 6월 19일 01시,일요일,충청남도 당진시 읍내동,중상사고,0,1,0,0,차대사람 - 횡단중,안전운전불이행,건조,흐림,교차로 - 교차로횡단보도내,승용,남,22세,상해없음,보행자,여,19세,중상
2022061900100049,2022년 6월 19일 03시,일요일,충청남도 천안시 서북구 성정동,중상사고,0,1,0,0,차대차 - 측면충돌,안전운전불이행,건조,맑음,단일로 - 기타,이륜,남,40세,상해없음,이륜,남,39세,중상
2022061900100088,2022년 6월 19일 08시,일요일,충청남도 천안시 동남구 신부동,경상사고,0,0,1,0,차대차 - 측면충돌,안전운전불이행,건조,맑음,교차로 - 교차로부근,승용,남,41세,상해없음,승용,남,26세,경상
2022061900100115,2022년 6월 19일 10시,일요일,충청남도 서산시 성연면,중상사고,0,2,0,0,차대차 - 측면충돌,안전운전불이행,건조,맑음,단일로 - 기타,승용,남,48세,상해없음,이륜,남,71세,중상
2022061900100116,2022년 6월 19일 10시,일요일,충청남도 천안시 서북구 백석동,경상사고,0,0,5,0,차대차 - 측면충돌,안전거리미확보,건조,맑음,단일로 - 기타,승용,남,45세,경상,승용,남,23세,경상
2022061900100179,2022년 6월 19일 13시,일요일,충청남도 태안군 태안읍,경상사고,0,0,1,0,차대차 - 추돌,안전운전불이행,건조,맑음,단일로 - 기타,승용,여,36세,상해없음,승용,남,29세,경상
2022061900100206,2022년 6월 19일 14시,일요일,충청남도 아산시 영인면,중상사고,0,1,0,0,차대사람 - 길가장자리구역통행중,안전운전불이행,건조,맑음,기타 - 기타,화물,남,59세,상해없음,보행자,여,77세,중상
2022061900100207,2022년 6월 19일 14시,일요일,충청남도 천안시 동남구 신부동,중상사고,0,2,1,0,차대사람 - 횡단중,신호위반,건조,맑음,교차로 - 교차로횡단보도내,승용,여,47세,상해없음,보행자,남,30세,중상
2022061900100263,2022년 6월 19일 16시,일요일,충청남도 천안시 동남구 수신면,중상사고,0,1,3,0,차대차 - 추돌,안전운전불이행,건조,맑음,단일로 - 기타,승합,남,20세,상해없음,승용,남,31세,중상
2022061900100305,2022년 6월 19일 18시,일요일,충청남도 공주시 금흥동,중상사고,0,1,0,0,차대차 - 측면충돌,안전운전불이행,건조,맑음,교차로 - 교차로안,승용,여,43세,상해없음,이륜,남,21세,중상
2022061900100379,2022년 6월 19일 21시,일요일,충청남도 천안시 서북구 쌍용동,경상사고,0,0,2,0,차대차 - 기타,안전운전불이행,건조,맑음,교차로 - 교차로안,승용,여,42세,상해없음,승용,남,31세,경상
2022061900100391,2022년 6월 19일 22시,일요일,충청남도 부여군 부여읍,경상사고,0,0,2,0,차대차 - 기타,직진우회전진행방해,건조,맑음,교차로 - 교차로안,승용,남,46세,상해없음,승용,남,52세,경상
2022061900100408,2022년 6월 19일 23시,일요일,충청남도 홍성군 홍성읍,경상사고,0,0,1,0,차대차 - 측면충돌,신호위반,건조,맑음,교차로 - 교차로안,승용,여,60세,경상,승용,남,26세,상해없음
2022061900100409,2022년 6월 19일 23시,일요일,충청남도 태안군 근흥면,중상사고,0,2,1,0,차대차 - 추돌,안전운전불이행,건조,맑음,단일로 - 교량,승용,남,55세,상해없음,승합,여,64세,중상
2022062000100014,2022년 6월 20일 01시,월요일,충청남도 예산군 덕산면,경상사고,0,0,2,0,차대차 - 기타,안전운전불이행,건조,맑음,단일로 - 기타,승용,남,41세,경상,화물,남,66세,경상
2022062000100028,2022년 6월 20일 03시,월요일,충청남도 공주시 계룡면,경상사고,0,0,1,0,차량단독 - 공작물충돌,안전운전불이행,건조,맑음,단일로 - 기타,승합,남,23세,기타불명,,,,
2022062000100038,2022년 6월 20일 05시,월요일,충청남도 서천군 마서면,경상사고,0,0,2,0,차대차 - 측면충돌,중앙선침범,건조,맑음,단일로 - 기타,승용,여,59세,경상,승용,남,27세,경상
2022062000100039,2022년 6월 20일 05시,월요일,충청남도 예산군 예산읍,중상사고,0,1,0,0,차대사람 - 차도통행중,보행자보호의무위반,건조,맑음,단일로 - 기타,화물,남,72세,상해없음,보행자,여,85세,중상
2022062000100072,2022년 6월 20일 07시,월요일,충청남도 보령시 남포면,중상사고,0,1,0,0,차대사람 - 기타,안전운전불이행,건조,맑음,단일로 - 기타,승용,여,40세,상해없음,보행자,남,78세,중상
2022062000100073,2022년 6월 20일 07시,월요일,충청남도 천안시 동남구 봉명동,경상사고,0,0,2,0,차대차 - 기타,중앙선침범,건조,맑음,교차로 - 교차로부근,승용,남,60세,상해없음,승용,남,50세,경상
2022062000100105,2022년 6월 20일 08시,월요일,충청남도 아산시 방축동,경상사고,0,0,1,0,차대차 - 추돌,안전운전불이행,건조,맑음,교차로 - 교차로부근,승용,남,28세,상해없음,승용,남,56세,경상
2022062000100167,2022년 6월 20일 09시,월요일,충청남도 아산시 모종동,경상사고,0,0,1,0,차대차 - 기타,안전운전불이행,건조,맑음,교차로 - 교차로안,승용,남,23세,상해없음,승용,남,69세,경상
2022062000100197,2022년 6월 20일 10시,월요일,충청남도 아산시 풍기동,중상사고,0,1,0,0,차대사람 - 기타,보행자보호의무위반,건조,맑음,교차로 - 교차로횡단보도내,승용,남,64세,상해없음,보행자,여,76세,중상
2022062000100220,2022년 6월 20일 11시,월요일,충청남도 아산시 음봉면,경상사고,0,0,1,0,차대차 - 측면충돌,안전운전불이행,건조,맑음,교차로 - 교차로안,승용,남,71세,상해없음,승용,여,50세,경상
2022062000100249,2022년 6월 20일 12시,월요일,충청남도 논산시 내동,경상사고,0,0,4,0,차대차 - 추돌,안전운전불이행,건조,맑음,교차로 - 교차로안,화물,남,60세,상해없음,승용,남,61세,경상
2022062000100304,2022년 6월 20일 13시,월요일,충청남도 서산시 고북면,중상사고,0,1,0,0,차대사람 - 보도통행중,기타,건조,맑음,단일로 - 기타,승용,남,63세,상해없음,보행자,여,80세,중상
2022062000100305,2022년 6월 20일 13시,월요일,충청남도 부여군 부여읍,경상사고,0,0,3,0,차대차 - 측면충돌,안전운전불이행,건조,맑음,단일로 - 기타,승용,여,43세,상해없음,승용,여,43세,경상
2022062000100338,2022년 6월 20일 14시,월요일,충청남도 아산시 송악면,중상사고,0,2,1,0,차대차 - 기타,안전운전불이행,건조,맑음,교차로 - 교차로안,건설기계,남,48세,상해없음,화물,남,32세,경상
2022062000100339,2022년 6월 20일 14시,월요일,충청남도 보령시 웅천읍,중상사고,0,1,1,0,차대차 - 추돌,안전운전불이행,건조,맑음,교차로 - 교차로부근,화물,남,58세,상해없음,화물,남,69세,경상
2022062000100379,2022년 6월 20일 15시,월요일,충청남도 공주시 우성면,사망사고,1,1,1,0,차대차 - 정면충돌,안전운전불이행,건조,맑음,기타 - 기타,화물,남,65세,사망,화물,남,64세,중상
2022062000100421,2022년 6월 20일 16시,월요일,충청남도 천안시 서북구 성성동,경상사고,0,0,1,0,차대차 - 기타,신호위반,건조,맑음,교차로 - 교차로안,승용,남,31세,상해없음,승용,남,27세,경상
2022062000100422,2022년 6월 20일 16시,월요일,충청남도 논산시 취암동,경상사고,0,0,1,0,차대차 - 측면충돌,기타,건조,맑음,교차로 - 교차로안,이륜,남,17세,경상,승용,남,60세,상해없음
2022062000100423,2022년 6월 20일 16시,월요일,충청남도 아산시 탕정면,경상사고,0,0,3,0,차대차 - 기타,신호위반,건조,맑음,교차로 - 교차로안,승용,남,50세,상해없음,승용,여,29세,경상
2022062000100489,2022년 6월 20일 18시,월요일,충청남도 보령시 동대동,중상사고,0,1,0,0,차대차 - 측면충돌,신호위반,건조,맑음,교차로 - 교차로안,승용,여,31세,상해없음,승용,남,26세,중상
2022062000100550,2022년 6월 20일 20시,월요일,충청남도 천안시 서북구 백석동,경상사고,0,0,1,0,차대차 - 추돌,안전운전불이행,건조,맑음,단일로 - 기타,승용,남,74세,상해없음,이륜,남,45세,경상
2022062000100575,2022년 6월 20일 21시,월요일,충청남도 아산시 배방읍,중상사고,0,1,0,0,차대차 - 기타,신호위반,건조,맑음,교차로 - 교차로안,승용,남,29세,상해없음,이륜,남,40세,중상
2022062000100595,2022년 6월 20일 22시,월요일,충청남도 논산시 취암동,중상사고,0,1,0,0,차대사람 - 횡단중,보행자보호의무위반,건조,맑음,교차로 - 교차로안,이륜,남,28세,상해없음,보행자,남,65세,중상
2022062100100008,2022년 6월 21일 01시,화요일,충청남도 천안시 서북구 성정동,중상사고,0,1,0,0,차대차 - 측면충돌,신호위반,건조,맑음,교차로 - 교차로안,이륜,남,27세,상해없음,이륜,남,41세,중상
2022062100100025,2022년 6월 21일 05시,화요일,충청남도 예산군 대술면,경상사고,0,0,2,0,차대차 - 정면충돌,안전운전불이행,건조,흐림,단일로 - 기타,승용,남,67세,경상,승합,남,65세,상해없음
2022062100100054,2022년 6월 21일 07시,화요일,충청남도 보령시 주교면,경상사고,0,0,1,0,차대차 - 정면충돌,중앙선침범,건조,맑음,단일로 - 기타,승용,남,23세,상해없음,승용,남,42세,경상
2022062100100126,2022년 6월 21일 09시,화요일,충청남도 보령시 대천동,사망사고,1,0,0,0,차대차 - 측면충돌,안전운전불이행,건조,맑음,단일로 - 기타,자전거,남,66세,사망,승용,남,71세,상해없음
2022062100100127,2022년 6월 21일 09시,화요일,충청남도 공주시 우성면,경상사고,0,0,1,0,차대차 - 기타,신호위반,건조,맑음,교차로 - 교차로안,승용,남,80세,상해없음,승용,여,49세,경상
2022062100100164,2022년 6월 21일 10시,화요일,충청남도 논산시 연무읍,중상사고,0,1,0,0,차대차 - 기타,교차로운행방법위반,건조,맑음,교차로 - 교차로안,승용,남,49세,상해없음,이륜,남,71세,중상
2022062100100165,2022년 6월 21일 10시,화요일,충청남도 논산시 연무읍,경상사고,0,0,1,0,차대차 - 기타,교차로운행방법위반,건조,맑음,교차로 - 교차로안,승용,남,66세,상해없음,화물,남,46세,경상
2022062100100247,2022년 6월 21일 13시,화요일,충청남도 천안시 서북구 두정동,경상사고,0,0,1,1,차대차 - 측면충돌,안전운전불이행,건조,맑음,단일로 - 기타,이륜,남,18세,부상신고,승용,남,32세,경상
2022062100100248,2022년 6월 21일 13시,화요일,충청남도 천안시 서북구 성정동,경상사고,0,0,1,0,차대차 - 기타,교차로운행방법위반,건조,맑음,교차로 - 교차로안,승용,여,58세,상해없음,승용,여,38세,경상
2022062100100288,2022년 6월 21일 14시,화요일,충청남도 천안시 서북구 쌍용동,경상사고,0,0,1,0,차대차 - 기타,안전운전불이행,건조,맑음,교차로 - 교차로안,승합,남,42세,기타불명,승용,남,52세,경상
2022062100100335,2022년 6월 21일 15시,화요일,충청남도 예산군 예산읍,경상사고,0,0,2,0,차대차 - 측면충돌,안전운전불이행,건조,맑음,교차로 - 교차로부근,승용,남,85세,상해없음,화물,남,76세,경상
2022062100100336,2022년 6월 21일 15시,화요일,충청남도 금산군 복수면,경상사고,0,0,1,0,차대차 - 정면충돌,중앙선침범,건조,맑음,단일로 - 기타,승용,남,70세,상해없음,건설기계,남,65세,경상
2022062100100369,2022년 6월 21일 16시,화요일,충청남도 천안시 서북구 직산읍,경상사고,0,0,4,0,차대차 - 추돌,안전운전불이행,건조,맑음,교차로 - 교차로부근,화물,남,54세,상해없음,승용,남,32세,경상
2022062100100370,2022년 6월 21일 16시,화요일,충청남도 당진시 읍내동,중상사고,0,1,0,0,차대사람 - 기타,안전운전불이행,건조,맑음,기타 - 기타,승용,남,43세,상해없음,보행자,여,45세,중상
2022062100100425,2022년 6월 21일 17시,화요일,충청남도 서산시 양대동,경상사고,0,0,1,0,차대차 - 측면충돌,기타,건조,맑음,단일로 - 기타,화물,남,58세,상해없음,화물,남,48세,상해없음
2022062100100426,2022년 6월 21일 17시,화요일,충청남도 서천군 서면,중상사고,0,1,0,0,차대사람 - 횡단중,안전운전불이행,건조,맑음,단일로 - 기타,승용,여,37세,상해없음,보행자,남,5세,중상
2022062100100427,2022년 6월 21일 17시,화요일,충청남도 청양군 대치면,경상사고,0,0,1,0,차량단독 - 전도전복 - 전도,안전운전불이행,건조,맑음,교차로 - 교차로부근,화물,남,54세,경상,,,,
2022062100100472,2022년 6월 21일 18시,화요일,충청남도 당진시 채운동,중상사고,0,1,0,0,차대사람 - 횡단중,안전운전불이행,건조,맑음,단일로 - 기타,승용,남,32세,상해없음,보행자,남,10세,중상
2022062100100507,2022년 6월 21일 19시,화요일,충청남도 논산시 연무읍,경상사고,0,0,1,0,차대차 - 측면충돌,기타,건조,맑음,교차로 - 교차로안,이륜,남,43세,상해없음,승용,남,24세,경상
2022062100100508,2022년 6월 21일 19시,화요일,충청남도 아산시 모종동,경상사고,0,0,2,0,차대차 - 기타,교차로운행방법위반,건조,맑음,교차로 - 교차로안,승용,여,41세,상해없음,승용,여,58세,경상
2022062100100509,2022년 6월 21일 19시,화요일,충청남도 아산시 둔포면,경상사고,0,0,1,0,차대차 - 기타,안전운전불이행,건조,맑음,교차로 - 교차로안,이륜,남,16세,상해없음,승용,여,32세,경상
2022062100100582,2022년 6월 21일 22시,화요일,충청남도 천안시 서북구 불당동,부상신고사고,0,0,0,1,차대차 - 측면충돌,중앙선침범,건조,맑음,교차로 - 교차로부근,개인형이동수단(PM),남,16세,부상신고,승용,남,33세,상해없음
2022062100100583,2022년 6월 21일 22시,화요일,충청남도 당진시 송산면,중상사고,0,1,1,0,차대차 - 추돌,중앙선침범,건조,기타,단일로 - 기타,승용,남,23세,상해없음,승용,여,33세,경상
2022062200100004,2022년 6월 22일 00시,수요일,충청남도 아산시 음봉면,중상사고,0,1,0,0,차대차 - 추돌,안전운전불이행,건조,맑음,단일로 - 기타,승용,남,40세,상해없음,자전거,남,53세,중상
2022062200100014,2022년 6월 22일 01시,수요일,충청남도 아산시 배방읍,중상사고,0,1,0,0,차량단독 - 공작물충돌,안전운전불이행,건조,맑음,단일로 - 기타,이륜,남,17세,중상,,,,
2022062200100038,2022년 6월 22일 05시,수요일,충청남도 천안시 서북구 백석동,경상사고,0,0,2,0,차대차 - 측면충돌,중앙선침범,건조,맑음,단일로 - 기타,승용,남,76세,경상,승용,남,33세,경상
2022062200100047,2022년 6월 22일 06시,수요일,충청남도 논산시 연산면,경상사고,0,0,1,0,차대차 - 정면충돌,안전운전불이행,건조,맑음,교차로 - 교차로안,승용,남,51세,기타불명,화물,남,42세,경상
2022062200100048,2022년 6월 22일 06시,수요일,충청남도 천안시 동남구 목천읍,경상사고,0,0,1,0,차대차 - 측면충돌,안전거리미확보,건조,맑음,단일로 - 기타,화물,남,38세,상해없음,승용,여,45세,경상
2022062200100067,2022년 6월 22일 07시,수요일,충청남도 서산시 대산읍,중상사고,0,1,0,0,차량단독 - 기타,안전운전불이행,건조,맑음,단일로 - 기타,이륜,남,41세,중상,,,,
2022062200100068,2022년 6월 22일 07시,수요일,충청남도 아산시 배방읍,경상사고,0,0,1,0,차대차 - 기타,신호위반,건조,맑음,교차로 - 교차로안,승용,남,56세,상해없음,승용,남,49세,경상
2022062200100109,2022년 6월 22일 08시,수요일,충청남도 아산시 인주면,경상사고,0,0,1,0,차대차 - 측면충돌,중앙선침범,건조,맑음,단일로 - 기타,승용,여,38세,상해없음,승용,남,32세,경상
2022062200100110,2022년 6월 22일 08시,수요일,충청남도 아산시 용화동,경상사고,0,0,1,1,차대차 - 기타,안전운전불이행,건조,맑음,단일로 - 기타,승용,여,44세,부상신고,승용,여,64세,경상
2022062200100111,2022년 6월 22일 08시,수요일,충청남도 아산시 실옥동,경상사고,0,0,1,0,차대차 - 측면충돌,안전운전불이행,건조,맑음,교차로 - 교차로안,승용,여,57세,상해없음,승용,남,26세,경상
2022062200100112,2022년 6월 22일 08시,수요일,충청남도 천안시 동남구 삼룡동,경상사고,0,0,1,0,차대차 - 후진중충돌,안전운전불이행,건조,맑음,단일로 - 기타,화물,남,75세,상해없음,승용,남,31세,경상
2022062200100153,2022년 6월 22일 09시,수요일,충청남도 천안시 서북구 성성동,경상사고,0,0,1,0,차대차 - 기타,안전운전불이행,건조,맑음,기타 - 기타,이륜,남,29세,경상,승용,남,68세,상해없음
2022062200100154,2022년 6월 22일 09시,수요일,충청남도 보령시 신흑동,부상신고사고,0,0,0,1,차대차 - 측면충돌,기타,건조,맑음,교차로 - 교차로부근,승용,여,52세,상해없음,이륜,남,45세,부상신고
2022062200100155,2022년 6월 22일 09시,수요일,충청남도 당진시 송악읍,경상사고,0,0,1,0,차대차 - 측면충돌,안전거리미확보,건조,맑음,단일로 - 기타,특수,남,54세,상해없음,승용,여,33세,경상
2022062200100212,2022년 6월 22일 11시,수요일,충청남도 천안시 서북구 성정동,경상사고,0,0,1,0,차대차 - 후진중충돌,불법유턴,건조,맑음,교차로 - 교차로안,화물,남,55세,상해없음,승용,여,36세,경상
2022062200100213,2022년 6월 22일 11시,수요일,충청남도 서천군 서천읍,경상사고,0,0,2,0,차대차 - 측면충돌,안전운전불이행,건조,맑음,단일로 - 기타,화물,여,47세,상해없음,화물,남,76세,경상
2022062200100214,2022년 6월 22일 11시,수요일,충청남도 보령시 대천동,중상사고,0,1,0,0,차대차 - 기타,직진우회전진행방해,건조,맑음,교차로 - 교차로안,승용,여,32세,상해없음,자전거,남,61세,중상
2022062200100240,2022년 6월 22일 12시,수요일,충청남도 부여군 충화면,중상사고,0,1,0,0,차량단독 - 공작물충돌,안전운전불이행,건조,맑음,단일로 - 기타,화물,여,62세,상해없음,,,,
2022062200100312,2022년 6월 22일 14시,수요일,충청남도 당진시 대덕동,경상사고,0,0,1,0,차대차 - 측면충돌,안전운전불이행,건조,맑음,단일로 - 기타,건설기계,남,42세,상해없음,승용,여,31세,경상
2022062200100355,2022년 6월 22일 15시,수요일,충청남도 천안시 서북구 불당동,경상사고,0,0,1,0,차대차 - 기타,안전거리미확보,건조,맑음,교차로 - 교차로안,승용,남,23세,상해없음,승용,여,50세,경상
2022062200100356,2022년 6월 22일 15시,수요일,충청남도 예산군 삽교읍,경상사고,0,0,2,0,차대차 - 측면충돌,차로위반,건조,맑음,단일로 - 기타,승용,남,73세,상해없음,승용,여,46세,경상
2022062200100357,2022년 6월 22일 15시,수요일,충청남도 예산군 광시면,사망사고,1,1,1,0,차량단독 - 전도전복 - 전도,안전운전불이행,건조,맑음,단일로 - 기타,농기계,남,60세,경상,,,,