사고번호,사고일시,요일,시군구,사고내용,사망자수,중상자수,경상자수,부상신고자수,사고유형,법규위반,노면상태,기상상태,도로형태,가해운전자 차종,가해운전자 성별,가해운전자 연령,가해운전자 상해정도,피해운전자 차종,피해운전자 성별,피해운전자 연령,피해운전자 상해정도
2022062200100391,2022년 6월 22일 16시,수요일,충청남도 천안시 서북구 성성동,경상사고,0,0,1,0,차대차 - 추돌,안전운전불이행,건조,맑음,단일로 - 기타,승용,여,54세,상해없음,승용,여,40세,경상
2022062200100392,2022년 6월 22일 16시,수요일,충청남도 공주시 계룡면,중상사고,0,2,1,0,차대차 - 측면충돌,중앙선침범,건조,맑음,단일로 - 기타,승용,여,61세,상해없음,화물,남,53세,중상
2022062200100438,2022년 6월 22일 17시,수요일,충청남도 서산시 수석동,중상사고,0,1,0,0,차대차 - 측면충돌,직진우회전진행방해,건조,맑음,교차로 - 교차로안,승용,여,69세,상해없음,승용,여,52세,중상
2022062200100439,2022년 6월 22일 17시,수요일,충청남도 천안시 서북구 직산읍,경상사고,0,0,1,0,차대차 - 측면충돌,안전운전불이행,건조,맑음,단일로 - 기타,특수,남,56세,상해없음,승용,여,62세,경상
2022062200100440,2022년 6월 22일 17시,수요일,충청남도 아산시 배방읍,중상사고,0,1,0,0,차대사람 - 횡단중,보행자보호의무위반,건조,맑음,교차로 - 교차로횡단보도내,이륜,남,48세,상해없음,보행자,남,8세,중상
2022062200100441,2022년 6월 22일 17시,수요일,충청남도 당진시 원당동,경상사고,0,0,3,0,차대차 - 후진중충돌,안전운전불이행,건조,맑음,단일로 - 기타,승용,남,20세,상해없음,승용,여,41세,경상
2022062200100492,2022년 6월 22일 18시,수요일,충청남도 금산군 제원면,경상사고,0,0,1,0,차대차 - 기타,안전운전불이행,건조,맑음,단일로 - 기타,화물,남,27세,상해없음,자전거,여,53세,경상
2022062200100556,2022년 6월 22일 20시,수요일,충청남도 당진시 대호지면,중상사고,0,1,0,0,차대차 - 추돌,기타,건조,맑음,단일로 - 기타,승용,여,56세,상해없음,승합,남,65세,중상
2022062200100587,2022년 6월 22일 21시,수요일,충청남도 천안시 서북구 두정동,경상사고,0,0,1,0,차대차 - 기타,신호위반,건조,맑음,교차로 - 교차로안,승용,남,57세,상해없음,승용,남,37세,경상
2022062200100588,2022년 6월 22일 21시,수요일,충청남도 당진시 채운동,경상사고,0,0,1,0,차대차 - 측면충돌,중앙선침범,건조,맑음,단일로 - 기타,승용,남,61세,상해없음,승용,남,69세,경상
2022062200100616,2022년 6월 22일 22시,수요일,충청남도 천안시 서북구 두정동,경상사고,0,0,1,0,차대사람 - 기타,신호위반,건조,맑음,단일로 - 기타,승용,남,27세,상해없음,보행자,남,27세,경상
2022062300100024,2022년 6월 23일 01시,목요일,충청남도 서산시 동문동,중상사고,0,1,0,0,차대차 - 측면충돌,직진우회전진행방해,건조,맑음,교차로 - 교차로안,승용,남,54세,상해없음,승용,여,62세,중상
2022062300100051,2022년 6월 23일 05시,목요일,충청남도 천안시 서북구 두정동,경상사고,0,0,1,0,차대사람 - 기타,안전운전불이행,건조,맑음,교차로 - 교차로안,승용,남,68세,상해없음,보행자,남,32세,경상
2022062300100052,2022년 6월 23일 05시,목요일,충청남도 천안시 서북구 성정동,경상사고,0,0,1,0,차대차 - 측면충돌,직진우회전진행방해,건조,맑음,교차로 - 교차로부근,승용,남,25세,상해없음,승용,남,58세,경상
2022062300100073,2022년 6월 23일 07시,목요일,충청남도 예산군 예산읍,중상사고,0,1,1,0,차대차 - 측면충돌,신호위반,건조,맑음,교차로 - 교차로안,화물,남,55세,경상,승용,남,81세,중상
2022062300100205,2022년 6월 23일 11시,목요일,충청남도 서산시 동문동,중상사고,0,1,0,0,차대차 - 측면충돌,직진우회전진행방해,젖음/습기,흐림,교차로 - 교차로안,이륜,남,59세,중상,승용,남,45세,상해없음
2022062300100237,2022년 6월 23일 12시,목요일,충청남도 천안시 동남구 청당동,중상사고,0,1,0,0,차대사람 - 보도통행중,보행자보호의무위반,건조,흐림,교차로 - 교차로횡단보도내,승용,남,40세,상해없음,보행자,여,51세,중상
2022062300100271,2022년 6월 23일 13시,목요일,충청남도 천안시 서북구 신당동,경상사고,0,0,1,0,차대차 - 측면충돌,교차로운행방법위반,건조,맑음,교차로 - 교차로안,화물,남,71세,상해없음,화물,남,61세,경상
2022062300100272,2022년 6월 23일 13시,목요일,충청남도 부여군 부여읍,경상사고,0,0,1,0,차대차 - 측면충돌,직진우회전진행방해,건조,맑음,교차로 - 교차로안,승용,여,36세,상해없음,승용,여,65세,경상
2022062300100273,2022년 6월 23일 13시,목요일,충청남도 당진시 송산면,경상사고,0,0,1,0,차대차 - 추돌,안전운전불이행,젖음/습기,비,단일로 - 기타,화물,남,46세,상해없음,승용,남,54세,경상
2022062300100306,2022년 6월 23일 14시,목요일,충청남도 아산시 온천동,경상사고,0,0,1,0,차대차 - 측면충돌,신호위반,젖음/습기,맑음,교차로 - 교차로안,승용,여,45세,상해없음,승용,남,52세,경상
2022062300100328,2022년 6월 23일 15시,목요일,충청남도 공주시 금성동,경상사고,0,0,1,0,차대차 - 추돌,안전운전불이행,젖음/습기,비,단일로 - 기타,승용,남,68세,기타불명,승용,남,35세,경상
2022062300100329,2022년 6월 23일 15시,목요일,충청남도 태안군 태안읍,경상사고,0,0,1,0,차대차 - 측면충돌,교차로운행방법위반,건조,맑음,교차로 - 교차로안,승용,여,25세,상해없음,승용,남,47세,경상
2022062300100362,2022년 6월 23일 16시,목요일,충청남도 태안군 태안읍,경상사고,0,0,1,0,차대차 - 측면충돌,중앙선침범,젖음/습기,비,단일로 - 기타,승용,여,65세,상해없음,승용,여,43세,경상
2022062300100404,2022년 6월 23일 17시,목요일,충청남도 아산시 권곡동,경상사고,0,0,1,0,차대차 - 측면충돌,안전운전불이행,젖음/습기,비,교차로 - 교차로안,승용,남,39세,기타불명,이륜,남,25세,경상
2022062300100405,2022년 6월 23일 17시,목요일,충청남도 천안시 동남구 동면,중상사고,0,1,0,0,차대차 - 기타,안전운전불이행,건조,맑음,단일로 - 기타,승용,여,43세,상해없음,자전거,남,79세,중상
2022062300100451,2022년 6월 23일 18시,목요일,충청남도 천안시 서북구 불당동,부상신고사고,0,0,0,1,차대차 - 기타,안전운전불이행,건조,맑음,교차로 - 교차로횡단보도내,승용,남,54세,상해없음,개인형이동수단(PM),남,10세,부상신고
2022062300100453,2022년 6월 23일 18시,목요일,충청남도 아산시 탕정면,경상사고,0,0,1,0,차대차 - 기타,안전운전불이행,건조,맑음,단일로 - 기타,승합,남,58세,상해없음,승용,남,42세,경상
2022062300100454,2022년 6월 23일 18시,목요일,충청남도 천안시 동남구 풍세면,경상사고,0,0,1,0,차대차 - 측면충돌,안전거리미확보,젖음/습기,흐림,기타 - 기타,승용,남,46세,상해없음,화물,남,36세,경상
2022062300100500,2022년 6월 23일 19시,목요일,충청남도 천안시 서북구 입장면,경상사고,0,0,2,0,차대차 - 측면충돌,교차로운행방법위반,젖음/습기,비,교차로 - 교차로안,승용,여,50세,경상,승용,남,77세,경상
2022062300100501,2022년 6월 23일 19시,목요일,충청남도 천안시 동남구 봉명동,부상신고사고,0,0,0,1,차대차 - 추돌,안전운전불이행,젖음/습기,비,교차로 - 교차로부근,화물,남,53세,부상신고,승용,남,28세,상해없음
2022062300100585,2022년 6월 23일 21시,목요일,충청남도 서산시 대산읍,경상사고,0,0,1,0,차대차 - 후진중충돌,안전운전불이행,젖음/습기,비,주차장 - 주차장,승용,남,31세,상해없음,승용,여,55세,경상
2022062300100587,2022년 6월 23일 21시,목요일,충청남도 당진시 읍내동,경상사고,0,0,2,0,차대사람 - 보도통행중,안전거리미확보,건조,맑음,교차로 - 교차로부근,이륜,남,28세,상해없음,보행자,여,63세,경상
2022062300100620,2022년 6월 23일 22시,목요일,충청남도 천안시 서북구 백석동,경상사고,0,0,2,0,차대차 - 측면충돌,안전거리미확보,젖음/습기,비,단일로 - 기타,승용,남,30세,상해없음,승용,남,64세,경상
2022062300100621,2022년 6월 23일 22시,목요일,충청남도 아산시 온천동,중상사고,0,1,0,0,차대사람 - 횡단중,보행자보호의무위반,건조,맑음,교차로 - 교차로안,승용,남,55세,상해없음,보행자,남,61세,중상
2022062300100651,2022년 6월 23일 23시,목요일,충청남도 논산시 연무읍,경상사고,0,0,1,0,차대차 - 추돌,안전운전불이행,젖음/습기,비,단일로 - 기타,승용,남,58세,경상,화물,남,53세,기타불명
2022062300100652,2022년 6월 23일 23시,목요일,충청남도 금산군 추부면,경상사고,0,0,1,0,차대차 - 정면충돌,중앙선침범,젖음/습기,비,단일로 - 고가도로위,승용,남,39세,상해없음,승용,여,39세,경상
2022062400100015,2022년 6월 24일 00시,금요일,충청남도 공주시 반포면,경상사고,0,0,1,0,차대차 - 추돌,안전운전불이행,젖음/습기,비,단일로 - 기타,승용,남,58세,상해없음,승용,남,39세,경상
2022062400100052,2022년 6월 24일 03시,금요일,충청남도 아산시 배방읍,경상사고,0,0,1,0,차대차 - 추돌,안전운전불이행,젖음/습기,비,교차로 - 교차로안,승용,남,28세,상해없음,승용,남,58세,경상
2022062400100117,2022년 6월 24일 08시,금요일,충청남도 서산시 동문동,경상사고,0,0,1,0,차대차 - 측면충돌,직진우회전진행방해,건조,맑음,교차로 - 교차로안,승용,남,21세,상해없음,승용,여,67세,경상
2022062400100118,2022년 6월 24일 08시,금요일,충청남도 천안시 동남구 병천면,중상사고,0,1,2,0,차대차 - 추돌,안전운전불이행,건조,맑음,단일로 - 기타,승합,남,73세,경상,승용,남,38세,기타불명
2022062400100119,2022년 6월 24일 08시,금요일,충청남도 태안군 태안읍,경상사고,0,0,1,0,차대차 - 기타,안전운전불이행,건조,맑음,주차장 - 주차장,화물,남,39세,상해없음,승용,남,38세,경상
2022062400100162,2022년 6월 24일 09시,금요일,충청남도 예산군 덕산면,경상사고,0,0,2,0,차대차 - 정면충돌,안전운전불이행,건조,맑음,교차로 - 교차로부근,원동기,남,55세,경상,승용,남,39세,경상
2022062400100190,2022년 6월 24일 10시,금요일,충청남도 천안시 서북구 성성동,중상사고,0,1,0,0,차대차 - 기타,안전거리미확보,건조,맑음,교차로 - 교차로부근,승용,여,56세,상해없음,승용,여,43세,중상
2022062400100191,2022년 6월 24일 10시,금요일,충청남도 천안시 서북구 쌍용동,경상사고,0,0,1,0,차대차 - 기타,안전운전불이행,건조,맑음,교차로 - 교차로안,승용,여,28세,상해없음,승용,남,70세,경상
2022062400100212,2022년 6월 24일 11시,금요일,충청남도 보령시 죽정동,중상사고,0,2,0,0,차대차 - 측면충돌,불법유턴,건조,맑음,단일로 - 기타,승용,여,66세,중상,승용,여,41세,중상
2022062400100232,2022년 6월 24일 12시,금요일,충청남도 아산시 탕정면,경상사고,0,0,1,0,차대차 - 기타,안전운전불이행,건조,맑음,기타 - 기타,화물,남,38세,상해없음,승용,남,38세,경상
2022062400100233,2022년 6월 24일 12시,금요일,충청남도 천안시 동남구 수신면,중상사고,0,1,1,0,차대차 - 기타,안전운전불이행,건조,맑음,교차로 - 교차로부근,승용,남,35세,상해없음,승용,여,27세,중상
2022062400100234,2022년 6월 24일 12시,금요일,충청남도 천안시 동남구 목천읍,경상사고,0,0,1,0,차대차 - 추돌,안전거리미확보,건조,맑음,교차로 - 교차로부근,승용,남,31세,상해없음,승용,남,31세,경상
2022062400100264,2022년 6월 24일 13시,금요일,충청남도 태안군 태안읍,경상사고,0,0,1,0,차대사람 - 기타,안전운전불이행,건조,맑음,주차장 - 주차장,승용,여,27세,상해없음,보행자,여,52세,경상
2022062400100300,2022년 6월 24일 14시,금요일,충청남도 논산시 연산면,경상사고,0,0,1,0,차대차 - 측면충돌,안전거리미확보,건조,맑음,기타 - 기타,승용,여,29세,상해없음,승용,남,44세,경상
2022062400100301,2022년 6월 24일 14시,금요일,충청남도 금산군 금산읍,중상사고,0,1,0,0,차대사람 - 횡단중,안전운전불이행,건조,맑음,단일로 - 기타,승용,여,56세,상해없음,보행자,여,69세,중상
2022062400100334,2022년 6월 24일 15시,금요일,충청남도 서천군 장항읍,경상사고,0,0,1,0,차대차 - 측면충돌,직진우회전진행방해,건조,맑음,교차로 - 교차로안,특수,남,67세,상해없음,승용,남,68세,경상
2022062400100377,2022년 6월 24일 16시,금요일,충청남도 금산군 추부면,경상사고,0,0,1,0,차대사람 - 횡단중,안전운전불이행,건조,맑음,단일로 - 기타,화물,남,79세,상해없음,보행자,여,78세,경상
2022062400100437,2022년 6월 24일 17시,금요일,충청남도 천안시 서북구 쌍용동,경상사고,0,0,1,0,차대차 - 기타,안전운전불이행,건조,맑음,단일로 - 기타,승용,여,54세,상해없음,승용,남,30세,기타불명
2022062400100438,2022년 6월 24일 17시,금요일,충청남도 공주시 이인면,중상사고,0,1,4,1,차대차 - 추돌,안전운전불이행,건조,맑음,단일로 - 기타,승용,남,25세,경상,승용,남,33세,경상
2022062400100479,2022년 6월 24일 18시,금요일,충청남도 서산시 예천동,경상사고,0,0,1,0,차대차 - 측면충돌,차로위반,건조,맑음,단일로 - 기타,이륜,남,73세,상해없음,자전거,남,73세,경상
2022062400100480,2022년 6월 24일 18시,금요일,충청남도 천안시 서북구 불당동,경상사고,0,0,1,0,차대사람 - 보도통행중,기타,건조,맑음,단일로 - 기타,개인형이동수단(PM),남,18세,상해없음,보행자,남,4세,경상
2022062400100481,2022년 6월 24일 18시,금요일,충청남도 당진시 읍내동,경상사고,0,0,1,0,차대차 - 기타,안전운전불이행,건조,맑음,교차로 - 교차로안,승용,남,52세,기타불명,승용,여,32세,경상
2022062400100525,2022년 6월 24일 19시,금요일,충청남도 예산군 삽교읍,경상사고,0,0,1,0,차대차 - 측면충돌,신호위반,건조,맑음,교차로 - 교차로안,승용,남,27세,상해없음,승용,남,32세,경상
2022062400100552,2022년 6월 24일 20시,금요일,충청남도 아산시 둔포면,경상사고,0,0,1,0,차대차 - 기타,안전운전불이행,건조,맑음,단일로 - 기타,승용,기타불명,미분류,기타불명,승용,여,41세,경상
2022062400100553,2022년 6월 24일 20시,금요일,충청남도 예산군 예산읍,중상사고,0,1,0,0,차대사람 - 기타,안전운전불이행,건조,맑음,단일로 - 기타,자전거,남,16세,상해없음,보행자,남,72세,중상
2022062400100606,2022년 6월 24일 22시,금요일,충청남도 천안시 서북구 두정동,경상사고,0,0,2,0,차대차 - 기타,직진우회전진행방해,건조,맑음,교차로 - 교차로안,승용,남,47세,상해없음,승용,남,29세,경상
2022062400100607,2022년 6월 24일 22시,금요일,충청남도 천안시 동남구 신방동,경상사고,0,0,1,0,차대차 - 기타,안전운전불이행,건조,맑음,교차로 - 교차로안,승용,남,62세,상해없음,승용,남,27세,경상
2022062400100627,2022년 6월 24일 23시,금요일,충청남도 천안시 서북구 성정동,경상사고,0,0,1,0,차대차 - 측면충돌,신호위반,건조,맑음,교차로 - 교차로안,승용,여,38세,상해없음,승용,남,26세,경상
2022062500100006,2022년 6월 25일 00시,토요일,충청남도 천안시 서북구 성성동,경상사고,0,0,1,0,차대사람 - 길가장자리구역통행중,안전운전불이행,건조,맑음,단일로 - 기타,승용,여,46세,상해없음,보행자,남,46세,경상
2022062500100047,2022년 6월 25일 04시,토요일,충청남도 보령시 죽정동,사망사고,1,0,1,0,차량단독 - 공작물충돌,안전운전불이행,건조,맑음,교차로 - 교차로안,화물,남,66세,경상,,,,
2022062500100048,2022년 6월 25일 04시,토요일,충청남도 논산시 연무읍,경상사고,0,0,3,0,차대차 - 기타,중앙선침범,건조,맑음,단일로 - 기타,승용,남,30세,상해없음,승용,남,24세,경상
2022062500100055,2022년 6월 25일 05시,토요일,충청남도 천안시 서북구 쌍용동,경상사고,0,0,1,0,차량단독 - 공작물충돌,안전운전불이행,건조,맑음,단일로 - 기타,이륜,남,21세,경상,,,,
2022062500100067,2022년 6월 25일 06시,토요일,충청남도 천안시 서북구 성정동,경상사고,0,0,1,0,차대차 - 추돌,안전운전불이행,건조,맑음,단일로 - 기타,승용,남,31세,상해없음,승용,남,63세,상해없음
2022062500100121,2022년 6월 25일 09시,토요일,충청남도 천안시 동남구 신부동,경상사고,0,0,3,0,차대차 - 측면충돌,안전운전불이행,건조,맑음,교차로 - 교차로안,승용,여,45세,경상,승용,여,53세,경상
2022062500100201,2022년 6월 25일 11시,토요일,충청남도 천안시 서북구 불당동,경상사고,0,0,3,1,차대차 - 측면충돌,안전운전불이행,건조,맑음,단일로 - 기타,승용,여,38세,경상,승용,남,61세,경상
2022062500100202,2022년 6월 25일 11시,토요일,충청남도 홍성군 홍북읍,사망사고,1,0,2,0,차대차 - 추돌,안전운전불이행,건조,맑음,단일로 - 기타,승용,남,67세,상해없음,승용,남,74세,상해없음
2022062500100203,2022년 6월 25일 11시,토요일,충청남도 천안시 동남구 신방동,경상사고,0,0,1,0,차대차 - 추돌,안전운전불이행,건조,맑음,단일로 - 지하차도(도로)내,화물,남,46세,상해없음,승용,남,45세,경상
2022062500100204,2022년 6월 25일 11시,토요일,충청남도 천안시 동남구 삼룡동,중상사고,0,1,0,0,차대차 - 기타,신호위반,건조,맑음,교차로 - 교차로부근,이륜,남,48세,중상,승용,남,23세,상해없음
2022062500100254,2022년 6월 25일 12시,토요일,충청남도 공주시 우성면,중상사고,0,1,1,0,차대차 - 측면충돌,신호위반,건조,맑음,교차로 - 교차로안,화물,남,65세,상해없음,승용,남,48세,경상
2022062500100255,2022년 6월 25일 12시,토요일,충청남도 당진시 석문면,경상사고,0,0,1,0,차대차 - 추돌,교차로운행방법위반,건조,맑음,교차로 - 교차로안,승용,여,53세,상해없음,승용,여,40세,경상
2022062500100256,2022년 6월 25일 12시,토요일,충청남도 당진시 신평면,중상사고,0,1,0,0,차대차 - 측면충돌,안전운전불이행,건조,맑음,단일로 - 기타,승용,남,33세,상해없음,승용,여,54세,중상
2022062500100296,2022년 6월 25일 13시,토요일,충청남도 공주시 신관동,경상사고,0,0,2,0,차대차 - 추돌,안전운전불이행,건조,맑음,교차로 - 교차로부근,승용,남,62세,상해없음,승용,여,30세,경상
2022062500100346,2022년 6월 25일 14시,토요일,충청남도 예산군 고덕면,경상사고,0,0,1,0,차대차 - 측면충돌,교차로운행방법위반,건조,맑음,교차로 - 교차로안,화물,남,69세,상해없음,승용,남,18세,경상
2022062500100424,2022년 6월 25일 16시,토요일,충청남도 아산시 송악면,경상사고,0,0,1,0,차대사람 - 횡단중,안전운전불이행,건조,맑음,단일로 - 기타,승용,여,58세,상해없음,보행자,여,79세,경상
2022062500100461,2022년 6월 25일 17시,토요일,충청남도 태안군 근흥면,경상사고,0,0,1,0,차대차 - 기타,차로위반,건조,맑음,단일로 - 기타,승용,여,23세,상해없음,특수,남,47세,상해없음
2022062500100558,2022년 6월 25일 20시,토요일,충청남도 아산시 둔포면,경상사고,0,0,1,0,차대사람 - 차도통행중,교차로운행방법위반,건조,맑음,교차로 - 교차로안,이륜,남,28세,상해없음,보행자,남,4세,경상
2022062500100594,2022년 6월 25일 21시,토요일,충청남도 홍성군 홍성읍,경상사고,0,0,1,0,차대차 - 후진중충돌,안전운전불이행,건조,맑음,단일로 - 기타,승용,남,23세,상해없음,이륜,남,17세,경상
2022062500100595,2022년 6월 25일 21시,토요일,충청남도 당진시 신평면,경상사고,0,0,1,0,차대차 - 정면충돌,교차로운행방법위반,건조,맑음,교차로 - 교차로안,승용,남,54세,상해없음,승용,남,59세,경상
2022062500100617,2022년 6월 25일 22시,토요일,충청남도 당진시 신평면,경상사고,0,0,1,0,차대차 - 측면충돌,신호위반,건조,맑음,교차로 - 교차로안,승용,남,24세,상해없음,승용,남,39세,경상
2022062500100618,2022년 6월 25일 22시,토요일,충청남도 천안시 서북구 성거읍,부상신고사고,0,0,0,1,차대차 - 기타,안전운전불이행,건조,맑음,단일로 - 기타,화물,남,58세,상해없음,승용,여,41세,부상신고
2022062500100645,2022년 6월 25일 23시,토요일,충청남도 논산시 취암동,경상사고,0,0,2,0,차대차 - 정면충돌,안전운전불이행,건조,맑음,교차로 - 교차로횡단보도내,승용,남,32세,상해없음,승용,남,29세,경상
2022062500100646,2022년 6월 25일 23시,토요일,충청남도 아산시 음봉면,경상사고,0,0,2,0,차대차 - 기타,안전운전불이행,건조,맑음,단일로 - 기타,승용,남,22세,상해없음,승용,남,57세,상해없음
2022062600100025,2022년 6월 26일 01시,일요일,충청남도 예산군 오가면,경상사고,0,0,2,0,차대차 - 추돌,안전운전불이행,건조,맑음,교차로 - 교차로부근,승용,남,29세,상해없음,승용,남,23세,경상
2022062600100030,2022년 6월 26일 02시,일요일,충청남도 태안군 태안읍,경상사고,0,0,2,0,차대차 - 기타,신호위반,건조,맑음,교차로 - 교차로안,승용,여,53세,경상,승용,남,38세,경상
2022062600100078,2022년 6월 26일 09시,일요일,충청남도 청양군 화성면,중상사고,0,1,0,0,차량단독 - 공작물충돌,안전운전불이행,건조,맑음,단일로 - 기타,화물,여,72세,중상,,,,
2022062600100079,2022년 6월 26일 09시,일요일,충청남도 태안군 남면,경상사고,0,0,1,0,차대차 - 추돌,중앙선침범,건조,맑음,기타 - 기타,승용,남,48세,상해없음,특수,남,68세,경상
2022062600100183,2022년 6월 26일 14시,일요일,충청남도 아산시 탕정면,경상사고,0,0,1,0,차대사람 - 횡단중,안전운전불이행,건조,맑음,기타 - 기타,자전거,남,49세,상해없음,보행자,여,15세,경상
2022062600100184,2022년 6월 26일 14시,일요일,충청남도 예산군 대술면,경상사고,0,0,1,0,차대차 - 측면충돌,중앙선침범,건조,맑음,단일로 - 기타,사륜오토바이(ATV),여,70세,상해없음,화물,남,30세,경상
2022062600100242,2022년 6월 26일 16시,일요일,충청남도 천안시 동남구 안서동,경상사고,0,0,1,0,차대차 - 기타,안전거리미확보,건조,맑음,단일로 - 기타,승용,여,51세,상해없음,승합,남,54세,경상
2022062600100274,2022년 6월 26일 17시,일요일,충청남도 천안시 서북구 쌍용동,경상사고,0,0,1,0,차대사람 - 횡단중,안전운전불이행,건조,맑음,단일로 - 기타,승용,남,35세,상해없음,보행자,남,3세,경상
2022062600100275,2022년 6월 26일 17시,일요일,충청남도 아산시 용화동,경상사고,0,0,1,0,차대차 - 정면충돌,신호위반,건조,맑음,교차로 - 교차로안,특수,남,27세,상해없음,승용,여,44세,경상
2022062600100276,2022년 6월 26일 17시,일요일,충청남도 아산시 배방읍,경상사고,0,0,1,0,차대차 - 추돌,안전운전불이행,건조,맑음,교차로 - 교차로부근,승용,여,35세,상해없음,승용,남,29세,경상
2022062600100304,2022년 6월 26일 18시,일요일,충청남도 당진시 읍내동,경상사고,0,0,1,0,차대차 - 후진중충돌,안전운전불이행,건조,맑음,단일로 - 기타,승용,남,64세,상해없음,승용,여,72세,경상
2022062600100305,2022년 6월 26일 18시,일요일,충청남도 태안군 원북면,경상사고,0,0,1,0,차대차 - 추돌,교차로운행방법위반,건조,맑음,교차로 - 교차로안,승용,남,80세,상해없음,화물,남,57세,경상
2022062600100331,2022년 6월 26일 19시,일요일,충청남도 공주시 신관동,경상사고,0,0,1,0,차대사람 - 보도통행중,안전운전불이행,건조,맑음,단일로 - 기타,개인형이동수단(PM),남,18세,상해없음,보행자,남,15세,경상
2022062700100026,2022년 6월 27일 03시,월요일,충청남도 천안시 서북구 성정동,경상사고,0,0,1,0,차대차 - 정면충돌,신호위반,건조,맑음,교차로 - 교차로안,승용,남,36세,상해없음,승용,남,55세,경상
2022062700100027,2022년 6월 27일 03시,월요일,충청남도 천안시 동남구 신부동,경상사고,0,0,3,0,차대차 - 추돌,안전운전불이행,건조,맑음,단일로 - 기타,승용,남,73세,상해없음,승합,남,56세,기타불명
2022062700100068,2022년 6월 27일 07시,월요일,충청남도 천안시 서북구 직산읍,경상사고,0,0,4,0,차대차 - 기타,안전운전불이행,건조,맑음,단일로 - 기타,승합,남,34세,경상,승용,남,41세,경상
2022062700100133,2022년 6월 27일 09시,월요일,충청남도 아산시 풍기동,경상사고,0,0,1,0,차대차 - 측면충돌,신호위반,건조,맑음,교차로 - 교차로안,승용,여,27세,상해없음,승용,남,34세,경상
2022062700100134,2022년 6월 27일 09시,월요일,충청남도 태안군 태안읍,중상사고,0,1,0,0,차량단독 - 전도전복 - 전도,안전운전불이행,건조,맑음,단일로 - 기타,사륜오토바이(ATV),남,70세,중상,,,,
2022062700100229,2022년 6월 27일 12시,월요일,충청남도 천안시 서북구 직산읍,경상사고,0,0,1,0,차대차 - 기타,안전운전불이행,건조,맑음,단일로 - 기타,승용,여,53세,상해없음,승용,남,30세,경상
2022062700100268,2022년 6월 27일 13시,월요일,충청남도 서산시 인지면,중상사고,0,3,0,0,차대차 - 추돌,안전거리미확보,젖음/습기,비,단일로 - 기타,승용,남,72세,상해없음,화물,남,62세,중상
2022062700100295,2022년 6월 27일 14시,월요일,충청남도 공주시 신관동,경상사고,0,0,1,0,차대차 - 추돌,신호위반,건조,맑음,교차로 - 교차로부근,승용,여,67세,상해없음,이륜,남,20세,경상
2022062700100321,2022년 6월 27일 15시,월요일,충청남도 천안시 서북구 신당동,경상사고,0,0,1,1,차대차 - 측면충돌,안전운전불이행,건조,맑음,교차로 - 교차로부근,승용,여,73세,부상신고,건설기계,남,46세,경상
2022062700100361,2022년 6월 27일 16시,월요일,충청남도 보령시 청소면,중상사고,0,2,0,0,차량단독 - 기타,안전운전불이행,건조,맑음,단일로 - 기타,승합,남,34세,상해없음,,,,
2022062700100390,2022년 6월 27일 17시,월요일,충청남도 천안시 서북구 입장면,경상사고,0,0,1,0,차대차 - 측면충돌,안전운전불이행,건조,맑음,단일로 - 기타,화물,남,45세,상해없음,화물,남,64세,경상
2022062700100468,2022년 6월 27일 19시,월요일,충청남도 천안시 서북구 성정동,경상사고,0,0,1,0,차대차 - 기타,안전운전불이행,건조,맑음,단일로 - 기타,승용,남,64세,상해없음,이륜,남,52세,경상
2022062700100469,2022년 6월 27일 19시,월요일,충청남도 논산시 대교동,경상사고,0,0,1,0,차대사람 - 기타,안전운전불이행,건조,맑음,교차로 - 교차로안,승합,남,56세,상해없음,보행자,남,65세,경상
2022062700100470,2022년 6월 27일 19시,월요일,충청남도 공주시 신관동,경상사고,0,0,1,0,차대사람 - 길가장자리구역통행중,안전운전불이행,건조,맑음,교차로 - 교차로안,승용,여,58세,상해없음,보행자,여,19세,경상
2022062700100471,2022년 6월 27일 19시,월요일,충청남도 천안시 동남구 신부동,경상사고,0,0,1,0,차대사람 - 횡단중,안전운전불이행,건조,맑음,교차로 - 교차로부근,승용,남,39세,상해없음,보행자,여,53세,경상
2022062700100491,2022년 6월 27일 20시,월요일,충청남도 보령시 남포면,중상사고,0,1,0,0,차대차 - 기타,직진우회전진행방해,건조,기타,기타 - 기타,화물,남,63세,상해없음,자전거,남,60세,중상
2022062700100513,2022년 6월 27일 21시,월요일,충청남도 서산시 부석면,중상사고,0,1,0,0,차량단독 - 공작물충돌,안전운전불이행,건조,흐림,교차로 - 교차로부근,화물,남,57세,중상,,,,
2022062800100016,2022년 6월 28일 01시,화요일,충청남도 천안시 서북구 성정동,경상사고,0,0,1,0,차대차 - 추돌,안전운전불이행,건조,맑음,교차로 - 교차로부근,이륜,남,35세,상해없음,이륜,남,43세,경상
2022062800100032,2022년 6월 28일 04시,화요일,충청남도 예산군 오가면,경상사고,0,0,2,0,차대차 - 추돌,안전거리미확보,건조,맑음,단일로 - 기타,화물,남,39세,경상,건설기계,남,63세,경상
2022062800100046,2022년 6월 28일 06시,화요일,충청남도 예산군 대흥면,경상사고,0,0,1,0,차대차 - 정면충돌,안전운전불이행,건조,흐림,교차로 - 교차로안,이륜,남,66세,경상,화물,남,67세,상해없음