사고번호,사고일시,요일,시군구,사고내용,사망자수,중상자수,경상자수,부상신고자수,사고유형,법규위반,노면상태,기상상태,도로형태,가해운전자 차종,가해운전자 성별,가해운전자 연령,가해운전자 상해정도,피해운전자 차종,피해운전자 성별,피해운전자 연령,피해운전자 상해정도
2022062800100057,2022년 6월 28일 07시,화요일,충청남도 천안시 동남구 삼룡동,경상사고,0,0,1,0,차대차 - 측면충돌,차로위반,건조,맑음,단일로 - 기타,승용,남,33세,상해없음,승용,여,28세,경상
2022062800100079,2022년 6월 28일 08시,화요일,충청남도 천안시 서북구 직산읍,경상사고,0,0,1,0,차량단독 - 기타,안전거리미확보,건조,맑음,단일로 - 기타,승합,남,48세,상해없음,,,,
2022062800100080,2022년 6월 28일 08시,화요일,충청남도 공주시 금흥동,경상사고,0,0,1,0,차대차 - 측면충돌,안전운전불이행,건조,맑음,교차로 - 교차로부근,승용,여,49세,상해없음,승용,남,38세,경상
2022062800100081,2022년 6월 28일 08시,화요일,충청남도 당진시 고대면,중상사고,0,1,0,0,차대차 - 정면충돌,중앙선침범,건조,맑음,단일로 - 기타,승용,남,31세,상해없음,승용,여,29세,중상
2022062800100116,2022년 6월 28일 09시,화요일,충청남도 아산시 탕정면,경상사고,0,0,3,0,차대차 - 추돌,안전운전불이행,건조,맑음,단일로 - 기타,화물,남,40세,상해없음,화물,남,22세,경상
2022062800100148,2022년 6월 28일 10시,화요일,충청남도 예산군 예산읍,경상사고,0,0,1,0,차대차 - 측면충돌,차로위반,건조,맑음,교차로 - 교차로부근,승용,여,65세,상해없음,승용,여,50세,경상
2022062800100181,2022년 6월 28일 11시,화요일,충청남도 천안시 동남구 병천면,경상사고,0,0,1,0,차대차 - 측면충돌,교차로운행방법위반,건조,맑음,교차로 - 교차로부근,승용,여,69세,상해없음,승용,남,33세,경상
2022062800100209,2022년 6월 28일 12시,화요일,충청남도 천안시 동남구 성남면,경상사고,0,0,1,0,차대사람 - 기타,안전운전불이행,건조,맑음,단일로 - 기타,화물,남,55세,상해없음,보행자,여,62세,경상
2022062800100248,2022년 6월 28일 13시,화요일,충청남도 아산시 좌부동,경상사고,0,0,1,0,차대차 - 기타,중앙선침범,건조,맑음,단일로 - 기타,화물,남,45세,상해없음,이륜,남,29세,경상
2022062800100249,2022년 6월 28일 13시,화요일,충청남도 천안시 동남구 신부동,경상사고,0,0,1,0,차대사람 - 보도통행중,기타,건조,맑음,단일로 - 기타,승용,남,53세,상해없음,보행자,여,58세,경상
2022062800100269,2022년 6월 28일 14시,화요일,충청남도 천안시 서북구 쌍용동,경상사고,0,0,1,0,차대차 - 기타,안전운전불이행,건조,맑음,교차로 - 교차로안,승용,여,30세,기타불명,승용,여,24세,기타불명
2022062800100270,2022년 6월 28일 14시,화요일,충청남도 천안시 서북구 불당동,경상사고,0,0,1,0,차대차 - 추돌,안전운전불이행,건조,맑음,단일로 - 기타,승용,여,51세,상해없음,화물,남,35세,경상
2022062800100301,2022년 6월 28일 15시,화요일,충청남도 천안시 서북구 성정동,경상사고,0,0,2,0,차대차 - 측면충돌,교차로운행방법위반,건조,맑음,교차로 - 교차로안,승용,남,71세,경상,승용,남,30세,경상
2022062800100302,2022년 6월 28일 15시,화요일,충청남도 천안시 동남구 원성동,경상사고,0,0,6,0,차대차 - 추돌,안전운전불이행,건조,맑음,교차로 - 교차로부근,승용,남,64세,상해없음,승용,남,59세,경상
2022062800100339,2022년 6월 28일 16시,화요일,충청남도 천안시 서북구 입장면,중상사고,0,1,0,0,차대사람 - 기타,안전운전불이행,건조,맑음,기타 - 기타,화물,남,56세,상해없음,보행자,남,42세,중상
2022062800100340,2022년 6월 28일 16시,화요일,충청남도 천안시 서북구 불당동,경상사고,0,0,2,0,차대차 - 측면충돌,교차로운행방법위반,건조,맑음,교차로 - 교차로안,승용,여,52세,상해없음,승용,여,39세,경상
2022062800100341,2022년 6월 28일 16시,화요일,충청남도 아산시 신창면,경상사고,0,0,1,0,차대차 - 추돌,안전운전불이행,건조,맑음,교차로 - 교차로부근,승용,여,53세,상해없음,승용,여,55세,경상
2022062800100342,2022년 6월 28일 16시,화요일,충청남도 태안군 태안읍,경상사고,0,0,1,0,차대차 - 측면충돌,신호위반,건조,맑음,단일로 - 기타,승용,여,64세,상해없음,자전거,남,65세,경상
2022062800100378,2022년 6월 28일 17시,화요일,충청남도 천안시 서북구 불당동,경상사고,0,0,1,0,차대차 - 기타,안전운전불이행,건조,맑음,단일로 - 기타,이륜,남,17세,상해없음,이륜,남,21세,경상
2022062900100052,2022년 6월 29일 06시,수요일,충청남도 부여군 부여읍,중상사고,0,1,0,0,차량단독 - 도로외이탈 - 추락,안전운전불이행,젖음/습기,비,교차로 - 교차로부근,승용,남,69세,중상,,,,
2022062900100065,2022년 6월 29일 07시,수요일,충청남도 논산시 연무읍,중상사고,0,1,1,0,차대차 - 추돌,기타,젖음/습기,비,교차로 - 교차로부근,화물,남,51세,중상,승용,여,51세,경상
2022062900100066,2022년 6월 29일 07시,수요일,충청남도 홍성군 구항면,사망사고,1,0,2,0,차대차 - 추돌,기타,젖음/습기,흐림,교차로 - 교차로부근,승용,남,74세,기타불명,화물,남,28세,경상
2022062900100092,2022년 6월 29일 08시,수요일,충청남도 홍성군 홍성읍,중상사고,0,1,0,0,차대차 - 측면충돌,중앙선침범,건조,맑음,교차로 - 교차로횡단보도내,승용,남,45세,상해없음,승용,여,63세,중상
2022062900100093,2022년 6월 29일 08시,수요일,충청남도 아산시 배미동,경상사고,0,0,1,0,차대사람 - 횡단중,안전운전불이행,건조,맑음,교차로 - 교차로횡단보도내,승용,남,39세,상해없음,보행자,여,24세,경상
2022062900100094,2022년 6월 29일 08시,수요일,충청남도 서천군 서천읍,경상사고,0,0,1,0,차대사람 - 횡단중,안전운전불이행,젖음/습기,비,단일로 - 기타,승용,남,60세,상해없음,보행자,남,9세,경상
2022062900100095,2022년 6월 29일 08시,수요일,충청남도 청양군 청양읍,경상사고,0,0,2,0,차대차 - 측면충돌,직진우회전진행방해,건조,맑음,교차로 - 교차로안,승용,여,55세,경상,승용,여,75세,경상
2022062900100131,2022년 6월 29일 09시,수요일,충청남도 천안시 서북구 성정동,경상사고,0,0,1,0,차대차 - 측면충돌,신호위반,건조,맑음,교차로 - 교차로안,승용,남,24세,상해없음,화물,남,66세,경상
2022062900100181,2022년 6월 29일 11시,수요일,충청남도 당진시 송산면,경상사고,0,0,1,0,차대차 - 기타,안전운전불이행,젖음/습기,비,단일로 - 지하차도(도로)내,승용,남,54세,상해없음,승용,남,40세,경상
2022062900100253,2022년 6월 29일 13시,수요일,충청남도 천안시 동남구 신부동,경상사고,0,0,1,0,차대차 - 추돌,안전거리미확보,건조,맑음,단일로 - 기타,이륜,남,28세,상해없음,승용,남,65세,경상
2022062900100287,2022년 6월 29일 14시,수요일,충청남도 서산시 갈산동,경상사고,0,0,1,0,차대차 - 기타,교차로운행방법위반,건조,맑음,교차로 - 교차로안,승용,여,34세,상해없음,사륜오토바이(ATV),남,39세,경상
2022062900100288,2022년 6월 29일 14시,수요일,충청남도 공주시 유구읍,사망사고,1,0,0,0,차대차 - 측면충돌,중앙선침범,건조,맑음,단일로 - 기타,사륜오토바이(ATV),남,79세,사망,승용,여,61세,상해없음
2022062900100330,2022년 6월 29일 15시,수요일,충청남도 서천군 마서면,경상사고,0,0,3,0,차대차 - 추돌,안전거리미확보,건조,맑음,교차로 - 교차로부근,승용,여,69세,상해없음,승용,남,25세,경상
2022062900100404,2022년 6월 29일 17시,수요일,충청남도 태안군 원북면,경상사고,0,0,1,0,차대차 - 정면충돌,중앙선침범,건조,맑음,단일로 - 기타,화물,남,60세,상해없음,승용,남,22세,경상
2022062900100438,2022년 6월 29일 18시,수요일,충청남도 아산시 온천동,경상사고,0,0,1,0,차대차 - 측면충돌,안전운전불이행,젖음/습기,비,단일로 - 기타,승용,여,47세,상해없음,이륜,남,17세,경상
2022062900100439,2022년 6월 29일 18시,수요일,충청남도 당진시 신평면,경상사고,0,0,3,0,차대차 - 추돌,안전운전불이행,젖음/습기,비,기타 - 기타,승용,여,40세,상해없음,승용,여,35세,경상
2022062900100481,2022년 6월 29일 19시,수요일,충청남도 천안시 서북구 쌍용동,경상사고,0,0,1,0,차대차 - 측면충돌,안전거리미확보,젖음/습기,비,교차로 - 교차로부근,승용,남,74세,상해없음,승합,남,40세,기타불명
2022062900100513,2022년 6월 29일 20시,수요일,충청남도 아산시 둔포면,경상사고,0,0,1,0,차대차 - 추돌,안전운전불이행,젖음/습기,비,교차로 - 교차로안,승용,여,54세,상해없음,승용,남,41세,경상
2022062900100551,2022년 6월 29일 21시,수요일,충청남도 천안시 동남구 청수동,경상사고,0,0,1,0,차대차 - 측면충돌,직진우회전진행방해,젖음/습기,비,교차로 - 교차로안,승용,남,41세,상해없음,승용,여,46세,경상
2022062900100568,2022년 6월 29일 22시,수요일,충청남도 아산시 온천동,중상사고,0,1,0,0,차대차 - 추돌,안전운전불이행,젖음/습기,비,단일로 - 기타,원동기,남,30세,중상,화물,남,50세,상해없음
2022062900100569,2022년 6월 29일 22시,수요일,충청남도 아산시 온천동,경상사고,0,0,1,0,차대차 - 추돌,안전운전불이행,젖음/습기,비,교차로 - 교차로부근,승용,남,57세,상해없음,이륜,남,21세,경상
2022062900100592,2022년 6월 29일 23시,수요일,충청남도 서산시 음암면,경상사고,0,0,1,0,차대차 - 추돌,안전운전불이행,젖음/습기,비,교차로 - 교차로부근,승용,남,70세,상해없음,승용,여,31세,경상
2022062900100593,2022년 6월 29일 23시,수요일,충청남도 서산시 수석동,경상사고,0,0,4,0,차대차 - 기타,안전운전불이행,젖음/습기,비,단일로 - 기타,화물,남,60세,기타불명,승용,여,52세,경상
2022062900100594,2022년 6월 29일 23시,수요일,충청남도 논산시 연산면,중상사고,0,1,2,0,차대차 - 정면충돌,중앙선침범,젖음/습기,비,기타 - 기타,승용,남,53세,기타불명,승용,여,43세,중상
2022062900100595,2022년 6월 29일 23시,수요일,충청남도 당진시 수청동,경상사고,0,0,1,0,차대차 - 후진중충돌,안전운전불이행,침수,비,단일로 - 고가도로위,승용,남,70세,기타불명,승용,여,25세,경상
2022063000100166,2022년 6월 30일 09시,목요일,충청남도 천안시 서북구 두정동,경상사고,0,0,2,0,차대차 - 기타,신호위반,젖음/습기,비,교차로 - 교차로안,승용,여,25세,상해없음,승용,남,35세,경상
2022063000100167,2022년 6월 30일 09시,목요일,충청남도 천안시 동남구 청당동,경상사고,0,0,1,0,차대차 - 측면충돌,안전운전불이행,건조,맑음,단일로 - 기타,승용,남,76세,상해없음,승용,여,35세,경상
2022063000100212,2022년 6월 30일 11시,목요일,충청남도 보령시 주산면,중상사고,0,1,0,0,차대차 - 기타,기타,건조,맑음,교차로 - 교차로안,이륜,남,60세,기타불명,이륜,여,68세,중상
2022063000100213,2022년 6월 30일 11시,목요일,충청남도 공주시 유구읍,중상사고,0,1,0,0,차대차 - 측면충돌,안전운전불이행,건조,맑음,교차로 - 교차로안,화물,남,58세,상해없음,승용,남,63세,중상
2022063000100214,2022년 6월 30일 11시,목요일,충청남도 천안시 동남구 영성동,경상사고,0,0,1,0,차대차 - 후진중충돌,안전운전불이행,건조,맑음,단일로 - 기타,승용,남,56세,상해없음,승용,남,36세,경상
2022063000100258,2022년 6월 30일 13시,목요일,충청남도 천안시 서북구 불당동,중상사고,0,1,0,0,차대차 - 기타,안전거리미확보,건조,맑음,교차로 - 교차로부근,개인형이동수단(PM),남,21세,중상,승합,남,67세,상해없음
2022063000100284,2022년 6월 30일 14시,목요일,충청남도 천안시 동남구 신방동,중상사고,0,1,0,0,차대차 - 기타,신호위반,건조,맑음,교차로 - 교차로안,화물,남,57세,상해없음,이륜,남,23세,중상
2022063000100313,2022년 6월 30일 15시,목요일,충청남도 천안시 동남구 구성동,경상사고,0,0,1,0,차대사람 - 기타,안전운전불이행,건조,맑음,기타 - 기타,원동기,남,15세,기타불명,보행자,남,8세,경상
2022063000100353,2022년 6월 30일 16시,목요일,충청남도 당진시 읍내동,경상사고,0,0,1,0,차대차 - 측면충돌,교차로운행방법위반,젖음/습기,비,교차로 - 교차로안,승용,남,61세,상해없음,자전거,남,83세,경상
2022063000100390,2022년 6월 30일 17시,목요일,충청남도 보령시 명천동,중상사고,0,1,0,0,차대사람 - 횡단중,보행자보호의무위반,건조,맑음,교차로 - 교차로횡단보도내,승용,남,64세,상해없음,보행자,여,9세,중상
2022063000100391,2022년 6월 30일 17시,목요일,충청남도 당진시 송악읍,경상사고,0,0,1,0,차대차 - 측면충돌,안전거리미확보,건조,맑음,교차로 - 교차로안,승용,남,57세,상해없음,승합,남,54세,경상
2022063000100442,2022년 6월 30일 18시,목요일,충청남도 아산시 온천동,경상사고,0,0,1,0,차대차 - 측면충돌,안전운전불이행,건조,맑음,교차로 - 교차로부근,승용,여,60세,상해없음,승용,남,29세,경상
2022063000100477,2022년 6월 30일 19시,목요일,충청남도 당진시 시곡동,경상사고,0,0,1,0,차대차 - 후진중충돌,안전운전불이행,건조,맑음,단일로 - 기타,승용,여,38세,상해없음,승용,남,40세,경상
2022063000100540,2022년 6월 30일 21시,목요일,충청남도 서산시 동문동,경상사고,0,0,1,0,차대사람 - 차도통행중,안전운전불이행,젖음/습기,맑음,단일로 - 기타,승용,남,47세,상해없음,보행자,남,49세,경상
2022063000100541,2022년 6월 30일 21시,목요일,충청남도 천안시 서북구 성정동,중상사고,0,1,0,0,차대사람 - 횡단중,안전운전불이행,건조,맑음,교차로 - 교차로안,승용,남,51세,상해없음,보행자,남,60세,중상
2022063000100542,2022년 6월 30일 21시,목요일,충청남도 청양군 정산면,중상사고,0,1,3,1,차대차 - 추돌,안전운전불이행,건조,맑음,교차로 - 교차로부근,승용,남,63세,상해없음,승용,여,54세,경상
2022063000100569,2022년 6월 30일 22시,목요일,충청남도 계룡시 엄사면,경상사고,0,0,1,0,차대사람 - 횡단중,안전운전불이행,젖음/습기,흐림,교차로 - 교차로안,승용,남,19세,상해없음,보행자,남,43세,경상
2022063000100570,2022년 6월 30일 22시,목요일,충청남도 홍성군 홍성읍,경상사고,0,0,1,0,차대차 - 후진중충돌,안전운전불이행,건조,맑음,단일로 - 기타,승용,남,49세,상해없음,승용,기타불명,미분류,기타불명
2022063000100603,2022년 6월 30일 23시,목요일,충청남도 천안시 서북구 성거읍,경상사고,0,0,2,0,차대차 - 추돌,안전운전불이행,건조,맑음,교차로 - 교차로부근,승용,남,33세,상해없음,승용,남,23세,경상
2022063000100604,2022년 6월 30일 23시,목요일,충청남도 아산시 송악면,중상사고,0,1,1,0,차대차 - 측면충돌,기타,건조,맑음,교차로 - 교차로안,화물,남,19세,상해없음,승용,여,58세,경상
2022063000100605,2022년 6월 30일 23시,목요일,충청남도 아산시 배방읍,경상사고,0,0,1,0,차대차 - 기타,안전운전불이행,건조,맑음,단일로 - 기타,승용,남,25세,상해없음,화물,남,56세,경상
2022070100100006,2022년 7월 1일 00시,금요일,충청남도 천안시 서북구 부대동,경상사고,0,0,1,1,차대차 - 추돌,안전운전불이행,건조,맑음,단일로 - 기타,승용,남,39세,부상신고,승용,여,49세,경상
2022070100100047,2022년 7월 1일 06시,금요일,충청남도 천안시 서북구 쌍용동,경상사고,0,0,1,0,차대차 - 측면충돌,신호위반,건조,맑음,교차로 - 교차로안,승용,남,20세,상해없음,승용,남,48세,경상
2022070100100048,2022년 7월 1일 06시,금요일,충청남도 논산시 내동,경상사고,0,0,2,0,차대차 - 측면충돌,신호위반,건조,맑음,교차로 - 교차로안,승용,남,41세,경상,승용,여,55세,경상
2022070100100070,2022년 7월 1일 07시,금요일,충청남도 서천군 서천읍,경상사고,0,0,1,0,차대사람 - 횡단중,보행자보호의무위반,건조,맑음,교차로 - 교차로안,승용,여,37세,상해없음,보행자,남,65세,경상
2022070100100146,2022년 7월 1일 09시,금요일,충청남도 아산시 염치읍,중상사고,0,2,2,0,차대차 - 추돌,안전운전불이행,건조,맑음,교차로 - 교차로부근,화물,남,53세,상해없음,화물,남,32세,중상
2022070100100185,2022년 7월 1일 10시,금요일,충청남도 논산시 가야곡면,경상사고,0,0,2,0,차대차 - 기타,안전운전불이행,건조,맑음,단일로 - 기타,화물,남,25세,기타불명,승용,남,39세,경상
2022070100100212,2022년 7월 1일 11시,금요일,충청남도 서산시 잠홍동,중상사고,0,2,0,5,차대차 - 추돌,안전거리미확보,건조,맑음,교차로 - 교차로부근,승합,남,58세,상해없음,승용,여,49세,중상
2022070100100213,2022년 7월 1일 11시,금요일,충청남도 서천군 서천읍,중상사고,0,1,1,0,차대차 - 측면충돌,안전운전불이행,건조,맑음,교차로 - 교차로안,이륜,남,76세,중상,화물,남,42세,경상
2022070100100214,2022년 7월 1일 11시,금요일,충청남도 천안시 동남구 목천읍,경상사고,0,0,1,0,차대차 - 추돌,안전운전불이행,건조,맑음,단일로 - 기타,승용,남,41세,상해없음,화물,남,56세,경상
2022070100100245,2022년 7월 1일 12시,금요일,충청남도 천안시 서북구 성성동,중상사고,0,1,2,0,차대차 - 기타,안전운전불이행,건조,맑음,단일로 - 기타,승용,여,59세,상해없음,승용,남,35세,상해없음
2022070100100246,2022년 7월 1일 12시,금요일,충청남도 논산시 강경읍,경상사고,0,0,2,0,차대차 - 후진중충돌,안전운전불이행,건조,맑음,교차로 - 교차로부근,화물,남,63세,상해없음,승용,여,54세,경상
2022070100100247,2022년 7월 1일 12시,금요일,충청남도 태안군 태안읍,경상사고,0,0,1,0,차대차 - 추돌,신호위반,건조,맑음,교차로 - 교차로안,승용,남,40세,상해없음,승용,남,30세,경상
2022070100100276,2022년 7월 1일 13시,금요일,충청남도 청양군 청남면,중상사고,0,1,0,0,차대차 - 측면충돌,직진우회전진행방해,건조,맑음,교차로 - 교차로안,승용,남,39세,상해없음,이륜,남,65세,중상
2022070100100277,2022년 7월 1일 13시,금요일,충청남도 공주시 정안면,경상사고,0,0,1,0,차대차 - 기타,안전운전불이행,건조,맑음,주차장 - 주차장,승합,남,49세,상해없음,승용,여,33세,경상
2022070100100353,2022년 7월 1일 15시,금요일,충청남도 금산군 금산읍,사망사고,1,0,0,0,차대사람 - 기타,안전운전불이행,건조,맑음,교차로 - 교차로부근,화물,남,51세,상해없음,보행자,남,76세,사망
2022070100100404,2022년 7월 1일 16시,금요일,충청남도 보령시 명천동,중상사고,0,1,1,0,차대차 - 기타,신호위반,건조,맑음,교차로 - 교차로안,승용,남,56세,경상,승용,여,47세,중상
2022070100100462,2022년 7월 1일 17시,금요일,충청남도 천안시 서북구 불당동,경상사고,0,0,1,0,차대차 - 측면충돌,안전운전불이행,건조,맑음,교차로 - 교차로부근,승용,남,21세,상해없음,승용,남,34세,경상
2022070100100463,2022년 7월 1일 17시,금요일,충청남도 천안시 서북구 쌍용동,경상사고,0,0,1,0,차대차 - 측면충돌,직진우회전진행방해,건조,맑음,교차로 - 교차로안,승용,남,29세,상해없음,이륜,남,17세,경상
2022070100100464,2022년 7월 1일 17시,금요일,충청남도 당진시 신평면,경상사고,0,0,2,0,차대차 - 추돌,안전운전불이행,건조,맑음,단일로 - 기타,승용,여,54세,상해없음,승용,여,25세,경상
2022070100100465,2022년 7월 1일 17시,금요일,충청남도 청양군 정산면,부상신고사고,0,0,0,1,차량단독 - 도로외이탈 - 기타,안전운전불이행,건조,맑음,단일로 - 기타,승용,여,23세,부상신고,,,,
2022070100100466,2022년 7월 1일 17시,금요일,충청남도 태안군 태안읍,경상사고,0,0,1,0,차대차 - 추돌,직진우회전진행방해,건조,맑음,교차로 - 교차로안,승용,남,57세,상해없음,승합,여,47세,경상
2022070100100532,2022년 7월 1일 18시,금요일,충청남도 아산시 둔포면,경상사고,0,0,3,0,차대차 - 기타,교차로운행방법위반,건조,맑음,교차로 - 교차로안,승용,여,27세,상해없음,승용,여,35세,경상
2022070100100611,2022년 7월 1일 20시,금요일,충청남도 아산시 온천동,경상사고,0,0,2,0,차대사람 - 보도통행중,기타,건조,맑음,교차로 - 교차로부근,승용,여,61세,상해없음,보행자,여,41세,경상
2022070100100612,2022년 7월 1일 20시,금요일,충청남도 천안시 동남구 북면,부상신고사고,0,0,0,1,차대사람 - 횡단중,안전운전불이행,건조,맑음,단일로 - 기타,승용,여,70세,상해없음,보행자,여,79세,부상신고
2022070100100644,2022년 7월 1일 21시,금요일,충청남도 천안시 서북구 두정동,경상사고,0,0,1,0,차대사람 - 보도통행중,기타,건조,맑음,주차장 - 주차장,승용,여,50세,상해없음,보행자,여,48세,경상
2022070100100645,2022년 7월 1일 21시,금요일,충청남도 아산시 온천동,경상사고,0,0,1,0,차대차 - 기타,교차로운행방법위반,건조,맑음,교차로 - 교차로안,승용,남,61세,상해없음,승용,여,32세,경상
2022070100100646,2022년 7월 1일 21시,금요일,충청남도 천안시 서북구 쌍용동,경상사고,0,0,1,0,차대차 - 측면충돌,안전운전불이행,건조,맑음,단일로 - 기타,이륜,남,43세,상해없음,자전거,남,15세,경상
2022070100100698,2022년 7월 1일 23시,금요일,충청남도 천안시 서북구 두정동,경상사고,0,0,2,0,차대차 - 측면충돌,안전운전불이행,건조,맑음,기타 - 기타,이륜,남,57세,경상,개인형이동수단(PM),남,19세,경상
2022070100100699,2022년 7월 1일 23시,금요일,충청남도 천안시 동남구 삼룡동,경상사고,0,0,1,0,차대차 - 추돌,안전운전불이행,건조,맑음,단일로 - 기타,승용,남,31세,상해없음,승용,남,28세,경상
2022070200100024,2022년 7월 2일 01시,토요일,충청남도 천안시 서북구 두정동,경상사고,0,0,1,0,차량단독 - 기타,안전운전불이행,건조,맑음,교차로 - 교차로안,개인형이동수단(PM),남,18세,경상,,,,
2022070200100036,2022년 7월 2일 02시,토요일,충청남도 천안시 동남구 신부동,경상사고,0,0,3,0,차대차 - 기타,안전운전불이행,건조,맑음,단일로 - 기타,승용,남,30세,상해없음,승용,남,57세,경상
2022070200100056,2022년 7월 2일 04시,토요일,충청남도 서산시 대산읍,경상사고,0,0,1,0,차대사람 - 기타,안전운전불이행,건조,맑음,교차로 - 교차로부근,승용,남,61세,상해없음,보행자,남,54세,경상
2022070200100077,2022년 7월 2일 06시,토요일,충청남도 천안시 동남구 병천면,경상사고,0,0,1,0,차량단독 - 도로외이탈 - 추락,안전운전불이행,건조,맑음,단일로 - 기타,화물,남,32세,경상,,,,
2022070200100101,2022년 7월 2일 08시,토요일,충청남도 청양군 청양읍,중상사고,0,1,0,0,차대사람 - 기타,안전운전불이행,건조,맑음,단일로 - 기타,화물,남,37세,상해없음,보행자,남,72세,중상
2022070200100102,2022년 7월 2일 08시,토요일,충청남도 청양군 청양읍,경상사고,0,0,2,0,차대차 - 추돌,안전운전불이행,건조,맑음,단일로 - 기타,승용,남,83세,상해없음,승용,남,46세,경상
2022070200100103,2022년 7월 2일 08시,토요일,충청남도 태안군 안면읍,중상사고,0,2,0,0,차대차 - 기타,교차로운행방법위반,건조,맑음,교차로 - 교차로안,이륜,남,67세,중상,승용,남,54세,상해없음
2022070200100104,2022년 7월 2일 08시,토요일,충청남도 천안시 동남구 수신면,중상사고,0,2,0,0,차대차 - 기타,안전운전불이행,건조,맑음,주차장 - 주차장,승용,남,39세,상해없음,승용,여,55세,중상
2022070200100171,2022년 7월 2일 10시,토요일,충청남도 천안시 동남구 병천면,경상사고,0,0,2,0,차대차 - 기타,안전운전불이행,건조,맑음,단일로 - 기타,승용,여,43세,상해없음,승용,남,44세,경상
2022070200100206,2022년 7월 2일 11시,토요일,충청남도 태안군 안면읍,중상사고,0,1,0,0,차대차 - 기타,안전운전불이행,건조,맑음,교차로 - 교차로안,이륜,남,74세,중상,승용,남,60세,상해없음
2022070200100244,2022년 7월 2일 12시,토요일,충청남도 공주시 사곡면,경상사고,0,0,4,0,차대차 - 후진중충돌,안전운전불이행,건조,맑음,주차장 - 주차장,화물,남,61세,기타불명,승용,남,41세,경상
2022070200100245,2022년 7월 2일 12시,토요일,충청남도 태안군 남면,경상사고,0,0,5,0,차대차 - 기타,직진우회전진행방해,건조,맑음,교차로 - 교차로안,승용,여,46세,상해없음,승합,남,50세,경상
2022070200100350,2022년 7월 2일 15시,토요일,충청남도 천안시 동남구 원성동,경상사고,0,0,2,0,차대차 - 측면충돌,신호위반,건조,맑음,교차로 - 교차로안,승용,여,62세,상해없음,승용,남,49세,경상
2022070200100422,2022년 7월 2일 17시,토요일,충청남도 아산시 배방읍,경상사고,0,0,3,0,차대차 - 추돌,안전운전불이행,건조,맑음,교차로 - 교차로부근,승용,남,46세,상해없음,승용,남,51세,경상
2022070200100423,2022년 7월 2일 17시,토요일,충청남도 부여군 양화면,중상사고,0,1,1,0,차대차 - 측면충돌,교차로운행방법위반,건조,맑음,교차로 - 교차로안,승용,남,72세,상해없음,승용,여,55세,경상
2022070200100457,2022년 7월 2일 18시,토요일,충청남도 천안시 서북구 백석동,경상사고,0,0,1,0,차대차 - 측면충돌,안전거리미확보,건조,맑음,단일로 - 기타,승용,남,62세,상해없음,승용,남,27세,경상
2022070200100458,2022년 7월 2일 18시,토요일,충청남도 아산시 신창면,경상사고,0,0,2,0,차대차 - 측면충돌,안전운전불이행,건조,맑음,교차로 - 교차로안,이륜,남,55세,경상,승용,남,59세,경상
2022070200100459,2022년 7월 2일 18시,토요일,충청남도 천안시 동남구 삼룡동,경상사고,0,0,3,0,차대차 - 측면충돌,신호위반,건조,맑음,교차로 - 교차로안,화물,남,67세,상해없음,특수,남,29세,경상
2022070200100520,2022년 7월 2일 20시,토요일,충청남도 논산시 취암동,경상사고,0,0,1,0,차대차 - 측면충돌,안전운전불이행,건조,맑음,교차로 - 교차로안,이륜,남,54세,상해없음,이륜,남,33세,경상
2022070200100521,2022년 7월 2일 20시,토요일,충청남도 천안시 동남구 봉명동,중상사고,0,1,1,0,차대사람 - 횡단중,안전운전불이행,건조,맑음,단일로 - 기타,이륜,남,73세,상해없음,보행자,여,64세,중상
2022070200100588,2022년 7월 2일 23시,토요일,충청남도 천안시 서북구 성정동,경상사고,0,0,1,0,차대차 - 기타,안전거리미확보,건조,맑음,단일로 - 기타,승용,남,26세,상해없음,원동기,남,34세,경상
2022070300100015,2022년 7월 3일 01시,일요일,충청남도 천안시 서북구 성정동,중상사고,0,4,1,0,차대차 - 측면충돌,기타,젖음/습기,흐림,단일로 - 기타,승용,여,57세,경상,승용,남,20세,중상
2022070300100016,2022년 7월 3일 01시,일요일,충청남도 천안시 서북구 쌍용동,경상사고,0,0,1,0,차대차 - 기타,안전운전불이행,건조,맑음,단일로 - 기타,승용,남,31세,상해없음,승용,남,22세,경상
2022070300100105,2022년 7월 3일 09시,일요일,충청남도 서산시 읍내동,경상사고,0,0,1,0,차대차 - 기타,안전운전불이행,건조,흐림,교차로 - 교차로안,화물,남,62세,상해없음,이륜,남,56세,경상
2022070300100127,2022년 7월 3일 10시,일요일,충청남도 서천군 비인면,경상사고,0,0,1,0,차대차 - 측면충돌,중앙선침범,건조,맑음,교차로 - 교차로안,승용,여,77세,상해없음,이륜,남,78세,경상
2022070300100147,2022년 7월 3일 11시,일요일,충청남도 보령시 신흑동,경상사고,0,0,5,0,차대차 - 측면충돌,안전운전불이행,건조,맑음,단일로 - 기타,화물,남,24세,상해없음,승용,남,61세,경상
2022070300100148,2022년 7월 3일 11시,일요일,충청남도 천안시 동남구 풍세면,경상사고,0,0,2,0,차대차 - 추돌,안전운전불이행,건조,맑음,교차로 - 교차로부근,승용,남,60세,상해없음,승용,남,44세,경상