사고번호,사고일시,요일,시군구,사고내용,사망자수,중상자수,경상자수,부상신고자수,사고유형,법규위반,노면상태,기상상태,도로형태,가해운전자 차종,가해운전자 성별,가해운전자 연령,가해운전자 상해정도,피해운전자 차종,피해운전자 성별,피해운전자 연령,피해운전자 상해정도
2022070800100467,2022년 7월 8일 18시,금요일,충청남도 천안시 서북구 와촌동,경상사고,0,0,3,0,차대차 - 추돌,안전운전불이행,건조,맑음,단일로 - 터널,승용,남,47세,상해없음,화물,남,68세,경상
2022070800100468,2022년 7월 8일 18시,금요일,충청남도 보령시 내항동,중상사고,0,1,1,0,차대차 - 정면충돌,중앙선침범,건조,맑음,단일로 - 기타,승용,남,31세,상해없음,승용,남,61세,경상
2022070800100509,2022년 7월 8일 19시,금요일,충청남도 천안시 서북구 성성동,경상사고,0,0,3,0,차대차 - 추돌,안전운전불이행,건조,맑음,단일로 - 기타,승용,남,60세,상해없음,승용,남,37세,경상
2022070800100510,2022년 7월 8일 19시,금요일,충청남도 천안시 동남구 신방동,경상사고,0,0,1,0,차대차 - 추돌,안전거리미확보,건조,맑음,교차로 - 교차로부근,승용,남,62세,상해없음,승용,여,30세,경상
2022070800100511,2022년 7월 8일 19시,금요일,충청남도 천안시 동남구 원성동,경상사고,0,0,2,0,차대차 - 측면충돌,안전운전불이행,건조,맑음,교차로 - 교차로부근,화물,남,54세,경상,승용,남,22세,경상
2022070800100572,2022년 7월 8일 21시,금요일,충청남도 천안시 서북구 쌍용동,경상사고,0,0,1,0,차대차 - 측면충돌,안전거리미확보,건조,맑음,교차로 - 교차로부근,승용,여,60세,상해없음,승용,여,24세,경상
2022070800100573,2022년 7월 8일 21시,금요일,충청남도 천안시 서북구 불당동,경상사고,0,0,2,0,차대사람 - 횡단중,보행자보호의무위반,건조,맑음,단일로 - 기타,승용,여,51세,상해없음,보행자,여,31세,경상
2022070800100574,2022년 7월 8일 21시,금요일,충청남도 아산시 배방읍,경상사고,0,0,2,0,차대차 - 추돌,안전거리미확보,건조,맑음,교차로 - 교차로안,승용,남,52세,상해없음,승용,여,57세,경상
2022070800100575,2022년 7월 8일 21시,금요일,충청남도 보령시 궁촌동,중상사고,0,1,0,0,차대차 - 측면충돌,신호위반,건조,맑음,교차로 - 교차로안,화물,남,61세,상해없음,승용,여,27세,중상
2022070800100622,2022년 7월 8일 23시,금요일,충청남도 서산시 잠홍동,경상사고,0,0,1,0,차대사람 - 기타,안전운전불이행,건조,맑음,기타 - 기타,화물,남,34세,상해없음,보행자,남,27세,경상
2022070900100009,2022년 7월 9일 00시,토요일,충청남도 천안시 서북구 직산읍,중상사고,0,1,0,0,차대차 - 측면충돌,신호위반,건조,맑음,교차로 - 교차로안,승용,남,26세,상해없음,승용,남,52세,중상
2022070900100101,2022년 7월 9일 08시,토요일,충청남도 아산시 음봉면,경상사고,0,0,1,0,차대차 - 기타,안전운전불이행,건조,맑음,기타 - 기타,승용,남,38세,상해없음,승용,여,58세,경상
2022070900100102,2022년 7월 9일 08시,토요일,충청남도 천안시 동남구 신방동,경상사고,0,0,1,0,차대사람 - 기타,안전운전불이행,건조,맑음,단일로 - 기타,화물,남,57세,상해없음,보행자,남,38세,경상
2022070900100122,2022년 7월 9일 09시,토요일,충청남도 천안시 서북구 백석동,경상사고,0,0,2,0,차대차 - 추돌,안전운전불이행,건조,맑음,교차로 - 교차로안,승용,여,68세,상해없음,승용,남,35세,경상
2022070900100152,2022년 7월 9일 10시,토요일,충청남도 아산시 둔포면,경상사고,0,0,1,0,차대차 - 측면충돌,기타,건조,맑음,교차로 - 교차로안,승용,여,38세,상해없음,승용,남,67세,경상
2022070900100182,2022년 7월 9일 11시,토요일,충청남도 천안시 서북구 직산읍,경상사고,0,0,1,0,차대사람 - 횡단중,신호위반,건조,맑음,교차로 - 교차로횡단보도내,이륜,남,21세,상해없음,보행자,남,27세,경상
2022070900100208,2022년 7월 9일 12시,토요일,충청남도 서산시 동문동,중상사고,0,1,0,0,차대차 - 측면충돌,안전운전불이행,건조,맑음,교차로 - 교차로안,승용,남,75세,상해없음,이륜,남,60세,중상
2022070900100209,2022년 7월 9일 12시,토요일,충청남도 논산시 내동,경상사고,0,0,3,0,차대차 - 정면충돌,안전운전불이행,건조,맑음,교차로 - 교차로부근,승용,남,22세,상해없음,승용,남,33세,경상
2022070900100251,2022년 7월 9일 13시,토요일,충청남도 서산시 성연면,중상사고,0,1,0,0,차대차 - 측면충돌,신호위반,건조,맑음,교차로 - 교차로안,건설기계,남,60세,상해없음,승용,남,31세,중상
2022070900100252,2022년 7월 9일 13시,토요일,충청남도 서산시 음암면,경상사고,0,0,3,0,차대차 - 추돌,안전운전불이행,건조,맑음,교차로 - 교차로부근,승용,남,49세,상해없음,승용,여,40세,경상
2022070900100253,2022년 7월 9일 13시,토요일,충청남도 부여군 부여읍,경상사고,0,0,1,0,차대사람 - 기타,안전운전불이행,건조,맑음,교차로 - 교차로부근,승용,남,58세,상해없음,보행자,여,79세,경상
2022070900100333,2022년 7월 9일 15시,토요일,충청남도 예산군 덕산면,경상사고,0,0,1,0,차대차 - 기타,안전운전불이행,건조,맑음,단일로 - 기타,기타불명,기타불명,미분류,기타불명,자전거,남,55세,경상
2022070900100403,2022년 7월 9일 17시,토요일,충청남도 서천군 마산면,사망사고,1,0,0,0,차대사람 - 기타,안전운전불이행,건조,맑음,교차로 - 교차로부근,승용,남,62세,상해없음,보행자,남,85세,사망
2022070900100444,2022년 7월 9일 18시,토요일,충청남도 천안시 서북구 성정동,경상사고,0,0,1,0,차대차 - 측면충돌,직진우회전진행방해,건조,맑음,교차로 - 교차로안,승용,남,52세,상해없음,원동기,남,27세,경상
2022070900100445,2022년 7월 9일 18시,토요일,충청남도 청양군 청양읍,경상사고,0,0,1,0,차량단독 - 전도전복 - 전도,안전운전불이행,건조,맑음,단일로 - 기타,원동기,남,82세,경상,,,,
2022070900100471,2022년 7월 9일 19시,토요일,충청남도 천안시 서북구 성정동,경상사고,0,0,2,0,차대차 - 추돌,안전운전불이행,건조,맑음,교차로 - 교차로안,승용,남,34세,상해없음,승용,남,45세,경상
2022070900100472,2022년 7월 9일 19시,토요일,충청남도 태안군 소원면,경상사고,0,0,2,0,차대차 - 측면충돌,안전운전불이행,건조,맑음,단일로 - 기타,화물,여,71세,상해없음,승용,남,25세,경상
2022070900100473,2022년 7월 9일 19시,토요일,충청남도 천안시 동남구 목천읍,경상사고,0,0,8,0,차대차 - 측면충돌,안전운전불이행,건조,맑음,단일로 - 기타,승용,남,20세,상해없음,승용,남,41세,경상
2022070900100497,2022년 7월 9일 20시,토요일,충청남도 천안시 동남구 신방동,중상사고,0,1,0,0,차대차 - 측면충돌,중앙선침범,건조,맑음,단일로 - 기타,승용,남,28세,기타불명,이륜,남,32세,중상
2022070900100520,2022년 7월 9일 21시,토요일,충청남도 천안시 동남구 사직동,경상사고,0,0,1,0,차대차 - 측면충돌,교차로운행방법위반,건조,맑음,교차로 - 교차로안,승용,남,64세,상해없음,승용,여,37세,경상
2022070900100554,2022년 7월 9일 22시,토요일,충청남도 논산시 취암동,경상사고,0,0,2,0,차대사람 - 차도통행중,안전운전불이행,건조,맑음,단일로 - 기타,이륜,남,38세,상해없음,보행자,남,57세,경상
2022070900100555,2022년 7월 9일 22시,토요일,충청남도 논산시 강경읍,경상사고,0,0,1,0,차대차 - 측면충돌,안전운전불이행,건조,맑음,단일로 - 기타,승용,남,47세,상해없음,승용,여,40세,경상
2022070900100574,2022년 7월 9일 23시,토요일,충청남도 계룡시 엄사면,경상사고,0,0,1,0,차대차 - 추돌,안전운전불이행,건조,맑음,교차로 - 교차로부근,승용,남,42세,상해없음,승용,남,42세,경상
2022071000100011,2022년 7월 10일 00시,일요일,충청남도 천안시 서북구 성정동,중상사고,0,1,0,0,차대차 - 측면충돌,안전운전불이행,건조,맑음,단일로 - 기타,승용,남,34세,상해없음,개인형이동수단(PM),남,42세,중상
2022071000100036,2022년 7월 10일 02시,일요일,충청남도 천안시 동남구 삼룡동,경상사고,0,0,2,0,차대차 - 기타,안전운전불이행,건조,맑음,교차로 - 교차로부근,승용,남,45세,경상,승용,남,66세,경상
2022071000100049,2022년 7월 10일 03시,일요일,충청남도 예산군 삽교읍,경상사고,0,0,1,0,차량단독 - 공작물충돌,안전운전불이행,건조,맑음,단일로 - 기타,승용,남,42세,경상,,,,
2022071000100066,2022년 7월 10일 05시,일요일,충청남도 천안시 서북구 불당동,경상사고,0,0,1,0,차대차 - 정면충돌,중앙선침범,건조,맑음,단일로 - 기타,승용,남,24세,상해없음,승용,남,64세,경상
2022071000100123,2022년 7월 10일 10시,일요일,충청남도 논산시 연무읍,경상사고,0,0,2,0,차대차 - 기타,교차로운행방법위반,건조,맑음,교차로 - 교차로안,화물,남,55세,상해없음,승용,남,59세,경상
2022071000100124,2022년 7월 10일 10시,일요일,충청남도 보령시 천북면,경상사고,0,0,2,0,차대차 - 측면충돌,안전운전불이행,건조,맑음,단일로 - 기타,승용,남,21세,상해없음,승용,여,54세,경상
2022071000100150,2022년 7월 10일 11시,일요일,충청남도 서산시 동문동,경상사고,0,0,2,0,차대차 - 측면충돌,직진우회전진행방해,건조,맑음,교차로 - 교차로안,승용,여,60세,상해없음,승용,남,39세,경상
2022071000100178,2022년 7월 10일 12시,일요일,충청남도 천안시 서북구 성환읍,중상사고,0,2,0,0,차대차 - 기타,안전운전불이행,건조,맑음,기타 - 기타,승용,여,58세,상해없음,승용,남,50세,중상
2022071000100179,2022년 7월 10일 12시,일요일,충청남도 당진시 송악읍,경상사고,0,0,1,0,차대차 - 추돌,안전운전불이행,건조,맑음,단일로 - 기타,승용,남,29세,상해없음,승용,남,32세,경상
2022071000100205,2022년 7월 10일 13시,일요일,충청남도 당진시 정미면,경상사고,0,0,2,0,차대차 - 측면충돌,교차로운행방법위반,건조,맑음,교차로 - 교차로안,승용,여,73세,상해없음,승용,여,51세,경상
2022071000100206,2022년 7월 10일 13시,일요일,충청남도 천안시 동남구 사직동,경상사고,0,0,1,0,차대사람 - 기타,안전운전불이행,건조,맑음,교차로 - 교차로횡단보도내,화물,남,41세,상해없음,보행자,남,67세,경상
2022071000100231,2022년 7월 10일 14시,일요일,충청남도 천안시 동남구 성황동,경상사고,0,0,1,0,차대차 - 기타,안전운전불이행,건조,맑음,단일로 - 기타,승용,여,31세,상해없음,이륜,남,37세,경상
2022071000100232,2022년 7월 10일 14시,일요일,충청남도 천안시 동남구 수신면,경상사고,0,0,5,0,차대차 - 추돌,안전운전불이행,건조,맑음,단일로 - 기타,승용,남,25세,상해없음,승용,남,59세,경상
2022071000100266,2022년 7월 10일 15시,일요일,충청남도 서산시 예천동,경상사고,0,0,2,0,차대차 - 측면충돌,안전거리미확보,건조,맑음,단일로 - 기타,승용,남,46세,상해없음,승용,남,55세,경상
2022071000100267,2022년 7월 10일 15시,일요일,충청남도 아산시 배방읍,경상사고,0,0,2,0,차대차 - 추돌,안전운전불이행,건조,맑음,교차로 - 교차로부근,화물,남,56세,상해없음,승용,남,40세,경상
2022071000100268,2022년 7월 10일 15시,일요일,충청남도 서천군 장항읍,경상사고,0,0,2,0,차대차 - 측면충돌,직진우회전진행방해,건조,맑음,교차로 - 교차로안,승용,남,38세,상해없음,승용,여,39세,경상
2022071000100269,2022년 7월 10일 15시,일요일,충청남도 태안군 근흥면,중상사고,0,1,0,0,차대사람 - 차도통행중,안전운전불이행,건조,맑음,단일로 - 기타,화물,남,52세,상해없음,보행자,여,84세,중상
2022071000100270,2022년 7월 10일 15시,일요일,충청남도 당진시 송악읍,경상사고,0,0,4,0,차대차 - 추돌,기타,건조,맑음,단일로 - 기타,승용,남,59세,상해없음,승용,남,57세,경상
2022071000100293,2022년 7월 10일 16시,일요일,충청남도 아산시 배방읍,경상사고,0,0,1,0,차대차 - 추돌,보행자보호의무위반,건조,맑음,교차로 - 교차로횡단보도내,승용,남,36세,상해없음,자전거,남,7세,경상
2022071000100294,2022년 7월 10일 16시,일요일,충청남도 천안시 동남구 신방동,경상사고,0,0,1,0,차대차 - 추돌,신호위반,건조,맑음,교차로 - 교차로안,승용,여,57세,상해없음,승용,남,29세,경상
2022071000100377,2022년 7월 10일 20시,일요일,충청남도 아산시 배방읍,경상사고,0,0,2,0,차대차 - 추돌,안전운전불이행,젖음/습기,비,단일로 - 기타,승용,여,67세,상해없음,승용,남,27세,경상
2022071000100378,2022년 7월 10일 20시,일요일,충청남도 천안시 동남구 신방동,중상사고,0,1,0,0,차대차 - 기타,안전운전불이행,건조,맑음,교차로 - 교차로안,자전거,남,17세,중상,이륜,남,65세,상해없음
2022071000100401,2022년 7월 10일 21시,일요일,충청남도 천안시 동남구 신방동,중상사고,0,1,0,0,차대차 - 측면충돌,기타,건조,맑음,교차로 - 교차로안,승용,남,61세,상해없음,이륜,남,29세,중상
2022071000100437,2022년 7월 10일 23시,일요일,충청남도 태안군 태안읍,중상사고,0,2,0,0,차대사람 - 횡단중,보행자보호의무위반,건조,맑음,단일로 - 기타,승용,남,21세,상해없음,보행자,남,33세,중상
2022071100100017,2022년 7월 11일 02시,월요일,충청남도 아산시 풍기동,경상사고,0,0,1,0,차대차 - 추돌,중앙선침범,젖음/습기,비,교차로 - 교차로부근,승용,남,20세,상해없음,승용,남,30세,경상
2022071100100053,2022년 7월 11일 07시,월요일,충청남도 논산시 채운면,경상사고,0,0,1,0,차대차 - 측면충돌,신호위반,젖음/습기,비,교차로 - 교차로안,화물,남,20세,상해없음,승용,여,73세,경상
2022071100100054,2022년 7월 11일 07시,월요일,충청남도 아산시 풍기동,경상사고,0,0,1,0,차대차 - 추돌,안전운전불이행,건조,맑음,교차로 - 교차로부근,승용,남,80세,상해없음,화물,남,42세,경상
2022071100100055,2022년 7월 11일 07시,월요일,충청남도 태안군 근흥면,경상사고,0,0,1,0,차대차 - 정면충돌,안전운전불이행,건조,맑음,단일로 - 기타,기타불명,남,59세,상해없음,승용,남,29세,경상
2022071100100093,2022년 7월 11일 08시,월요일,충청남도 천안시 서북구 두정동,경상사고,0,0,1,0,차대사람 - 횡단중,안전운전불이행,건조,맑음,교차로 - 교차로횡단보도내,승용,여,56세,상해없음,보행자,여,9세,경상
2022071100100094,2022년 7월 11일 08시,월요일,충청남도 아산시 탕정면,경상사고,0,0,1,0,차대사람 - 횡단중,보행자보호의무위반,젖음/습기,비,기타 - 기타,승용,남,62세,상해없음,보행자,여,36세,경상
2022071100100095,2022년 7월 11일 08시,월요일,충청남도 천안시 동남구 영성동,경상사고,0,0,1,0,차대차 - 측면충돌,안전거리미확보,건조,맑음,단일로 - 기타,승용,여,41세,상해없음,이륜,남,29세,경상
2022071100100133,2022년 7월 11일 09시,월요일,충청남도 천안시 서북구 백석동,경상사고,0,0,3,0,차대차 - 측면충돌,직진우회전진행방해,젖음/습기,비,교차로 - 교차로횡단보도내,승용,여,50세,상해없음,승용,남,60세,경상
2022071100100134,2022년 7월 11일 09시,월요일,충청남도 아산시 모종동,경상사고,0,0,3,0,차대차 - 측면충돌,교차로운행방법위반,젖음/습기,비,교차로 - 교차로안,화물,남,49세,경상,승용,여,43세,경상
2022071100100199,2022년 7월 11일 11시,월요일,충청남도 천안시 동남구 대흥동,중상사고,0,1,0,0,차량단독 - 전도전복 - 전도,안전운전불이행,건조,맑음,교차로 - 교차로부근,승합,남,54세,상해없음,,,,
2022071100100243,2022년 7월 11일 12시,월요일,충청남도 서산시 대산읍,부상신고사고,0,0,0,1,차대차 - 기타,안전운전불이행,건조,맑음,단일로 - 기타,이륜,남,70세,부상신고,승합,남,36세,상해없음
2022071100100244,2022년 7월 11일 12시,월요일,충청남도 천안시 서북구 두정동,경상사고,0,0,1,0,차대차 - 측면충돌,신호위반,젖음/습기,흐림,교차로 - 교차로안,승용,남,33세,상해없음,이륜,남,34세,경상
2022071100100246,2022년 7월 11일 12시,월요일,충청남도 천안시 동남구 대흥동,경상사고,0,0,2,0,차대차 - 기타,중앙선침범,건조,맑음,단일로 - 기타,승용,여,59세,상해없음,승용,여,55세,경상
2022071100100291,2022년 7월 11일 13시,월요일,충청남도 천안시 서북구 직산읍,경상사고,0,0,1,0,차대차 - 기타,안전운전불이행,건조,맑음,단일로 - 기타,화물,남,62세,상해없음,이륜,남,71세,경상
2022071100100319,2022년 7월 11일 14시,월요일,충청남도 공주시 의당면,경상사고,0,0,1,0,차대차 - 측면충돌,안전운전불이행,건조,맑음,교차로 - 교차로안,승용,남,22세,상해없음,승용,여,32세,경상
2022071100100357,2022년 7월 11일 15시,월요일,충청남도 아산시 둔포면,경상사고,0,0,1,0,차대차 - 기타,신호위반,건조,맑음,교차로 - 교차로안,승용,여,60세,상해없음,승용,남,57세,경상
2022071100100391,2022년 7월 11일 16시,월요일,충청남도 아산시 배방읍,경상사고,0,0,1,0,차대차 - 측면충돌,안전운전불이행,건조,맑음,단일로 - 기타,승용,남,62세,상해없음,자전거,남,11세,경상
2022071100100392,2022년 7월 11일 16시,월요일,충청남도 아산시 풍기동,경상사고,0,0,1,0,차대차 - 기타,신호위반,건조,맑음,단일로 - 기타,승용,남,50세,상해없음,승용,남,32세,경상
2022071100100432,2022년 7월 11일 17시,월요일,충청남도 천안시 동남구 삼룡동,경상사고,0,0,3,0,차대차 - 추돌,안전운전불이행,건조,맑음,교차로 - 교차로부근,승용,여,45세,상해없음,승용,남,59세,경상
2022071100100433,2022년 7월 11일 17시,월요일,충청남도 천안시 동남구 사직동,경상사고,0,0,1,0,차대사람 - 길가장자리구역통행중,안전운전불이행,건조,맑음,단일로 - 지하차도(도로)내,승용,여,56세,상해없음,보행자,여,55세,경상
2022071100100494,2022년 7월 11일 18시,월요일,충청남도 논산시 대교동,경상사고,0,0,2,0,차대차 - 측면충돌,안전거리미확보,건조,맑음,단일로 - 기타,승용,남,64세,상해없음,승용,남,48세,경상
2022071100100495,2022년 7월 11일 18시,월요일,충청남도 보령시 대천동,경상사고,0,0,1,0,차대차 - 추돌,안전운전불이행,건조,맑음,단일로 - 기타,승용,여,49세,상해없음,승용,남,59세,경상
2022071100100588,2022년 7월 11일 22시,월요일,충청남도 천안시 서북구 쌍용동,경상사고,0,0,2,0,차대차 - 추돌,안전운전불이행,건조,맑음,교차로 - 교차로부근,승용,여,49세,상해없음,승용,여,37세,경상
2022071100100589,2022년 7월 11일 22시,월요일,충청남도 천안시 동남구 신방동,중상사고,0,2,0,0,차대차 - 측면충돌,안전운전불이행,건조,맑음,교차로 - 교차로부근,승용,남,47세,상해없음,승용,남,54세,중상
2022071100100607,2022년 7월 11일 23시,월요일,충청남도 아산시 온천동,경상사고,0,0,1,0,차대사람 - 횡단중,보행자보호의무위반,건조,흐림,교차로 - 교차로안,승용,남,51세,상해없음,보행자,남,45세,경상
2022071200100035,2022년 7월 12일 05시,화요일,충청남도 서산시 동문동,중상사고,0,1,0,0,차량단독 - 공작물충돌,안전운전불이행,건조,맑음,교차로 - 교차로부근,이륜,남,66세,중상,,,,
2022071200100089,2022년 7월 12일 08시,화요일,충청남도 천안시 서북구 불당동,경상사고,0,0,1,0,차대차 - 추돌,안전운전불이행,건조,맑음,단일로 - 기타,승용,여,36세,상해없음,화물,남,42세,경상
2022071200100090,2022년 7월 12일 08시,화요일,충청남도 논산시 부적면,경상사고,0,0,2,0,차대차 - 추돌,안전운전불이행,건조,맑음,기타 - 기타,승용,남,51세,상해없음,승용,남,33세,경상
2022071200100091,2022년 7월 12일 08시,화요일,충청남도 공주시 우성면,중상사고,0,1,0,0,차대차 - 측면충돌,안전운전불이행,건조,맑음,단일로 - 기타,승용,여,31세,상해없음,이륜,남,22세,중상
2022071200100132,2022년 7월 12일 09시,화요일,충청남도 천안시 동남구 청수동,경상사고,0,0,1,0,차대차 - 정면충돌,안전운전불이행,건조,맑음,교차로 - 교차로안,화물,남,32세,상해없음,승용,남,31세,경상
2022071200100151,2022년 7월 12일 10시,화요일,충청남도 천안시 동남구 원성동,중상사고,0,1,0,0,차대차 - 기타,안전거리미확보,건조,맑음,단일로 - 기타,원동기,남,66세,중상,승용,여,40세,상해없음
2022071200100203,2022년 7월 12일 12시,화요일,충청남도 서산시 동문동,경상사고,0,0,2,0,차대사람 - 횡단중,보행자보호의무위반,건조,흐림,교차로 - 교차로횡단보도내,승용,여,42세,기타불명,보행자,여,45세,경상
2022071200100204,2022년 7월 12일 12시,화요일,충청남도 부여군 부여읍,중상사고,0,1,0,0,차대차 - 후진중충돌,안전운전불이행,건조,맑음,교차로 - 교차로부근,승용,여,52세,상해없음,이륜,남,80세,중상
2022071200100229,2022년 7월 12일 13시,화요일,충청남도 서산시 석림동,중상사고,0,1,0,0,차대사람 - 길가장자리구역통행중,안전운전불이행,건조,흐림,단일로 - 기타,승용,여,65세,상해없음,보행자,여,45세,중상
2022071200100257,2022년 7월 12일 14시,화요일,충청남도 보령시 남포면,사망사고,1,0,0,0,차대사람 - 횡단중,기타,건조,맑음,단일로 - 기타,승합,남,66세,상해없음,보행자,남,75세,사망
2022071200100293,2022년 7월 12일 15시,화요일,충청남도 천안시 동남구 청당동,경상사고,0,0,1,0,차대차 - 측면충돌,안전운전불이행,건조,맑음,단일로 - 기타,자전거,남,11세,기타불명,자전거,남,7세,경상
2022071200100321,2022년 7월 12일 16시,화요일,충청남도 천안시 서북구 입장면,중상사고,0,1,0,0,차대차 - 추돌,안전운전불이행,건조,맑음,교차로 - 교차로부근,화물,남,62세,상해없음,이륜,남,34세,중상
2022071200100322,2022년 7월 12일 16시,화요일,충청남도 아산시 온천동,경상사고,0,0,1,0,차대사람 - 길가장자리구역통행중,안전운전불이행,건조,맑음,기타 - 기타,승용,여,31세,상해없음,보행자,남,18세,경상
2022071200100360,2022년 7월 12일 17시,화요일,충청남도 천안시 서북구 두정동,경상사고,0,0,1,0,차대차 - 측면충돌,안전운전불이행,건조,맑음,교차로 - 교차로부근,자전거,남,29세,경상,승용,남,31세,상해없음
2022071200100361,2022년 7월 12일 17시,화요일,충청남도 천안시 서북구 불당동,경상사고,0,0,1,0,차대차 - 기타,안전운전불이행,건조,맑음,기타 - 기타,승용,여,54세,상해없음,승용,여,38세,경상
2022071200100362,2022년 7월 12일 17시,화요일,충청남도 천안시 동남구 삼룡동,경상사고,0,0,1,0,차대차 - 추돌,안전거리미확보,건조,맑음,단일로 - 기타,화물,남,42세,상해없음,승용,남,54세,경상
2022071200100403,2022년 7월 12일 18시,화요일,충청남도 부여군 충화면,경상사고,0,0,1,0,차량단독 - 기타,안전운전불이행,건조,맑음,단일로 - 기타,원동기,남,68세,경상,,,,
2022071200100404,2022년 7월 12일 18시,화요일,충청남도 천안시 동남구 구성동,중상사고,0,1,0,0,차대차 - 추돌,안전운전불이행,건조,맑음,단일로 - 기타,승용,남,63세,상해없음,승용,남,45세,중상
2022071200100478,2022년 7월 12일 21시,화요일,충청남도 천안시 서북구 직산읍,중상사고,0,1,2,0,차대차 - 기타,신호위반,건조,맑음,교차로 - 교차로안,승용,여,70세,상해없음,승용,남,64세,경상
2022071200100517,2022년 7월 12일 23시,화요일,충청남도 천안시 서북구 불당동,경상사고,0,0,1,0,차대차 - 기타,안전운전불이행,건조,맑음,단일로 - 기타,이륜,남,21세,상해없음,자전거,남,15세,경상
2022071200100518,2022년 7월 12일 23시,화요일,충청남도 홍성군 홍북읍,중상사고,0,1,3,0,차대차 - 측면충돌,신호위반,건조,맑음,교차로 - 교차로안,승용,남,60세,상해없음,승용,남,58세,경상
2022071300100016,2022년 7월 13일 01시,수요일,충청남도 공주시 신관동,경상사고,0,0,1,0,차대차 - 정면충돌,교차로운행방법위반,건조,맑음,교차로 - 교차로안,승용,남,19세,상해없음,개인형이동수단(PM),남,20세,경상
2022071300100044,2022년 7월 13일 06시,수요일,충청남도 아산시 풍기동,경상사고,0,0,1,0,차대차 - 측면충돌,안전운전불이행,건조,맑음,기타 - 기타,승합,남,69세,상해없음,승용,남,37세,경상
2022071300100090,2022년 7월 13일 08시,수요일,충청남도 서산시 해미면,경상사고,0,0,1,0,차대차 - 기타,안전운전불이행,젖음/습기,비,교차로 - 교차로안,승용,남,77세,상해없음,승용,여,32세,경상
2022071300100091,2022년 7월 13일 08시,수요일,충청남도 서산시 석남동,경상사고,0,0,1,0,차대사람 - 기타,안전운전불이행,젖음/습기,비,기타 - 기타,화물,남,70세,상해없음,보행자,여,70세,경상
2022071300100092,2022년 7월 13일 08시,수요일,충청남도 아산시 배방읍,경상사고,0,0,2,0,차대차 - 기타,안전운전불이행,건조,맑음,기타 - 기타,승용,여,57세,경상,승용,남,41세,경상
2022071300100175,2022년 7월 13일 11시,수요일,충청남도 서산시 해미면,중상사고,0,1,0,0,차대사람 - 횡단중,안전운전불이행,건조,맑음,교차로 - 교차로부근,화물,남,72세,상해없음,보행자,여,84세,중상
2022071300100176,2022년 7월 13일 11시,수요일,충청남도 천안시 서북구 성환읍,경상사고,0,0,1,0,차대차 - 기타,신호위반,젖음/습기,비,교차로 - 교차로안,승용,남,41세,상해없음,화물,남,33세,경상
2022071300100177,2022년 7월 13일 11시,수요일,충청남도 천안시 서북구 성정동,경상사고,0,0,2,0,차대차 - 측면충돌,직진우회전진행방해,건조,맑음,교차로 - 교차로안,승용,여,28세,상해없음,승용,남,51세,경상
2022071300100178,2022년 7월 13일 11시,수요일,충청남도 천안시 서북구 성정동,경상사고,0,0,1,0,차대차 - 기타,신호위반,젖음/습기,비,교차로 - 교차로안,승용,여,35세,상해없음,이륜,남,27세,경상
2022071300100203,2022년 7월 13일 12시,수요일,충청남도 서산시 석림동,경상사고,0,0,1,0,차대차 - 측면충돌,안전운전불이행,젖음/습기,비,교차로 - 교차로안,승용,남,51세,상해없음,승용,여,56세,경상
2022071300100204,2022년 7월 13일 12시,수요일,충청남도 공주시 신관동,경상사고,0,0,1,0,차대차 - 추돌,안전운전불이행,젖음/습기,비,교차로 - 교차로안,승용,남,62세,상해없음,승용,여,72세,경상
2022071300100205,2022년 7월 13일 12시,수요일,충청남도 당진시 합덕읍,경상사고,0,0,2,0,차대차 - 측면충돌,교차로운행방법위반,젖음/습기,비,교차로 - 교차로안,승용,남,65세,경상,승용,여,52세,경상
2022071300100233,2022년 7월 13일 13시,수요일,충청남도 논산시 광석면,중상사고,0,1,0,0,차대차 - 정면충돌,중앙선침범,젖음/습기,비,단일로 - 기타,화물,남,73세,상해없음,화물,남,56세,중상
2022071300100234,2022년 7월 13일 13시,수요일,충청남도 홍성군 구항면,경상사고,0,0,1,0,차대차 - 측면충돌,안전운전불이행,젖음/습기,비,교차로 - 교차로안,화물,남,79세,상해없음,승용,남,48세,경상
2022071300100235,2022년 7월 13일 13시,수요일,충청남도 예산군 삽교읍,경상사고,0,0,2,0,차대차 - 측면충돌,중앙선침범,젖음/습기,비,단일로 - 기타,승용,여,69세,상해없음,승용,남,80세,경상
2022071300100294,2022년 7월 13일 15시,수요일,충청남도 홍성군 홍성읍,중상사고,0,1,0,0,차대사람 - 횡단중,안전운전불이행,건조,맑음,교차로 - 교차로안,화물,여,49세,상해없음,보행자,남,74세,중상
2022071300100295,2022년 7월 13일 15시,수요일,충청남도 공주시 신관동,경상사고,0,0,2,0,차대차 - 측면충돌,중앙선침범,젖음/습기,비,교차로 - 교차로부근,승용,남,64세,상해없음,승용,남,49세,경상
2022071300100333,2022년 7월 13일 16시,수요일,충청남도 계룡시 엄사면,중상사고,0,1,2,0,차대차 - 기타,안전운전불이행,젖음/습기,비,교차로 - 교차로안,승합,남,71세,중상,승용,남,43세,경상