사고번호,사고일시,요일,시군구,사고내용,사망자수,중상자수,경상자수,부상신고자수,사고유형,법규위반,노면상태,기상상태,도로형태,가해운전자 차종,가해운전자 성별,가해운전자 연령,가해운전자 상해정도,피해운전자 차종,피해운전자 성별,피해운전자 연령,피해운전자 상해정도
2022071300100334,2022년 7월 13일 16시,수요일,충청남도 아산시 모종동,경상사고,0,0,3,0,차대차 - 추돌,안전운전불이행,젖음/습기,비,기타 - 기타,화물,남,64세,상해없음,화물,남,41세,경상
2022071300100378,2022년 7월 13일 17시,수요일,충청남도 당진시 수청동,경상사고,0,0,1,0,차대차 - 측면충돌,신호위반,젖음/습기,비,교차로 - 교차로안,승용,남,61세,상해없음,승용,남,24세,경상
2022071300100420,2022년 7월 13일 18시,수요일,충청남도 아산시 염치읍,경상사고,0,0,2,0,차대차 - 추돌,안전운전불이행,건조,맑음,교차로 - 교차로부근,승용,여,45세,상해없음,승용,남,47세,경상
2022071300100465,2022년 7월 13일 19시,수요일,충청남도 논산시 내동,중상사고,0,1,0,0,차대사람 - 횡단중,신호위반,젖음/습기,흐림,교차로 - 교차로안,이륜,남,25세,상해없음,보행자,여,14세,중상
2022071300100466,2022년 7월 13일 19시,수요일,충청남도 아산시 염치읍,중상사고,0,1,1,0,차대차 - 정면충돌,신호위반,건조,흐림,교차로 - 교차로안,승용,남,23세,상해없음,승합,남,52세,경상
2022071300100491,2022년 7월 13일 20시,수요일,충청남도 천안시 서북구 백석동,경상사고,0,0,1,0,차대차 - 기타,안전거리미확보,건조,맑음,기타 - 기타,승용,여,61세,상해없음,승용,남,59세,경상
2022071300100492,2022년 7월 13일 20시,수요일,충청남도 홍성군 홍성읍,경상사고,0,0,1,0,차대차 - 측면충돌,신호위반,젖음/습기,흐림,교차로 - 교차로안,화물,남,49세,상해없음,화물,남,60세,경상
2022071300100493,2022년 7월 13일 20시,수요일,충청남도 아산시 배방읍,경상사고,0,0,1,0,차대차 - 기타,안전거리미확보,젖음/습기,비,단일로 - 기타,승용,여,28세,상해없음,승용,여,49세,경상
2022071300100546,2022년 7월 13일 22시,수요일,충청남도 아산시 배방읍,중상사고,0,1,0,0,차대사람 - 횡단중,기타,젖음/습기,비,교차로 - 교차로안,승용,여,48세,상해없음,보행자,여,21세,중상
2022071300100547,2022년 7월 13일 22시,수요일,충청남도 천안시 동남구 목천읍,중상사고,0,1,0,0,차대사람 - 기타,안전운전불이행,젖음/습기,흐림,단일로 - 기타,승용,남,70세,상해없음,보행자,남,45세,중상
2022071300100548,2022년 7월 13일 22시,수요일,충청남도 천안시 동남구 신방동,중상사고,0,2,0,0,차대사람 - 횡단중,기타,젖음/습기,비,단일로 - 기타,승용,남,23세,상해없음,보행자,남,41세,중상
2022071300100567,2022년 7월 13일 23시,수요일,충청남도 서산시 수석동,중상사고,0,1,1,0,차대차 - 기타,안전거리미확보,젖음/습기,비,기타 - 기타,승용,여,42세,상해없음,승용,남,26세,중상
2022071400100015,2022년 7월 14일 00시,목요일,충청남도 천안시 서북구 백석동,경상사고,0,0,2,0,차대차 - 기타,중앙선침범,젖음/습기,맑음,단일로 - 기타,승용,남,29세,상해없음,승용,남,52세,경상
2022071400100038,2022년 7월 14일 03시,목요일,충청남도 천안시 동남구 광덕면,경상사고,0,0,1,0,차량단독 - 공작물충돌,안전운전불이행,젖음/습기,비,교차로 - 교차로안,승용,남,38세,경상,,,,
2022071400100080,2022년 7월 14일 07시,목요일,충청남도 서산시 예천동,중상사고,0,1,0,0,차대사람 - 횡단중,안전운전불이행,건조,맑음,교차로 - 교차로횡단보도내,승용,여,62세,상해없음,보행자,여,13세,중상
2022071400100081,2022년 7월 14일 07시,목요일,충청남도 서산시 성연면,중상사고,0,1,2,0,차대차 - 기타,신호위반,젖음/습기,흐림,교차로 - 교차로안,화물,남,62세,상해없음,승합,남,57세,경상
2022071400100082,2022년 7월 14일 07시,목요일,충청남도 천안시 서북구 쌍용동,경상사고,0,0,2,0,차대차 - 추돌,안전운전불이행,젖음/습기,흐림,단일로 - 기타,승용,여,55세,상해없음,화물,남,25세,경상
2022071400100083,2022년 7월 14일 07시,목요일,충청남도 천안시 서북구 성정동,부상신고사고,0,0,0,1,차대차 - 측면충돌,안전운전불이행,건조,맑음,교차로 - 교차로부근,승용,여,40세,상해없음,승용,남,27세,부상신고
2022071400100114,2022년 7월 14일 08시,목요일,충청남도 천안시 서북구 백석동,경상사고,0,0,1,0,차대차 - 측면충돌,안전거리미확보,젖음/습기,비,단일로 - 기타,승용,남,56세,상해없음,이륜,남,52세,경상
2022071400100115,2022년 7월 14일 08시,목요일,충청남도 서천군 장항읍,경상사고,0,0,1,0,차대차 - 측면충돌,안전운전불이행,건조,맑음,단일로 - 기타,화물,남,33세,상해없음,승용,남,25세,경상
2022071400100155,2022년 7월 14일 09시,목요일,충청남도 천안시 서북구 쌍용동,중상사고,0,1,1,0,차대차 - 추돌,안전운전불이행,건조,맑음,단일로 - 기타,승용,남,51세,상해없음,원동기,남,36세,중상
2022071400100156,2022년 7월 14일 09시,목요일,충청남도 천안시 서북구 성환읍,경상사고,0,0,1,0,차대사람 - 횡단중,안전운전불이행,건조,흐림,기타 - 기타,승합,남,77세,상해없음,보행자,남,22세,경상
2022071400100197,2022년 7월 14일 10시,목요일,충청남도 아산시 풍기동,중상사고,0,1,0,0,차대차 - 기타,안전운전불이행,건조,맑음,교차로 - 교차로안,승합,남,24세,상해없음,승용,남,66세,중상
2022071400100198,2022년 7월 14일 10시,목요일,충청남도 보령시 대천동,경상사고,0,0,2,0,차대차 - 추돌,안전운전불이행,건조,맑음,교차로 - 교차로부근,승용,여,47세,상해없음,승용,여,42세,경상
2022071400100222,2022년 7월 14일 11시,목요일,충청남도 보령시 동대동,중상사고,0,1,0,0,차대차 - 기타,안전운전불이행,건조,맑음,교차로 - 교차로부근,승용,남,85세,상해없음,이륜,남,41세,중상
2022071400100312,2022년 7월 14일 14시,목요일,충청남도 계룡시 신도안면,경상사고,0,0,1,0,차대차 - 측면충돌,안전운전불이행,건조,맑음,교차로 - 교차로안,승용,여,51세,기타불명,승용,남,49세,경상
2022071400100313,2022년 7월 14일 14시,목요일,충청남도 청양군 목면,경상사고,0,0,1,0,차량단독 - 도로외이탈 - 기타,안전운전불이행,건조,맑음,단일로 - 기타,화물,남,61세,경상,,,,
2022071400100314,2022년 7월 14일 14시,목요일,충청남도 천안시 동남구 신방동,경상사고,0,0,1,0,차대차 - 측면충돌,중앙선침범,건조,맑음,단일로 - 기타,승용,남,67세,상해없음,승용,여,39세,경상
2022071400100355,2022년 7월 14일 15시,목요일,충청남도 아산시 배방읍,경상사고,0,0,1,0,차대차 - 추돌,신호위반,건조,맑음,교차로 - 교차로안,승용,남,75세,상해없음,이륜,남,32세,경상
2022071400100396,2022년 7월 14일 16시,목요일,충청남도 천안시 서북구 두정동,경상사고,0,0,1,0,차대사람 - 횡단중,안전운전불이행,건조,맑음,교차로 - 교차로부근,원동기,남,25세,상해없음,보행자,남,29세,경상
2022071400100397,2022년 7월 14일 16시,목요일,충청남도 천안시 서북구 성정동,경상사고,0,0,1,0,차대차 - 기타,신호위반,건조,맑음,교차로 - 교차로부근,승용,여,44세,상해없음,승용,남,53세,경상
2022071400100398,2022년 7월 14일 16시,목요일,충청남도 아산시 온천동,중상사고,0,1,0,0,차대사람 - 기타,안전운전불이행,건조,맑음,단일로 - 기타,승용,여,40세,상해없음,보행자,여,85세,중상
2022071400100445,2022년 7월 14일 17시,목요일,충청남도 공주시 중학동,경상사고,0,0,1,0,차대차 - 기타,안전운전불이행,건조,맑음,단일로 - 기타,승용,남,23세,상해없음,승용,여,42세,경상
2022071400100446,2022년 7월 14일 17시,목요일,충청남도 천안시 동남구 신방동,경상사고,0,0,1,0,차대차 - 기타,안전운전불이행,건조,맑음,교차로 - 교차로안,승용,남,36세,상해없음,이륜,남,26세,경상
2022071400100491,2022년 7월 14일 18시,목요일,충청남도 천안시 서북구 차암동,경상사고,0,0,1,0,차대차 - 측면충돌,신호위반,건조,맑음,교차로 - 교차로부근,이륜,남,24세,상해없음,승용,남,24세,경상
2022071400100492,2022년 7월 14일 18시,목요일,충청남도 천안시 서북구 성정동,경상사고,0,0,1,0,차대차 - 기타,신호위반,건조,맑음,교차로 - 교차로안,승용,남,24세,상해없음,이륜,남,31세,경상
2022071400100493,2022년 7월 14일 18시,목요일,충청남도 천안시 서북구 직산읍,중상사고,0,1,0,0,차대사람 - 기타,안전운전불이행,건조,맑음,교차로 - 교차로부근,승용,남,53세,상해없음,보행자,남,76세,중상
2022071400100529,2022년 7월 14일 19시,목요일,충청남도 아산시 염치읍,경상사고,0,0,1,0,차대차 - 기타,안전운전불이행,건조,맑음,단일로 - 기타,승용,여,54세,상해없음,자전거,남,34세,경상
2022071400100530,2022년 7월 14일 19시,목요일,충청남도 보령시 천북면,중상사고,0,1,0,0,차대차 - 측면충돌,기타,건조,맑음,교차로 - 교차로안,화물,남,79세,상해없음,이륜,남,54세,중상
2022071400100571,2022년 7월 14일 20시,목요일,충청남도 천안시 서북구 불당동,경상사고,0,0,1,0,차대차 - 측면충돌,불법유턴,건조,맑음,교차로 - 교차로부근,개인형이동수단(PM),남,24세,상해없음,이륜,남,59세,경상
2022071400100572,2022년 7월 14일 20시,목요일,충청남도 아산시 둔포면,경상사고,0,0,1,0,차대차 - 기타,안전운전불이행,건조,맑음,기타 - 기타,승용,남,29세,상해없음,승용,여,44세,경상
2022071400100573,2022년 7월 14일 20시,목요일,충청남도 보령시 대천동,중상사고,0,1,0,0,차대사람 - 횡단중,보행자보호의무위반,건조,맑음,교차로 - 교차로안,화물,남,62세,상해없음,보행자,남,57세,중상
2022071400100574,2022년 7월 14일 20시,목요일,충청남도 예산군 오가면,경상사고,0,0,1,0,차대차 - 측면충돌,신호위반,건조,맑음,교차로 - 교차로안,승용,남,21세,상해없음,화물,남,55세,경상
2022071400100627,2022년 7월 14일 22시,목요일,충청남도 천안시 서북구 성정동,경상사고,0,0,1,0,차대차 - 측면충돌,안전거리미확보,건조,맑음,단일로 - 기타,승합,남,31세,상해없음,이륜,남,25세,경상
2022071500100019,2022년 7월 15일 01시,금요일,충청남도 아산시 탕정면,경상사고,0,0,3,0,차대차 - 추돌,안전운전불이행,건조,맑음,교차로 - 교차로부근,승합,남,40세,상해없음,승용,남,22세,경상
2022071500100082,2022년 7월 15일 08시,금요일,충청남도 천안시 서북구 직산읍,경상사고,0,0,1,0,차대차 - 측면충돌,안전운전불이행,건조,맑음,교차로 - 교차로부근,승용,남,46세,상해없음,승용,남,39세,경상
2022071500100083,2022년 7월 15일 08시,금요일,충청남도 천안시 동남구 신방동,경상사고,0,0,1,0,차대차 - 기타,안전거리미확보,건조,맑음,교차로 - 교차로부근,승용,남,37세,상해없음,승용,남,52세,경상
2022071500100155,2022년 7월 15일 10시,금요일,충청남도 천안시 서북구 두정동,부상신고사고,0,0,0,1,차대차 - 기타,안전운전불이행,건조,맑음,교차로 - 교차로안,개인형이동수단(PM),남,17세,부상신고,승용,여,35세,상해없음
2022071500100156,2022년 7월 15일 10시,금요일,충청남도 공주시 신관동,중상사고,0,1,1,0,차대차 - 측면충돌,직진우회전진행방해,건조,맑음,교차로 - 교차로안,승용,여,45세,중상,승용,남,75세,경상
2022071500100157,2022년 7월 15일 10시,금요일,충청남도 예산군 삽교읍,중상사고,0,1,0,0,차대차 - 추돌,안전거리미확보,건조,맑음,교차로 - 교차로부근,건설기계,남,62세,상해없음,화물,남,72세,중상
2022071500100220,2022년 7월 15일 12시,금요일,충청남도 서천군 마서면,경상사고,0,0,2,0,차대차 - 측면충돌,안전거리미확보,건조,맑음,단일로 - 기타,승용,남,48세,상해없음,승용,여,66세,경상
2022071500100253,2022년 7월 15일 13시,금요일,충청남도 천안시 동남구 신부동,경상사고,0,0,2,0,차대차 - 추돌,안전운전불이행,건조,맑음,기타 - 기타,승용,남,56세,상해없음,승용,남,56세,경상
2022071500100292,2022년 7월 15일 14시,금요일,충청남도 예산군 예산읍,중상사고,0,2,1,0,차대차 - 측면충돌,중앙선침범,건조,맑음,단일로 - 기타,이륜,남,86세,경상,화물,남,38세,중상
2022071500100315,2022년 7월 15일 15시,금요일,충청남도 서산시 예천동,부상신고사고,0,0,0,1,차대차 - 기타,안전운전불이행,건조,맑음,교차로 - 교차로안,승용,남,22세,상해없음,이륜,남,26세,부상신고
2022071500100317,2022년 7월 15일 15시,금요일,충청남도 천안시 서북구 직산읍,경상사고,0,0,1,0,차대차 - 추돌,안전거리미확보,건조,맑음,교차로 - 교차로부근,승용,남,21세,상해없음,승용,남,37세,경상
2022071500100318,2022년 7월 15일 15시,금요일,충청남도 아산시 선장면,중상사고,0,1,0,1,차량단독 - 공작물충돌,안전운전불이행,건조,맑음,단일로 - 기타,승용,남,68세,부상신고,,,,
2022071500100319,2022년 7월 15일 15시,금요일,충청남도 예산군 덕산면,경상사고,0,0,1,0,차대사람 - 기타,안전운전불이행,건조,맑음,기타 - 기타,승용,여,71세,상해없음,보행자,여,49세,경상
2022071500100320,2022년 7월 15일 15시,금요일,충청남도 당진시 시곡동,중상사고,0,2,1,0,차대차 - 추돌,안전운전불이행,건조,흐림,단일로 - 기타,특수,남,26세,경상,승용,남,44세,중상
2022071500100363,2022년 7월 15일 16시,금요일,충청남도 당진시 송악읍,경상사고,0,0,1,0,차대차 - 측면충돌,안전운전불이행,건조,맑음,단일로 - 기타,승용,남,53세,상해없음,승용,남,63세,경상
2022071500100409,2022년 7월 15일 17시,금요일,충청남도 아산시 모종동,경상사고,0,0,1,0,차대차 - 기타,안전운전불이행,건조,맑음,교차로 - 교차로안,이륜,남,18세,경상,승용,남,41세,기타불명
2022071500100410,2022년 7월 15일 17시,금요일,충청남도 천안시 동남구 청당동,경상사고,0,0,2,0,차대차 - 기타,안전거리미확보,건조,맑음,교차로 - 교차로부근,화물,남,55세,상해없음,화물,남,57세,상해없음
2022071500100475,2022년 7월 15일 18시,금요일,충청남도 서산시 고북면,사망사고,1,0,0,0,차량단독 - 전도전복 - 전도,안전운전불이행,건조,맑음,기타 - 기타,농기계,남,82세,사망,,,,
2022071500100476,2022년 7월 15일 18시,금요일,충청남도 아산시 영인면,경상사고,0,0,1,0,차대차 - 측면충돌,안전운전불이행,건조,맑음,교차로 - 교차로부근,화물,남,48세,상해없음,승용,남,47세,경상
2022071500100519,2022년 7월 15일 19시,금요일,충청남도 아산시 장존동,경상사고,0,0,1,0,차대차 - 기타,안전운전불이행,건조,맑음,단일로 - 기타,승용,남,62세,상해없음,승용,여,26세,경상
2022071500100555,2022년 7월 15일 20시,금요일,충청남도 아산시 배방읍,경상사고,0,0,1,0,차대사람 - 기타,안전운전불이행,건조,흐림,단일로 - 기타,승용,남,49세,상해없음,보행자,여,9세,경상
2022071500100591,2022년 7월 15일 21시,금요일,충청남도 천안시 서북구 성정동,중상사고,0,1,0,0,차대사람 - 횡단중,안전운전불이행,건조,맑음,교차로 - 교차로안,승용,남,36세,상해없음,보행자,남,51세,중상
2022071500100626,2022년 7월 15일 22시,금요일,충청남도 아산시 배방읍,경상사고,0,0,1,0,차대차 - 기타,안전운전불이행,건조,맑음,단일로 - 기타,승용,남,39세,상해없음,승용,남,34세,경상
2022071500100648,2022년 7월 15일 23시,금요일,충청남도 부여군 부여읍,경상사고,0,0,2,0,차대차 - 기타,안전운전불이행,건조,맑음,기타 - 기타,승용,남,55세,상해없음,승용,여,29세,경상
2022071600100008,2022년 7월 16일 00시,토요일,충청남도 천안시 서북구 성정동,경상사고,0,0,4,0,차대차 - 추돌,안전운전불이행,건조,맑음,교차로 - 교차로부근,승용,남,30세,상해없음,원동기,남,58세,경상
2022071600100009,2022년 7월 16일 00시,토요일,충청남도 천안시 서북구 두정동,경상사고,0,0,1,0,차대사람 - 기타,안전운전불이행,건조,맑음,교차로 - 교차로부근,승용,남,26세,상해없음,보행자,남,18세,경상
2022071600100045,2022년 7월 16일 03시,토요일,충청남도 공주시 신관동,경상사고,0,0,1,0,차량단독 - 공작물충돌,안전운전불이행,건조,맑음,단일로 - 기타,승용,남,16세,상해없음,,,,
2022071600100046,2022년 7월 16일 03시,토요일,충청남도 당진시 읍내동,경상사고,0,0,2,0,차대차 - 추돌,안전운전불이행,건조,맑음,교차로 - 교차로안,승용,남,24세,상해없음,승용,남,57세,경상
2022071600100057,2022년 7월 16일 04시,토요일,충청남도 아산시 용화동,경상사고,0,0,2,0,차대차 - 측면충돌,안전운전불이행,건조,맑음,단일로 - 기타,승용,남,24세,경상,승용,남,38세,경상
2022071600100058,2022년 7월 16일 04시,토요일,충청남도 천안시 동남구 광덕면,경상사고,0,0,1,0,차대차 - 추돌,안전운전불이행,건조,맑음,단일로 - 교량,화물,남,53세,상해없음,화물,남,65세,경상
2022071600100066,2022년 7월 16일 06시,토요일,충청남도 공주시 금흥동,경상사고,0,0,2,0,차대차 - 측면충돌,교차로운행방법위반,건조,맑음,교차로 - 교차로안,승용,남,21세,상해없음,승용,여,43세,경상
2022071600100207,2022년 7월 16일 12시,토요일,충청남도 논산시 부적면,중상사고,0,1,0,0,차대차 - 측면충돌,안전운전불이행,건조,맑음,교차로 - 교차로횡단보도내,승용,남,43세,상해없음,이륜,남,57세,중상
2022071600100237,2022년 7월 16일 13시,토요일,충청남도 천안시 서북구 백석동,사망사고,1,0,1,0,차대차 - 기타,신호위반,건조,맑음,교차로 - 교차로안,이륜,남,57세,사망,승용,남,29세,경상
2022071600100238,2022년 7월 16일 13시,토요일,충청남도 천안시 동남구 목천읍,경상사고,0,0,1,0,차대차 - 기타,안전거리미확보,건조,맑음,단일로 - 기타,승용,여,52세,상해없음,승용,남,33세,경상
2022071600100352,2022년 7월 16일 16시,토요일,충청남도 태안군 태안읍,경상사고,0,0,2,0,차대차 - 기타,중앙선침범,건조,맑음,교차로 - 교차로안,승용,여,51세,상해없음,승용,여,30세,경상
2022071600100420,2022년 7월 16일 18시,토요일,충청남도 천안시 동남구 병천면,경상사고,0,0,1,0,차대차 - 측면충돌,안전운전불이행,건조,맑음,단일로 - 기타,이륜,남,31세,경상,승용,여,60세,상해없음
2022071600100451,2022년 7월 16일 19시,토요일,충청남도 천안시 서북구 쌍용동,경상사고,0,0,2,0,차대차 - 측면충돌,교차로운행방법위반,건조,맑음,교차로 - 교차로안,승용,남,25세,상해없음,승용,남,54세,경상
2022071600100480,2022년 7월 16일 20시,토요일,충청남도 아산시 배방읍,중상사고,0,1,4,0,차대차 - 측면충돌,신호위반,건조,맑음,교차로 - 교차로안,승용,여,36세,상해없음,승용,여,35세,경상
2022071600100520,2022년 7월 16일 22시,토요일,충청남도 서산시 예천동,중상사고,0,1,1,0,차대차 - 측면충돌,교차로운행방법위반,건조,맑음,교차로 - 교차로안,승용,여,32세,상해없음,이륜,남,34세,중상
2022071700100005,2022년 7월 17일 00시,일요일,충청남도 논산시 내동,경상사고,0,0,2,0,차대차 - 정면충돌,안전운전불이행,건조,맑음,교차로 - 교차로안,승용,남,42세,상해없음,승용,남,47세,경상
2022071700100006,2022년 7월 17일 00시,일요일,충청남도 공주시 정안면,경상사고,0,0,1,0,차대차 - 측면충돌,중앙선침범,건조,흐림,단일로 - 기타,승용,남,60세,상해없음,승용,남,33세,상해없음
2022071700100030,2022년 7월 17일 02시,일요일,충청남도 홍성군 홍북읍,중상사고,0,1,0,0,차량단독 - 전도전복 - 전도,안전운전불이행,건조,맑음,교차로 - 교차로부근,원동기,남,16세,상해없음,,,,
2022071700100057,2022년 7월 17일 06시,일요일,충청남도 서천군 서천읍,중상사고,0,1,1,0,차대사람 - 기타,안전운전불이행,건조,맑음,교차로 - 교차로안,승용,남,75세,상해없음,보행자,여,70세,경상
2022071700100125,2022년 7월 17일 11시,일요일,충청남도 아산시 용화동,중상사고,0,1,0,0,차대차 - 기타,안전운전불이행,건조,맑음,교차로 - 교차로부근,개인형이동수단(PM),남,45세,중상,승용,여,28세,상해없음
2022071700100183,2022년 7월 17일 13시,일요일,충청남도 서산시 예천동,경상사고,0,0,1,0,차대차 - 기타,안전운전불이행,건조,맑음,교차로 - 교차로부근,승용,여,31세,상해없음,이륜,남,42세,경상
2022071700100184,2022년 7월 17일 13시,일요일,충청남도 보령시 신흑동,경상사고,0,0,1,0,차대사람 - 기타,안전운전불이행,건조,맑음,교차로 - 교차로부근,이륜,남,30세,상해없음,보행자,남,69세,경상
2022071700100185,2022년 7월 17일 13시,일요일,충청남도 논산시 연무읍,사망사고,1,1,0,0,차량단독 - 전도전복 - 전복,안전운전불이행,건조,맑음,기타 - 기타,승용,여,47세,중상,,,,
2022071700100211,2022년 7월 17일 14시,일요일,충청남도 공주시 신관동,중상사고,0,1,0,0,차대차 - 측면충돌,안전운전불이행,건조,맑음,단일로 - 기타,이륜,남,20세,상해없음,이륜,남,29세,중상
2022071700100237,2022년 7월 17일 15시,일요일,충청남도 청양군 대치면,경상사고,0,0,4,0,차대차 - 추돌,안전운전불이행,건조,맑음,단일로 - 기타,화물,남,62세,상해없음,승용,남,30세,경상
2022071700100238,2022년 7월 17일 15시,일요일,충청남도 천안시 동남구 청수동,경상사고,0,0,1,0,차대차 - 측면충돌,안전운전불이행,건조,맑음,단일로 - 기타,승용,남,65세,상해없음,승용,남,56세,경상
2022071700100267,2022년 7월 17일 16시,일요일,충청남도 예산군 예산읍,경상사고,0,0,1,0,차대차 - 기타,교차로운행방법위반,건조,맑음,교차로 - 교차로안,승용,남,58세,상해없음,이륜,남,30세,경상
2022071700100268,2022년 7월 17일 16시,일요일,충청남도 천안시 동남구 사직동,경상사고,0,0,2,0,차대사람 - 차도통행중,안전운전불이행,건조,맑음,단일로 - 기타,승용,남,45세,상해없음,보행자,남,59세,경상
2022071700100303,2022년 7월 17일 17시,일요일,충청남도 천안시 서북구 성정동,경상사고,0,0,1,0,차대차 - 기타,안전거리미확보,건조,맑음,단일로 - 기타,승용,남,36세,상해없음,원동기,남,23세,경상
2022071700100304,2022년 7월 17일 17시,일요일,충청남도 아산시 배방읍,경상사고,0,0,1,0,차대차 - 기타,신호위반,건조,맑음,교차로 - 교차로안,이륜,남,18세,상해없음,승용,여,24세,경상
2022071700100331,2022년 7월 17일 18시,일요일,충청남도 천안시 서북구 쌍용동,경상사고,0,0,1,0,차대차 - 후진중충돌,안전운전불이행,건조,맑음,교차로 - 교차로부근,승용,남,34세,상해없음,원동기,남,32세,경상
2022071700100332,2022년 7월 17일 18시,일요일,충청남도 아산시 풍기동,경상사고,0,0,1,0,차대사람 - 기타,안전운전불이행,건조,맑음,단일로 - 기타,개인형이동수단(PM),남,64세,상해없음,보행자,남,58세,경상
2022071700100387,2022년 7월 17일 20시,일요일,충청남도 아산시 권곡동,중상사고,0,1,0,0,차대차 - 정면충돌,신호위반,건조,흐림,교차로 - 교차로안,승합,남,72세,상해없음,승용,여,59세,중상
2022071700100414,2022년 7월 17일 21시,일요일,충청남도 서산시 동문동,중상사고,0,2,0,0,차대사람 - 횡단중,보행자보호의무위반,건조,맑음,교차로 - 교차로횡단보도내,승용,남,22세,상해없음,보행자,여,58세,중상
2022071700100415,2022년 7월 17일 21시,일요일,충청남도 홍성군 갈산면,경상사고,0,0,1,0,차대차 - 추돌,안전운전불이행,건조,맑음,교차로 - 교차로안,화물,남,40세,상해없음,화물,남,41세,경상
2022071800100030,2022년 7월 18일 04시,월요일,충청남도 부여군 석성면,중상사고,0,1,0,0,차대차 - 추돌,안전운전불이행,젖음/습기,비,단일로 - 기타,화물,남,70세,상해없음,화물,남,66세,중상
2022071800100037,2022년 7월 18일 05시,월요일,충청남도 천안시 서북구 두정동,경상사고,0,0,1,0,차대사람 - 기타,보행자보호의무위반,건조,맑음,단일로 - 기타,승용,남,49세,상해없음,보행자,여,34세,경상
2022071800100096,2022년 7월 18일 08시,월요일,충청남도 서산시 석림동,경상사고,0,0,1,0,차대차 - 추돌,안전거리미확보,젖음/습기,비,교차로 - 교차로부근,승용,남,53세,상해없음,승용,남,56세,경상
2022071800100097,2022년 7월 18일 08시,월요일,충청남도 보령시 오천면,중상사고,0,1,0,0,차대차 - 기타,신호위반,건조,맑음,단일로 - 기타,승용,여,65세,상해없음,이륜,남,77세,중상
2022071800100098,2022년 7월 18일 08시,월요일,충청남도 예산군 예산읍,경상사고,0,0,3,0,차대차 - 추돌,안전운전불이행,젖음/습기,비,교차로 - 교차로안,화물,남,36세,상해없음,승용,남,53세,경상
2022071800100099,2022년 7월 18일 08시,월요일,충청남도 당진시 읍내동,경상사고,0,0,1,0,차대사람 - 보도통행중,보행자보호의무위반,건조,맑음,교차로 - 교차로횡단보도내,승용,여,54세,기타불명,보행자,남,16세,경상
2022071800100138,2022년 7월 18일 09시,월요일,충청남도 홍성군 갈산면,중상사고,0,1,0,0,차대차 - 추돌,안전운전불이행,젖음/습기,비,단일로 - 기타,화물,남,27세,상해없음,승용,남,68세,중상
2022071800100173,2022년 7월 18일 10시,월요일,충청남도 예산군 예산읍,경상사고,0,0,1,0,차대차 - 측면충돌,교차로운행방법위반,젖음/습기,비,교차로 - 교차로안,승용,남,79세,상해없음,승용,여,34세,경상
2022071800100275,2022년 7월 18일 13시,월요일,충청남도 천안시 서북구 성환읍,경상사고,0,0,2,0,차대차 - 측면충돌,안전운전불이행,건조,맑음,교차로 - 교차로횡단보도내,화물,남,31세,상해없음,화물,남,46세,경상
2022071800100276,2022년 7월 18일 13시,월요일,충청남도 보령시 신흑동,경상사고,0,0,4,0,차대차 - 측면충돌,직진우회전진행방해,젖음/습기,흐림,교차로 - 교차로안,승용,남,49세,상해없음,승용,여,53세,경상
2022071800100277,2022년 7월 18일 13시,월요일,충청남도 천안시 동남구 삼룡동,경상사고,0,0,1,0,차대차 - 추돌,안전운전불이행,건조,맑음,단일로 - 기타,승용,여,36세,상해없음,승합,남,32세,경상
2022071800100278,2022년 7월 18일 13시,월요일,충청남도 천안시 서북구 성거읍,경상사고,0,0,1,0,차대차 - 기타,안전거리미확보,건조,맑음,단일로 - 기타,승용,남,59세,상해없음,승용,남,60세,경상
2022071800100312,2022년 7월 18일 14시,월요일,충청남도 논산시 취암동,중상사고,0,1,0,0,차대사람 - 횡단중,안전운전불이행,젖음/습기,비,교차로 - 교차로횡단보도내,승용,여,39세,상해없음,보행자,여,77세,중상
2022071800100313,2022년 7월 18일 14시,월요일,충청남도 공주시 계룡면,중상사고,0,2,0,0,차대차 - 기타,교차로운행방법위반,젖음/습기,비,교차로 - 교차로안,승용,남,65세,상해없음,화물,남,60세,중상
2022071800100340,2022년 7월 18일 15시,월요일,충청남도 서산시 부석면,경상사고,0,0,4,0,차대차 - 정면충돌,중앙선침범,건조,맑음,단일로 - 기타,화물,남,73세,상해없음,승용,남,41세,경상
2022071800100341,2022년 7월 18일 15시,월요일,충청남도 서천군 서천읍,경상사고,0,0,1,0,차대차 - 측면충돌,중앙선침범,건조,맑음,단일로 - 기타,승용,남,79세,상해없음,이륜,남,80세,경상
2022071800100342,2022년 7월 18일 15시,월요일,충청남도 보령시 요암동,경상사고,0,0,1,0,차대차 - 추돌,안전운전불이행,젖음/습기,비,교차로 - 교차로부근,이륜,남,43세,경상,승용,여,58세,상해없음
2022071800100343,2022년 7월 18일 15시,월요일,충청남도 보령시 궁촌동,경상사고,0,0,1,0,차대차 - 추돌,안전운전불이행,젖음/습기,비,단일로 - 기타,화물,남,61세,상해없음,승용,여,39세,경상
2022071800100344,2022년 7월 18일 15시,월요일,충청남도 공주시 유구읍,경상사고,0,0,1,0,차대차 - 측면충돌,교차로운행방법위반,건조,맑음,교차로 - 교차로안,원동기,남,75세,경상,승용,여,43세,상해없음