사고번호,사고일시,요일,시군구,사고내용,사망자수,중상자수,경상자수,부상신고자수,사고유형,법규위반,노면상태,기상상태,도로형태,가해운전자 차종,가해운전자 성별,가해운전자 연령,가해운전자 상해정도,피해운전자 차종,피해운전자 성별,피해운전자 연령,피해운전자 상해정도
2022071800100345,2022년 7월 18일 15시,월요일,충청남도 공주시 송선동,경상사고,0,0,1,0,차대차 - 측면충돌,안전운전불이행,젖음/습기,맑음,교차로 - 교차로안,승합,남,66세,상해없음,승용,여,64세,경상
2022071800100376,2022년 7월 18일 16시,월요일,충청남도 청양군 정산면,중상사고,0,1,0,0,차대차 - 측면충돌,기타,젖음/습기,비,교차로 - 교차로안,승용,여,67세,상해없음,이륜,남,67세,중상
2022071800100408,2022년 7월 18일 17시,월요일,충청남도 천안시 서북구 성정동,중상사고,0,1,0,0,차대사람 - 횡단중,안전운전불이행,건조,맑음,교차로 - 교차로부근,이륜,남,16세,상해없음,보행자,남,52세,중상
2022071800100409,2022년 7월 18일 17시,월요일,충청남도 천안시 서북구 부대동,경상사고,0,0,1,0,차대사람 - 기타,안전운전불이행,건조,맑음,단일로 - 기타,승합,남,42세,상해없음,보행자,여,71세,경상
2022071800100410,2022년 7월 18일 17시,월요일,충청남도 홍성군 홍성읍,경상사고,0,0,1,0,차대차 - 측면충돌,교차로운행방법위반,건조,맑음,교차로 - 교차로안,승용,여,48세,상해없음,승용,여,62세,경상
2022071800100411,2022년 7월 18일 17시,월요일,충청남도 아산시 배방읍,중상사고,0,1,0,0,차대차 - 기타,신호위반,건조,맑음,기타 - 기타,승합,남,61세,상해없음,승용,남,25세,중상
2022071800100412,2022년 7월 18일 17시,월요일,충청남도 공주시 신관동,경상사고,0,0,1,0,차대차 - 기타,기타,젖음/습기,비,단일로 - 교량,승용,남,38세,상해없음,승용,남,54세,경상
2022071800100451,2022년 7월 18일 18시,월요일,충청남도 아산시 염치읍,중상사고,0,1,1,0,차량단독 - 공작물충돌,기타,건조,맑음,교차로 - 교차로부근,특수,남,29세,상해없음,,,,
2022071800100452,2022년 7월 18일 18시,월요일,충청남도 아산시 남동,경상사고,0,0,1,0,차대차 - 기타,안전운전불이행,건조,맑음,단일로 - 기타,승용,남,24세,상해없음,승용,남,34세,상해없음
2022071800100517,2022년 7월 18일 20시,월요일,충청남도 논산시 부창동,경상사고,0,0,2,0,차대차 - 정면충돌,중앙선침범,젖음/습기,비,교차로 - 교차로부근,승용,남,52세,상해없음,승용,여,43세,경상
2022071800100518,2022년 7월 18일 20시,월요일,충청남도 아산시 온천동,경상사고,0,0,1,0,차대사람 - 보도통행중,안전운전불이행,건조,맑음,단일로 - 기타,기타불명,기타불명,미분류,기타불명,보행자,남,15세,경상
2022071800100543,2022년 7월 18일 21시,월요일,충청남도 천안시 서북구 성정동,경상사고,0,0,2,0,차대차 - 측면충돌,안전운전불이행,건조,맑음,교차로 - 교차로안,승용,남,53세,상해없음,승용,여,29세,경상
2022071800100544,2022년 7월 18일 21시,월요일,충청남도 서산시 해미면,경상사고,0,0,3,0,차대차 - 기타,안전운전불이행,건조,맑음,단일로 - 기타,특수,남,62세,상해없음,승합,남,53세,경상
2022071800100590,2022년 7월 18일 23시,월요일,충청남도 아산시 배방읍,경상사고,0,0,1,0,차대차 - 추돌,안전운전불이행,건조,맑음,단일로 - 기타,승용,남,28세,상해없음,승용,남,40세,경상
2022071900100024,2022년 7월 19일 02시,화요일,충청남도 천안시 서북구 성정동,경상사고,0,0,1,0,차대차 - 기타,신호위반,건조,맑음,단일로 - 기타,이륜,남,45세,경상,승용,남,16세,상해없음
2022071900100064,2022년 7월 19일 07시,화요일,충청남도 보령시 청라면,경상사고,0,0,2,0,차량단독 - 공작물충돌,안전운전불이행,건조,맑음,단일로 - 기타,승용,남,84세,경상,,,,
2022071900100065,2022년 7월 19일 07시,화요일,충청남도 부여군 임천면,중상사고,0,1,0,0,차량단독 - 도로외이탈 - 추락,안전운전불이행,건조,맑음,단일로 - 기타,승용,남,31세,중상,,,,
2022071900100066,2022년 7월 19일 07시,화요일,충청남도 천안시 동남구 동면,부상신고사고,0,0,0,1,차대차 - 측면충돌,안전운전불이행,건조,맑음,교차로 - 교차로안,농기계,남,77세,부상신고,화물,남,74세,상해없음
2022071900100098,2022년 7월 19일 08시,화요일,충청남도 천안시 동남구 목천읍,경상사고,0,0,3,0,차대차 - 추돌,안전운전불이행,건조,맑음,단일로 - 기타,승용,여,29세,경상,승용,여,49세,경상
2022071900100099,2022년 7월 19일 08시,화요일,충청남도 태안군 태안읍,중상사고,0,1,0,0,차대차 - 기타,안전운전불이행,건조,맑음,교차로 - 교차로안,승용,여,48세,상해없음,이륜,남,74세,중상
2022071900100131,2022년 7월 19일 09시,화요일,충청남도 아산시 실옥동,경상사고,0,0,1,0,차대차 - 기타,신호위반,건조,맑음,교차로 - 교차로안,화물,남,61세,상해없음,승용,여,53세,경상
2022071900100166,2022년 7월 19일 10시,화요일,충청남도 아산시 모종동,경상사고,0,0,2,0,차대차 - 추돌,안전운전불이행,건조,맑음,단일로 - 기타,승용,남,59세,상해없음,승용,남,66세,경상
2022071900100167,2022년 7월 19일 10시,화요일,충청남도 보령시 오천면,경상사고,0,0,1,0,차대사람 - 기타,안전운전불이행,건조,맑음,단일로 - 기타,승용,남,73세,상해없음,보행자,여,63세,경상
2022071900100193,2022년 7월 19일 11시,화요일,충청남도 보령시 대천동,경상사고,0,0,1,0,차대차 - 측면충돌,안전운전불이행,건조,맑음,단일로 - 기타,이륜,남,35세,상해없음,자전거,남,89세,경상
2022071900100218,2022년 7월 19일 12시,화요일,충청남도 아산시 권곡동,경상사고,0,0,2,0,차대차 - 측면충돌,안전운전불이행,건조,맑음,교차로 - 교차로부근,승용,여,53세,상해없음,승용,남,25세,경상
2022071900100219,2022년 7월 19일 12시,화요일,충청남도 아산시 배방읍,중상사고,0,1,0,0,차대차 - 기타,신호위반,건조,맑음,교차로 - 교차로안,이륜,남,49세,중상,승용,남,35세,상해없음
2022071900100220,2022년 7월 19일 12시,화요일,충청남도 예산군 예산읍,경상사고,0,0,1,0,차대차 - 측면충돌,차로위반,건조,맑음,단일로 - 기타,화물,남,59세,상해없음,화물,남,50세,경상
2022071900100221,2022년 7월 19일 12시,화요일,충청남도 천안시 동남구 풍세면,경상사고,0,0,1,0,차대차 - 기타,차로위반,건조,맑음,단일로 - 기타,화물,남,39세,상해없음,승용,여,60세,경상
2022071900100252,2022년 7월 19일 13시,화요일,충청남도 아산시 배방읍,경상사고,0,0,2,0,차대차 - 측면충돌,안전운전불이행,건조,맑음,교차로 - 교차로부근,승용,여,55세,상해없음,승용,남,42세,경상
2022071900100279,2022년 7월 19일 14시,화요일,충청남도 당진시 면천면,경상사고,0,0,1,0,차대차 - 측면충돌,신호위반,건조,맑음,교차로 - 교차로안,승용,여,40세,상해없음,승용,남,40세,경상
2022071900100315,2022년 7월 19일 15시,화요일,충청남도 청양군 정산면,경상사고,0,0,1,0,차대차 - 후진중충돌,안전운전불이행,건조,맑음,단일로 - 기타,화물,남,39세,상해없음,원동기,남,74세,경상
2022071900100389,2022년 7월 19일 17시,화요일,충청남도 아산시 탕정면,경상사고,0,0,1,0,차대차 - 기타,안전운전불이행,건조,맑음,단일로 - 기타,건설기계,남,68세,상해없음,승용,남,34세,경상
2022071900100390,2022년 7월 19일 17시,화요일,충청남도 보령시 동대동,중상사고,0,1,0,0,차대차 - 측면충돌,안전운전불이행,건조,맑음,교차로 - 교차로안,승용,남,38세,상해없음,이륜,남,32세,중상
2022071900100430,2022년 7월 19일 18시,화요일,충청남도 천안시 서북구 성정동,중상사고,0,1,0,0,차대차 - 기타,안전거리미확보,건조,맑음,단일로 - 기타,승용,남,25세,상해없음,이륜,남,55세,중상
2022071900100431,2022년 7월 19일 18시,화요일,충청남도 홍성군 홍북읍,중상사고,0,1,0,0,차대차 - 측면충돌,안전운전불이행,건조,맑음,교차로 - 교차로안,승용,남,27세,상해없음,승용,남,29세,중상
2022071900100432,2022년 7월 19일 18시,화요일,충청남도 아산시 온천동,경상사고,0,0,2,0,차대차 - 측면충돌,신호위반,건조,맑음,교차로 - 교차로안,승용,남,58세,상해없음,승용,남,65세,경상
2022071900100433,2022년 7월 19일 18시,화요일,충청남도 아산시 권곡동,경상사고,0,0,2,0,차대차 - 추돌,안전운전불이행,건조,맑음,교차로 - 교차로부근,승용,여,27세,상해없음,승용,여,39세,경상
2022071900100468,2022년 7월 19일 19시,화요일,충청남도 천안시 서북구 두정동,중상사고,0,1,0,0,차대사람 - 횡단중,보행자보호의무위반,건조,맑음,교차로 - 교차로안,승용,남,30세,상해없음,보행자,여,9세,중상
2022071900100572,2022년 7월 19일 23시,화요일,충청남도 천안시 동남구 신부동,중상사고,0,1,0,0,차대사람 - 보도통행중,안전운전불이행,건조,맑음,교차로 - 교차로횡단보도내,승용,남,38세,상해없음,보행자,남,47세,중상
2022072000100011,2022년 7월 20일 00시,수요일,충청남도 천안시 서북구 두정동,경상사고,0,0,2,0,차대사람 - 횡단중,안전운전불이행,건조,맑음,단일로 - 기타,개인형이동수단(PM),여,23세,상해없음,보행자,여,28세,경상
2022072000100063,2022년 7월 20일 07시,수요일,충청남도 서산시 인지면,경상사고,0,0,1,0,차대차 - 측면충돌,교차로운행방법위반,건조,맑음,교차로 - 교차로안,화물,남,61세,상해없음,승용,남,39세,경상
2022072000100106,2022년 7월 20일 08시,수요일,충청남도 천안시 서북구 불당동,경상사고,0,0,1,0,차대차 - 기타,안전운전불이행,건조,맑음,단일로 - 기타,승용,남,70세,상해없음,승용,여,32세,경상
2022072000100107,2022년 7월 20일 08시,수요일,충청남도 서천군 서천읍,경상사고,0,0,2,0,차대차 - 측면충돌,안전운전불이행,건조,맑음,교차로 - 교차로안,승용,남,73세,경상,화물,남,50세,경상
2022072000100108,2022년 7월 20일 08시,수요일,충청남도 금산군 추부면,경상사고,0,0,1,0,차대차 - 측면충돌,차로위반,건조,맑음,단일로 - 기타,승용,남,29세,상해없음,승용,여,35세,경상
2022072000100109,2022년 7월 20일 08시,수요일,충청남도 청양군 정산면,경상사고,0,0,1,0,차대차 - 정면충돌,안전운전불이행,건조,맑음,교차로 - 교차로안,승용,여,62세,상해없음,이륜,남,17세,경상
2022072000100110,2022년 7월 20일 08시,수요일,충청남도 천안시 동남구 청수동,경상사고,0,0,2,0,차대차 - 측면충돌,안전운전불이행,건조,맑음,교차로 - 교차로안,화물,남,61세,상해없음,승용,여,59세,경상
2022072000100138,2022년 7월 20일 09시,수요일,충청남도 천안시 서북구 성거읍,중상사고,0,1,0,0,차대사람 - 기타,기타,건조,맑음,단일로 - 기타,승용,여,58세,상해없음,보행자,여,64세,중상
2022072000100139,2022년 7월 20일 09시,수요일,충청남도 홍성군 홍성읍,경상사고,0,0,1,0,차대차 - 측면충돌,신호위반,건조,맑음,단일로 - 기타,건설기계,남,58세,상해없음,승용,여,67세,경상
2022072000100140,2022년 7월 20일 09시,수요일,충청남도 청양군 청양읍,경상사고,0,0,1,0,차대차 - 측면충돌,직진우회전진행방해,건조,맑음,교차로 - 교차로안,승용,남,31세,상해없음,승용,남,61세,경상
2022072000100175,2022년 7월 20일 10시,수요일,충청남도 공주시 유구읍,중상사고,0,1,0,0,차대차 - 기타,기타,건조,맑음,교차로 - 교차로안,원동기,남,49세,중상,승용,남,66세,상해없음
2022072000100176,2022년 7월 20일 10시,수요일,충청남도 청양군 정산면,경상사고,0,0,3,0,차대차 - 정면충돌,직진우회전진행방해,건조,맑음,교차로 - 교차로안,승용,여,70세,경상,승용,남,73세,경상
2022072000100230,2022년 7월 20일 12시,수요일,충청남도 천안시 서북구 쌍용동,경상사고,0,0,1,0,차대차 - 측면충돌,안전거리미확보,건조,맑음,단일로 - 기타,화물,남,66세,상해없음,승용,남,51세,경상
2022072000100231,2022년 7월 20일 12시,수요일,충청남도 천안시 서북구 쌍용동,경상사고,0,0,1,0,차대차 - 측면충돌,신호위반,건조,맑음,교차로 - 교차로안,원동기,남,15세,상해없음,승용,여,42세,상해없음
2022072000100296,2022년 7월 20일 14시,수요일,충청남도 천안시 서북구 두정동,경상사고,0,0,2,0,차대차 - 측면충돌,안전운전불이행,건조,맑음,단일로 - 기타,승용,여,38세,상해없음,승용,여,30세,경상
2022072000100297,2022년 7월 20일 14시,수요일,충청남도 천안시 동남구 목천읍,경상사고,0,0,3,0,차대사람 - 기타,안전운전불이행,건조,맑음,단일로 - 기타,화물,남,62세,상해없음,보행자,남,35세,경상
2022072000100371,2022년 7월 20일 16시,수요일,충청남도 아산시 권곡동,중상사고,0,1,0,0,차대차 - 기타,안전운전불이행,건조,맑음,교차로 - 교차로부근,승용,남,29세,상해없음,승합,남,51세,상해없음
2022072000100372,2022년 7월 20일 16시,수요일,충청남도 천안시 동남구 신부동,경상사고,0,0,3,0,차대차 - 측면충돌,안전운전불이행,건조,맑음,단일로 - 기타,화물,남,53세,상해없음,승용,남,50세,경상
2022072000100417,2022년 7월 20일 17시,수요일,충청남도 아산시 배방읍,경상사고,0,0,1,0,차대차 - 추돌,안전운전불이행,건조,맑음,교차로 - 교차로부근,승용,남,62세,상해없음,승용,여,48세,경상
2022072000100418,2022년 7월 20일 17시,수요일,충청남도 당진시 송악읍,경상사고,0,0,1,0,차대차 - 후진중충돌,안전운전불이행,건조,맑음,단일로 - 기타,승용,남,62세,상해없음,승용,남,62세,경상
2022072000100451,2022년 7월 20일 18시,수요일,충청남도 서산시 갈산동,경상사고,0,0,1,0,차대차 - 추돌,안전운전불이행,건조,맑음,기타 - 기타,승용,남,81세,상해없음,승용,남,37세,경상
2022072000100452,2022년 7월 20일 18시,수요일,충청남도 아산시 탕정면,경상사고,0,0,1,0,차대차 - 추돌,안전운전불이행,건조,맑음,교차로 - 교차로부근,화물,남,30세,상해없음,승용,남,37세,경상
2022072000100453,2022년 7월 20일 18시,수요일,충청남도 서천군 서천읍,경상사고,0,0,1,0,차대차 - 추돌,안전운전불이행,건조,맑음,교차로 - 교차로부근,승합,여,48세,상해없음,승용,여,61세,경상
2022072000100519,2022년 7월 20일 20시,수요일,충청남도 아산시 권곡동,사망사고,1,0,0,0,차대사람 - 기타,안전운전불이행,건조,맑음,기타 - 기타,승합,남,65세,상해없음,보행자,여,56세,사망
2022072000100520,2022년 7월 20일 20시,수요일,충청남도 당진시 정미면,중상사고,0,1,0,0,차대사람 - 기타,안전운전불이행,건조,맑음,교차로 - 교차로안,화물,남,53세,상해없음,보행자,여,67세,중상
2022072000100553,2022년 7월 20일 21시,수요일,충청남도 논산시 광석면,경상사고,0,0,1,0,차대차 - 측면충돌,신호위반,건조,맑음,단일로 - 교량,승용,남,49세,상해없음,승용,여,45세,경상
2022072000100582,2022년 7월 20일 22시,수요일,충청남도 논산시 취암동,경상사고,0,0,1,0,차대차 - 정면충돌,직진우회전진행방해,건조,흐림,교차로 - 교차로안,승용,남,53세,상해없음,승용,남,22세,경상
2022072100100006,2022년 7월 21일 00시,목요일,충청남도 천안시 서북구 불당동,경상사고,0,0,2,0,차대차 - 추돌,안전운전불이행,건조,맑음,교차로 - 교차로부근,승용,남,48세,상해없음,승용,남,57세,경상
2022072100100017,2022년 7월 21일 01시,목요일,충청남도 천안시 서북구 두정동,경상사고,0,0,2,0,차대차 - 측면충돌,직진우회전진행방해,젖음/습기,비,교차로 - 교차로부근,승용,남,53세,상해없음,승용,남,29세,경상
2022072100100030,2022년 7월 21일 03시,목요일,충청남도 예산군 예산읍,부상신고사고,0,0,0,1,차량단독 - 공작물충돌,안전운전불이행,젖음/습기,비,교차로 - 교차로부근,승용,여,40세,부상신고,,,,
2022072100100035,2022년 7월 21일 04시,목요일,충청남도 당진시 수청동,중상사고,0,1,0,0,차대차 - 기타,신호위반,젖음/습기,비,교차로 - 교차로안,승용,남,22세,상해없음,자전거,남,67세,중상
2022072100100062,2022년 7월 21일 06시,목요일,충청남도 홍성군 홍북읍,경상사고,0,0,2,0,차대차 - 측면충돌,신호위반,젖음/습기,비,교차로 - 교차로안,화물,남,40세,상해없음,승용,남,69세,경상
2022072100100086,2022년 7월 21일 07시,목요일,충청남도 아산시 온천동,경상사고,0,0,1,0,차대차 - 측면충돌,안전운전불이행,젖음/습기,비,교차로 - 교차로안,승용,남,58세,상해없음,승용,남,49세,경상
2022072100100253,2022년 7월 21일 13시,목요일,충청남도 예산군 덕산면,경상사고,0,0,1,0,차대차 - 측면충돌,안전운전불이행,건조,흐림,단일로 - 기타,승용,남,74세,상해없음,승용,남,67세,경상
2022072100100313,2022년 7월 21일 15시,목요일,충청남도 홍성군 홍성읍,경상사고,0,0,2,0,차대차 - 추돌,안전운전불이행,건조,맑음,교차로 - 교차로부근,화물,남,62세,상해없음,승용,남,52세,경상
2022072100100315,2022년 7월 21일 15시,목요일,충청남도 청양군 남양면,중상사고,0,1,0,0,차량단독 - 기타,안전운전불이행,건조,흐림,단일로 - 기타,농기계,남,81세,중상,,,,
2022072100100348,2022년 7월 21일 16시,목요일,충청남도 천안시 동남구 신방동,경상사고,0,0,3,0,차대차 - 기타,안전거리미확보,건조,맑음,단일로 - 기타,건설기계,남,53세,상해없음,승용,남,38세,경상
2022072100100386,2022년 7월 21일 17시,목요일,충청남도 예산군 예산읍,경상사고,0,0,1,0,차대사람 - 기타,보행자보호의무위반,젖음/습기,흐림,단일로 - 기타,승용,여,71세,상해없음,보행자,여,44세,경상
2022072100100387,2022년 7월 21일 17시,목요일,충청남도 태안군 태안읍,경상사고,0,0,1,0,차대차 - 기타,직진우회전진행방해,건조,맑음,교차로 - 교차로안,승용,여,61세,상해없음,승용,여,74세,경상
2022072100100508,2022년 7월 21일 21시,목요일,충청남도 천안시 동남구 쌍용동,경상사고,0,0,1,0,차대차 - 측면충돌,안전거리미확보,건조,맑음,단일로 - 기타,승용,여,54세,상해없음,이륜,남,18세,경상
2022072100100509,2022년 7월 21일 21시,목요일,충청남도 아산시 배방읍,중상사고,0,1,0,0,차대사람 - 기타,안전운전불이행,건조,맑음,단일로 - 기타,승용,여,64세,상해없음,보행자,남,56세,중상
2022072100100510,2022년 7월 21일 21시,목요일,충청남도 금산군 금산읍,경상사고,0,0,1,0,차대차 - 후진중충돌,안전운전불이행,건조,흐림,교차로 - 교차로안,승용,남,37세,상해없음,이륜,남,25세,경상
2022072200100012,2022년 7월 22일 00시,금요일,충청남도 아산시 풍기동,중상사고,0,1,1,0,차대차 - 기타,신호위반,건조,맑음,교차로 - 교차로안,이륜,남,16세,기타불명,승용,여,54세,경상
2022072200100100,2022년 7월 22일 08시,금요일,충청남도 천안시 서북구 두정동,중상사고,0,1,0,0,차대차 - 기타,직진우회전진행방해,건조,맑음,교차로 - 교차로안,승용,남,63세,상해없음,원동기,남,22세,중상
2022072200100101,2022년 7월 22일 08시,금요일,충청남도 서천군 화양면,중상사고,0,1,0,0,차대차 - 정면충돌,안전운전불이행,건조,맑음,교차로 - 교차로안,화물,남,66세,상해없음,이륜,남,69세,중상
2022072200100129,2022년 7월 22일 09시,금요일,충청남도 아산시 신창면,경상사고,0,0,1,0,차대차 - 추돌,안전운전불이행,건조,맑음,교차로 - 교차로부근,승용,남,25세,상해없음,승용,여,46세,경상
2022072200100166,2022년 7월 22일 10시,금요일,충청남도 천안시 서북구 쌍용동,경상사고,0,0,1,0,차대차 - 기타,안전운전불이행,건조,맑음,기타 - 기타,승용,여,35세,상해없음,화물,남,52세,경상
2022072200100167,2022년 7월 22일 10시,금요일,충청남도 보령시 동대동,경상사고,0,0,2,0,차대차 - 측면충돌,차로위반,건조,맑음,교차로 - 교차로부근,화물,남,41세,상해없음,승용,여,38세,경상
2022072200100168,2022년 7월 22일 10시,금요일,충청남도 부여군 부여읍,경상사고,0,0,2,0,차대차 - 측면충돌,직진우회전진행방해,건조,맑음,교차로 - 교차로안,승용,여,65세,경상,승용,여,33세,경상
2022072200100194,2022년 7월 22일 11시,금요일,충청남도 천안시 서북구 쌍용동,경상사고,0,0,2,0,차대차 - 기타,안전운전불이행,건조,맑음,교차로 - 교차로횡단보도내,승용,남,46세,상해없음,승용,여,42세,경상
2022072200100196,2022년 7월 22일 11시,금요일,충청남도 천안시 동남구 성남면,경상사고,0,0,1,0,차량단독 - 기타,안전운전불이행,건조,맑음,단일로 - 기타,사륜오토바이(ATV),여,75세,경상,,,,
2022072200100238,2022년 7월 22일 12시,금요일,충청남도 천안시 동남구 유량동,경상사고,0,0,3,0,차대차 - 측면충돌,안전운전불이행,건조,맑음,교차로 - 교차로부근,승용,남,72세,상해없음,승용,여,44세,경상
2022072200100346,2022년 7월 22일 15시,금요일,충청남도 당진시 우강면,중상사고,0,2,0,0,차대차 - 측면충돌,신호위반,건조,맑음,교차로 - 교차로안,승용,남,61세,상해없음,승합,남,65세,상해없음
2022072200100380,2022년 7월 22일 16시,금요일,충청남도 예산군 예산읍,중상사고,0,1,1,0,차대차 - 측면충돌,직진우회전진행방해,건조,맑음,교차로 - 교차로안,화물,남,72세,상해없음,이륜,남,69세,중상
2022072200100529,2022년 7월 22일 20시,금요일,충청남도 아산시 풍기동,경상사고,0,0,1,0,차대차 - 측면충돌,안전운전불이행,건조,맑음,교차로 - 교차로안,승용,여,38세,상해없음,승용,여,51세,경상
2022072200100530,2022년 7월 22일 20시,금요일,충청남도 보령시 대천동,경상사고,0,0,1,0,차대사람 - 기타,보행자보호의무위반,건조,맑음,단일로 - 기타,승용,남,55세,상해없음,보행자,여,61세,경상
2022072200100531,2022년 7월 22일 20시,금요일,충청남도 천안시 동남구 신방동,경상사고,0,0,1,0,차대차 - 측면충돌,중앙선침범,건조,맑음,교차로 - 교차로부근,원동기,기타불명,미분류,기타불명,승용,남,53세,경상
2022072200100558,2022년 7월 22일 21시,금요일,충청남도 천안시 서북구 백석동,경상사고,0,0,1,0,차대차 - 기타,안전운전불이행,건조,맑음,교차로 - 교차로안,이륜,남,20세,상해없음,승용,남,61세,상해없음
2022072200100559,2022년 7월 22일 21시,금요일,충청남도 아산시 배방읍,경상사고,0,0,1,0,차대차 - 기타,중앙선침범,건조,맑음,단일로 - 교량,이륜,남,38세,상해없음,승합,남,47세,경상
2022072200100610,2022년 7월 22일 23시,금요일,충청남도 예산군 오가면,경상사고,0,0,2,0,차대차 - 측면충돌,차로위반,건조,맑음,단일로 - 기타,승용,남,42세,경상,승용,여,23세,경상
2022072300100010,2022년 7월 23일 00시,토요일,충청남도 천안시 서북구 두정동,경상사고,0,0,1,0,차대사람 - 기타,안전운전불이행,건조,맑음,단일로 - 기타,승용,남,21세,상해없음,보행자,여,23세,경상
2022072300100082,2022년 7월 23일 08시,토요일,충청남도 보령시 동대동,경상사고,0,0,1,0,차대사람 - 횡단중,안전운전불이행,건조,맑음,단일로 - 기타,승용,여,47세,상해없음,보행자,남,7세,경상
2022072300100099,2022년 7월 23일 09시,토요일,충청남도 천안시 서북구 성거읍,사망사고,1,0,3,1,차대차 - 측면충돌,기타,건조,맑음,교차로 - 교차로안,승용,남,49세,부상신고,화물,남,46세,경상
2022072300100123,2022년 7월 23일 10시,토요일,충청남도 아산시 온천동,경상사고,0,0,2,0,차대차 - 측면충돌,교차로운행방법위반,건조,맑음,교차로 - 교차로부근,화물,남,63세,경상,승용,남,39세,경상
2022072300100161,2022년 7월 23일 11시,토요일,충청남도 홍성군 홍성읍,경상사고,0,0,1,0,차대차 - 추돌,안전운전불이행,건조,맑음,교차로 - 교차로부근,승합,남,62세,상해없음,승용,여,30세,경상
2022072300100162,2022년 7월 23일 11시,토요일,충청남도 청양군 정산면,중상사고,0,1,0,0,차대차 - 측면충돌,안전운전불이행,건조,맑음,단일로 - 기타,승용,남,60세,상해없음,화물,남,62세,상해없음
2022072300100163,2022년 7월 23일 11시,토요일,충청남도 태안군 소원면,경상사고,0,0,5,0,차량단독 - 도로외이탈 - 기타,안전운전불이행,건조,맑음,단일로 - 기타,기타불명,남,50세,상해없음,,,,
2022072300100197,2022년 7월 23일 12시,토요일,충청남도 아산시 둔포면,경상사고,0,0,2,0,차대차 - 추돌,안전운전불이행,건조,맑음,교차로 - 교차로안,승용,여,61세,상해없음,승용,여,30세,경상
2022072300100198,2022년 7월 23일 12시,토요일,충청남도 당진시 신평면,경상사고,0,0,1,0,차대차 - 기타,기타,건조,흐림,단일로 - 기타,화물,남,52세,상해없음,승용,남,30세,경상
2022072300100199,2022년 7월 23일 12시,토요일,충청남도 보령시 대천동,경상사고,0,0,2,0,차대차 - 추돌,안전운전불이행,건조,흐림,기타 - 기타,화물,남,51세,상해없음,승용,여,42세,경상
2022072300100237,2022년 7월 23일 13시,토요일,충청남도 당진시 대덕동,경상사고,0,0,4,0,차대차 - 기타,안전운전불이행,건조,맑음,교차로 - 교차로안,승용,남,24세,경상,승용,남,51세,경상
2022072300100238,2022년 7월 23일 13시,토요일,충청남도 천안시 동남구 성남면,경상사고,0,0,1,0,차대차 - 측면충돌,안전운전불이행,건조,맑음,교차로 - 교차로안,승용,여,63세,상해없음,승용,남,57세,경상
2022072300100301,2022년 7월 23일 15시,토요일,충청남도 공주시 유구읍,경상사고,0,0,1,0,차대차 - 측면충돌,안전운전불이행,건조,맑음,교차로 - 교차로안,이륜,여,65세,경상,승용,여,66세,상해없음
2022072300100357,2022년 7월 23일 17시,토요일,충청남도 논산시 채운면,사망사고,1,0,0,0,차대차 - 측면충돌,교차로운행방법위반,젖음/습기,흐림,교차로 - 교차로안,화물,남,67세,기타불명,이륜,남,63세,사망
2022072300100380,2022년 7월 23일 18시,토요일,충청남도 천안시 서북구 성정동,경상사고,0,0,3,0,차대차 - 추돌,안전운전불이행,건조,맑음,교차로 - 교차로부근,승용,남,39세,상해없음,승용,남,39세,경상
2022072300100406,2022년 7월 23일 19시,토요일,충청남도 공주시 금흥동,중상사고,0,1,0,0,차대사람 - 횡단중,안전운전불이행,젖음/습기,비,단일로 - 기타,승용,남,65세,상해없음,보행자,여,74세,중상
2022072300100444,2022년 7월 23일 20시,토요일,충청남도 천안시 서북구 성정동,경상사고,0,0,1,0,차대사람 - 횡단중,보행자보호의무위반,건조,흐림,단일로 - 기타,승용,남,65세,상해없음,보행자,남,55세,경상
2022072300100473,2022년 7월 23일 21시,토요일,충청남도 서산시 동문동,경상사고,0,0,3,0,차대차 - 후진중충돌,안전운전불이행,젖음/습기,비,단일로 - 기타,승용,여,63세,상해없음,승용,남,26세,경상
2022072300100474,2022년 7월 23일 21시,토요일,충청남도 부여군 내산면,경상사고,0,0,1,0,차대차 - 측면충돌,중앙선침범,젖음/습기,맑음,단일로 - 기타,승용,남,68세,상해없음,승용,여,44세,경상
2022072300100475,2022년 7월 23일 21시,토요일,충청남도 천안시 동남구 신부동,중상사고,0,1,0,0,차대사람 - 보도통행중,기타,젖음/습기,비,단일로 - 기타,개인형이동수단(PM),남,25세,상해없음,보행자,여,4세,중상
2022072300100511,2022년 7월 23일 22시,토요일,충청남도 천안시 서북구 성정동,경상사고,0,0,1,2,차대사람 - 횡단중,안전운전불이행,젖음/습기,비,교차로 - 교차로부근,이륜,남,20세,경상,보행자,여,26세,부상신고
2022072300100512,2022년 7월 23일 22시,토요일,충청남도 천안시 서북구 두정동,경상사고,0,0,1,0,차대사람 - 차도통행중,안전운전불이행,젖음/습기,비,단일로 - 기타,승용,남,32세,상해없음,보행자,남,29세,경상
2022072300100545,2022년 7월 23일 23시,토요일,충청남도 천안시 서북구 직산읍,중상사고,0,1,0,0,차대사람 - 기타,안전운전불이행,젖음/습기,비,단일로 - 기타,이륜,남,26세,상해없음,보행자,남,53세,중상