사고번호,사고일시,요일,시군구,사고내용,사망자수,중상자수,경상자수,부상신고자수,사고유형,법규위반,노면상태,기상상태,도로형태,가해운전자 차종,가해운전자 성별,가해운전자 연령,가해운전자 상해정도,피해운전자 차종,피해운전자 성별,피해운전자 연령,피해운전자 상해정도
2022072900100285,2022년 7월 29일 13시,금요일,충청남도 예산군 응봉면,사망사고,2,0,1,0,차대차 - 정면충돌,중앙선침범,건조,맑음,교차로 - 교차로부근,화물,남,42세,사망,화물,남,53세,상해없음
2022072900100320,2022년 7월 29일 14시,금요일,충청남도 천안시 서북구 쌍용동,중상사고,0,1,0,0,차대차 - 측면충돌,안전거리미확보,건조,맑음,단일로 - 기타,승용,남,59세,상해없음,승합,남,40세,중상
2022072900100354,2022년 7월 29일 15시,금요일,충청남도 서산시 대산읍,경상사고,0,0,2,0,차대차 - 추돌,안전운전불이행,건조,맑음,교차로 - 교차로안,승용,남,59세,상해없음,승용,남,37세,경상
2022072900100355,2022년 7월 29일 15시,금요일,충청남도 보령시 청소면,경상사고,0,0,2,0,차대차 - 기타,안전운전불이행,건조,맑음,기타 - 기타,화물,남,28세,상해없음,승용,여,40세,경상
2022072900100356,2022년 7월 29일 15시,금요일,충청남도 당진시 읍내동,경상사고,0,0,2,0,차대차 - 측면충돌,교차로운행방법위반,건조,맑음,교차로 - 교차로안,승용,여,58세,상해없음,승용,남,33세,경상
2022072900100392,2022년 7월 29일 16시,금요일,충청남도 천안시 서북구 쌍용동,경상사고,0,0,1,0,차대차 - 측면충돌,안전거리미확보,건조,맑음,단일로 - 기타,승용,남,73세,상해없음,승용,남,26세,경상
2022072900100393,2022년 7월 29일 16시,금요일,충청남도 부여군 은산면,사망사고,1,0,1,0,차량단독 - 공작물충돌,안전운전불이행,건조,맑음,단일로 - 기타,승용,남,69세,경상,,,,
2022072900100394,2022년 7월 29일 16시,금요일,충청남도 태안군 고남면,경상사고,0,0,2,0,차대차 - 후진중충돌,안전운전불이행,건조,맑음,교차로 - 교차로안,승용,남,75세,상해없음,승용,남,30세,경상
2022072900100429,2022년 7월 29일 17시,금요일,충청남도 천안시 서북구 쌍용동,경상사고,0,0,1,0,차대차 - 기타,안전거리미확보,건조,맑음,교차로 - 교차로안,승용,남,63세,상해없음,승용,남,31세,경상
2022072900100478,2022년 7월 29일 18시,금요일,충청남도 천안시 서북구 성성동,중상사고,0,1,0,2,차대차 - 추돌,안전운전불이행,건조,맑음,단일로 - 기타,화물,남,40세,상해없음,승용,남,24세,중상
2022072900100556,2022년 7월 29일 20시,금요일,충청남도 천안시 서북구 두정동,경상사고,0,0,1,0,차대사람 - 횡단중,보행자보호의무위반,건조,맑음,교차로 - 교차로횡단보도내,이륜,남,18세,상해없음,보행자,여,18세,경상
2022072900100584,2022년 7월 29일 21시,금요일,충청남도 천안시 서북구 성거읍,중상사고,0,1,0,0,차대사람 - 횡단중,안전운전불이행,건조,맑음,교차로 - 교차로안,승용,남,60세,상해없음,보행자,남,41세,중상
2022072900100635,2022년 7월 29일 23시,금요일,충청남도 아산시 모종동,경상사고,0,0,2,0,차대차 - 기타,안전운전불이행,건조,맑음,교차로 - 교차로부근,승용,남,25세,상해없음,승용,남,25세,경상
2022073000100085,2022년 7월 30일 07시,토요일,충청남도 천안시 동남구 원성동,경상사고,0,0,1,0,차대차 - 측면충돌,안전운전불이행,건조,맑음,단일로 - 기타,승용,남,29세,상해없음,승용,여,53세,경상
2022073000100086,2022년 7월 30일 07시,토요일,충청남도 당진시 신평면,중상사고,0,2,1,0,차대차 - 기타,안전운전불이행,건조,맑음,기타 - 기타,건설기계,남,49세,상해없음,승용,남,59세,중상
2022073000100105,2022년 7월 30일 08시,토요일,충청남도 공주시 반포면,경상사고,0,0,2,0,차대차 - 추돌,안전운전불이행,건조,맑음,기타 - 기타,승용,여,65세,상해없음,승용,여,30세,경상
2022073000100132,2022년 7월 30일 09시,토요일,충청남도 천안시 동남구 다가동,중상사고,0,1,0,0,차대차 - 측면충돌,교차로운행방법위반,건조,맑음,교차로 - 교차로안,원동기,여,72세,중상,승합,남,63세,상해없음
2022073000100161,2022년 7월 30일 10시,토요일,충청남도 천안시 서북구 쌍용동,경상사고,0,0,4,0,차대차 - 측면충돌,안전운전불이행,건조,맑음,교차로 - 교차로안,승용,남,65세,상해없음,승용,남,38세,경상
2022073000100214,2022년 7월 30일 12시,토요일,충청남도 아산시 인주면,경상사고,0,0,1,0,차대차 - 기타,안전운전불이행,건조,맑음,기타 - 기타,승용,여,38세,상해없음,특수,남,49세,경상
2022073000100262,2022년 7월 30일 13시,토요일,충청남도 태안군 안면읍,경상사고,0,0,3,0,차대차 - 기타,안전운전불이행,건조,맑음,교차로 - 교차로안,승용,남,67세,상해없음,승용,남,48세,경상
2022073000100291,2022년 7월 30일 14시,토요일,충청남도 천안시 서북구 성성동,중상사고,0,2,0,0,차대차 - 측면충돌,안전운전불이행,건조,맑음,단일로 - 기타,개인형이동수단(PM),남,24세,중상,이륜,남,41세,중상
2022073000100292,2022년 7월 30일 14시,토요일,충청남도 보령시 신흑동,경상사고,0,0,1,0,차대사람 - 기타,불법유턴,건조,맑음,단일로 - 기타,승용,남,21세,상해없음,보행자,여,30세,경상
2022073000100293,2022년 7월 30일 14시,토요일,충청남도 청양군 청양읍,중상사고,0,1,0,0,차대차 - 측면충돌,안전운전불이행,건조,맑음,기타 - 기타,승용,남,25세,상해없음,이륜,남,42세,중상
2022073000100326,2022년 7월 30일 15시,토요일,충청남도 서산시 지곡면,중상사고,0,1,0,0,차대차 - 추돌,안전운전불이행,건조,맑음,단일로 - 기타,승용,여,39세,상해없음,화물,남,73세,중상
2022073000100327,2022년 7월 30일 15시,토요일,충청남도 천안시 서북구 두정동,경상사고,0,0,2,0,차대차 - 추돌,안전운전불이행,건조,맑음,교차로 - 교차로부근,원동기,남,55세,상해없음,승용,남,22세,경상
2022073000100328,2022년 7월 30일 15시,토요일,충청남도 보령시 신흑동,경상사고,0,0,1,0,차대차 - 측면충돌,안전운전불이행,건조,맑음,교차로 - 교차로안,승용,남,33세,상해없음,승용,남,32세,경상
2022073000100362,2022년 7월 30일 16시,토요일,충청남도 천안시 서북구 성거읍,경상사고,0,0,1,0,차대차 - 측면충돌,신호위반,건조,맑음,교차로 - 교차로안,승합,남,59세,상해없음,승용,남,53세,경상
2022073000100363,2022년 7월 30일 16시,토요일,충청남도 논산시 양촌면,경상사고,0,0,6,0,차대차 - 측면충돌,중앙선침범,건조,맑음,기타 - 기타,이륜,남,85세,기타불명,승용,남,33세,경상
2022073000100395,2022년 7월 30일 17시,토요일,충청남도 논산시 연산면,중상사고,0,5,0,0,차대차 - 측면충돌,안전운전불이행,건조,맑음,교차로 - 교차로안,승용,여,26세,기타불명,승합,남,52세,중상
2022073000100396,2022년 7월 30일 17시,토요일,충청남도 공주시 신관동,경상사고,0,0,1,0,차대차 - 추돌,안전운전불이행,건조,맑음,단일로 - 기타,승용,남,58세,상해없음,승용,남,59세,경상
2022073000100397,2022년 7월 30일 17시,토요일,충청남도 예산군 신암면,경상사고,0,0,2,0,차대차 - 기타,중앙선침범,건조,맑음,단일로 - 기타,승용,남,52세,상해없음,화물,남,57세,경상
2022073000100433,2022년 7월 30일 18시,토요일,충청남도 아산시 음봉면,경상사고,0,0,1,0,차대차 - 추돌,안전운전불이행,건조,맑음,기타 - 기타,승용,남,59세,상해없음,승용,남,28세,경상
2022073000100485,2022년 7월 30일 20시,토요일,충청남도 천안시 서북구 성정동,경상사고,0,0,1,0,차대차 - 후진중충돌,안전운전불이행,건조,맑음,단일로 - 기타,승합,남,56세,상해없음,이륜,남,23세,경상
2022073000100520,2022년 7월 30일 21시,토요일,충청남도 서산시 대산읍,중상사고,0,2,0,0,차대차 - 추돌,기타,건조,흐림,단일로 - 기타,승용,남,49세,상해없음,이륜,남,79세,중상
2022073000100556,2022년 7월 30일 23시,토요일,충청남도 천안시 서북구 백석동,중상사고,0,1,0,0,차량단독 - 기타,안전운전불이행,건조,맑음,단일로 - 기타,이륜,남,48세,중상,,,,
2022073100100038,2022년 7월 31일 02시,일요일,충청남도 천안시 서북구 쌍용동,경상사고,0,0,4,0,차대차 - 기타,교차로운행방법위반,건조,맑음,교차로 - 교차로안,승용,남,62세,상해없음,승용,남,49세,상해없음
2022073100100045,2022년 7월 31일 03시,일요일,충청남도 당진시 대덕동,경상사고,0,0,1,0,차량단독 - 공작물충돌,안전운전불이행,건조,맑음,단일로 - 기타,승용,남,62세,경상,,,,
2022073100100072,2022년 7월 31일 08시,일요일,충청남도 서산시 석남동,부상신고사고,0,0,0,1,차대차 - 정면충돌,중앙선침범,건조,맑음,교차로 - 교차로부근,승용,남,59세,상해없음,화물,남,41세,부상신고
2022073100100073,2022년 7월 31일 08시,일요일,충청남도 서천군 서면,경상사고,0,0,1,0,차대차 - 기타,직진우회전진행방해,젖음/습기,흐림,교차로 - 교차로안,승용,여,32세,상해없음,승합,남,52세,상해없음
2022073100100112,2022년 7월 31일 11시,일요일,충청남도 공주시 정안면,경상사고,0,0,3,0,차대차 - 추돌,안전거리미확보,젖음/습기,비,단일로 - 기타,승용,남,25세,기타불명,승용,남,51세,경상
2022073100100177,2022년 7월 31일 13시,일요일,충청남도 서산시 동문동,경상사고,0,0,1,0,차대차 - 기타,중앙선침범,젖음/습기,비,기타 - 기타,승용,남,56세,상해없음,이륜,남,59세,경상
2022073100100210,2022년 7월 31일 14시,일요일,충청남도 서천군 서면,경상사고,0,0,1,0,차대차 - 측면충돌,안전운전불이행,젖음/습기,비,주차장 - 주차장,승용,남,32세,상해없음,승용,남,67세,경상
2022073100100211,2022년 7월 31일 14시,일요일,충청남도 당진시 읍내동,경상사고,0,0,1,0,차대차 - 추돌,안전운전불이행,젖음/습기,비,교차로 - 교차로안,승용,남,48세,상해없음,승용,남,44세,경상
2022073100100212,2022년 7월 31일 14시,일요일,충청남도 천안시 동남구 수신면,경상사고,0,0,2,1,차대차 - 추돌,안전운전불이행,젖음/습기,비,단일로 - 기타,승용,남,35세,상해없음,승용,남,34세,경상
2022073100100245,2022년 7월 31일 15시,일요일,충청남도 서산시 석림동,경상사고,0,0,4,0,차대차 - 측면충돌,신호위반,젖음/습기,비,교차로 - 교차로안,이륜,남,26세,상해없음,승용,남,39세,경상
2022073100100246,2022년 7월 31일 15시,일요일,충청남도 예산군 오가면,경상사고,0,0,2,0,차대차 - 측면충돌,안전운전불이행,건조,맑음,기타 - 기타,승용,남,37세,상해없음,승용,여,47세,경상
2022073100100327,2022년 7월 31일 18시,일요일,충청남도 천안시 서북구 백석동,경상사고,0,0,2,0,차대차 - 기타,신호위반,건조,맑음,기타 - 기타,승용,남,38세,상해없음,승용,남,51세,경상
2022073100100359,2022년 7월 31일 19시,일요일,충청남도 천안시 서북구 쌍용동,경상사고,0,0,1,0,차대사람 - 기타,안전운전불이행,젖음/습기,비,단일로 - 기타,이륜,남,60세,상해없음,보행자,여,74세,경상
2022073100100360,2022년 7월 31일 19시,일요일,충청남도 공주시 우성면,경상사고,0,0,4,0,차대차 - 측면충돌,안전거리미확보,젖음/습기,비,단일로 - 기타,화물,남,61세,상해없음,승용,남,43세,경상
2022073100100361,2022년 7월 31일 19시,일요일,충청남도 당진시 신평면,부상신고사고,0,0,0,1,차량단독 - 기타,안전운전불이행,건조,흐림,단일로 - 기타,승용,남,69세,부상신고,,,,
2022073100100362,2022년 7월 31일 19시,일요일,충청남도 천안시 동남구 신부동,중상사고,0,1,0,0,차대차 - 정면충돌,신호위반,젖음/습기,비,교차로 - 교차로안,승용,여,53세,상해없음,이륜,남,47세,중상
2022073100100363,2022년 7월 31일 19시,일요일,충청남도 천안시 동남구 용곡동,경상사고,0,0,1,0,차대차 - 추돌,안전운전불이행,건조,맑음,단일로 - 기타,승용,남,20세,상해없음,승용,남,45세,경상
2022073100100436,2022년 7월 31일 22시,일요일,충청남도 당진시 수청동,경상사고,0,0,2,0,차대차 - 기타,안전운전불이행,젖음/습기,비,교차로 - 교차로안,승용,남,27세,상해없음,승용,남,33세,경상
2022073100100437,2022년 7월 31일 22시,일요일,충청남도 천안시 동남구 신방동,경상사고,0,0,2,0,차대차 - 측면충돌,신호위반,젖음/습기,흐림,교차로 - 교차로안,승용,남,22세,상해없음,승용,남,58세,경상
2022080100100006,2022년 8월 1일 00시,월요일,충청남도 당진시 정미면,사망사고,1,0,0,0,차량단독 - 기타,안전운전불이행,젖음/습기,비,단일로 - 기타,화물,남,70세,사망,,,,
2022080100100061,2022년 8월 1일 07시,월요일,충청남도 서천군 종천면,중상사고,0,1,4,0,차대차 - 측면충돌,신호위반,건조,맑음,교차로 - 교차로안,승용,여,56세,상해없음,승용,남,70세,경상
2022080100100085,2022년 8월 1일 08시,월요일,충청남도 아산시 방축동,중상사고,0,1,0,0,차대차 - 기타,안전운전불이행,건조,맑음,단일로 - 기타,이륜,남,47세,중상,승용,여,39세,상해없음
2022080100100086,2022년 8월 1일 08시,월요일,충청남도 보령시 대천동,중상사고,0,1,0,0,차대차 - 추돌,안전운전불이행,건조,맑음,교차로 - 교차로안,승용,여,43세,상해없음,자전거,남,81세,중상
2022080100100087,2022년 8월 1일 08시,월요일,충청남도 보령시 주교면,중상사고,0,1,0,0,차대차 - 기타,신호위반,건조,맑음,교차로 - 교차로안,화물,남,65세,상해없음,이륜,남,77세,중상
2022080100100112,2022년 8월 1일 09시,월요일,충청남도 천안시 서북구 신당동,경상사고,0,0,1,0,차대사람 - 기타,안전운전불이행,건조,맑음,기타 - 기타,승용,남,41세,상해없음,보행자,남,41세,경상
2022080100100131,2022년 8월 1일 10시,월요일,충청남도 부여군 석성면,경상사고,0,0,2,0,차대차 - 측면충돌,신호위반,건조,맑음,교차로 - 교차로안,승용,여,62세,경상,화물,남,30세,경상
2022080100100157,2022년 8월 1일 11시,월요일,충청남도 홍성군 홍성읍,경상사고,0,0,1,0,차대차 - 측면충돌,안전운전불이행,건조,맑음,교차로 - 교차로안,승용,남,75세,상해없음,승용,남,32세,경상
2022080100100191,2022년 8월 1일 12시,월요일,충청남도 천안시 서북구 두정동,경상사고,0,0,2,0,차량단독 - 기타,안전운전불이행,건조,맑음,교차로 - 교차로부근,승용,남,18세,상해없음,,,,
2022080100100258,2022년 8월 1일 14시,월요일,충청남도 당진시 읍내동,경상사고,0,0,6,0,차대차 - 측면충돌,교차로운행방법위반,건조,맑음,교차로 - 교차로부근,승용,남,35세,경상,승용,남,20세,경상
2022080100100311,2022년 8월 1일 16시,월요일,충청남도 천안시 동남구 풍세면,경상사고,0,0,2,0,차대차 - 정면충돌,안전운전불이행,건조,맑음,단일로 - 기타,승용,남,52세,상해없음,화물,남,58세,경상
2022080100100352,2022년 8월 1일 17시,월요일,충청남도 천안시 서북구 백석동,중상사고,0,1,0,0,차대차 - 기타,안전운전불이행,건조,맑음,단일로 - 기타,화물,남,44세,상해없음,승용,여,48세,중상
2022080100100397,2022년 8월 1일 18시,월요일,충청남도 서천군 서천읍,경상사고,0,0,3,0,차대차 - 측면충돌,안전운전불이행,젖음/습기,비,단일로 - 기타,승용,남,71세,경상,화물,남,52세,경상
2022080100100398,2022년 8월 1일 18시,월요일,충청남도 보령시 웅천읍,경상사고,0,0,1,0,차대차 - 기타,중앙선침범,젖음/습기,비,단일로 - 기타,승용,남,43세,상해없음,승용,남,31세,경상
2022080100100422,2022년 8월 1일 19시,월요일,충청남도 당진시 읍내동,경상사고,0,0,1,0,차대차 - 측면충돌,안전운전불이행,건조,맑음,단일로 - 기타,승용,여,24세,상해없음,개인형이동수단(PM),남,21세,경상
2022080100100445,2022년 8월 1일 20시,월요일,충청남도 당진시 송악읍,중상사고,0,1,0,0,차대사람 - 길가장자리구역통행중,안전운전불이행,건조,맑음,단일로 - 기타,승용,남,55세,상해없음,보행자,여,75세,중상
2022080100100469,2022년 8월 1일 21시,월요일,충청남도 천안시 동남구 신방동,경상사고,0,0,2,0,차대차 - 측면충돌,신호위반,건조,맑음,교차로 - 교차로부근,이륜,남,36세,경상,승용,남,38세,경상
2022080100100470,2022년 8월 1일 21시,월요일,충청남도 천안시 서북구 성거읍,중상사고,0,1,0,0,차대차 - 기타,안전운전불이행,건조,맑음,단일로 - 기타,승용,남,64세,상해없음,승용,여,38세,중상
2022080100100496,2022년 8월 1일 22시,월요일,충청남도 보령시 동대동,경상사고,0,0,2,0,차대사람 - 기타,안전운전불이행,젖음/습기,흐림,단일로 - 기타,승용,남,28세,상해없음,보행자,남,43세,경상
2022080200100009,2022년 8월 2일 00시,화요일,충청남도 아산시 배방읍,경상사고,0,0,3,0,차대차 - 추돌,안전운전불이행,건조,맑음,교차로 - 교차로안,승용,남,30세,상해없음,승용,남,50세,경상
2022080200100010,2022년 8월 2일 00시,화요일,충청남도 공주시 반포면,중상사고,0,1,0,0,차량단독 - 공작물충돌,안전운전불이행,젖음/습기,비,단일로 - 기타,화물,남,56세,중상,,,,
2022080200100056,2022년 8월 2일 05시,화요일,충청남도 논산시 대교동,중상사고,0,1,0,0,차대사람 - 차도통행중,안전운전불이행,젖음/습기,비,단일로 - 기타,승용,여,64세,상해없음,보행자,여,80세,중상
2022080200100076,2022년 8월 2일 07시,화요일,충청남도 서산시 대산읍,경상사고,0,0,2,0,차대차 - 추돌,안전운전불이행,건조,맑음,단일로 - 기타,화물,남,41세,상해없음,승용,남,45세,경상
2022080200100118,2022년 8월 2일 09시,화요일,충청남도 아산시 장존동,경상사고,0,0,1,0,차대차 - 기타,안전운전불이행,건조,맑음,교차로 - 교차로안,승용,남,57세,상해없음,승용,여,63세,경상
2022080200100119,2022년 8월 2일 09시,화요일,충청남도 논산시 연무읍,경상사고,0,0,3,0,차대차 - 측면충돌,안전운전불이행,건조,맑음,단일로 - 기타,특수,남,23세,상해없음,승용,남,55세,경상
2022080200100145,2022년 8월 2일 10시,화요일,충청남도 서산시 동문동,중상사고,0,1,0,0,차대차 - 측면충돌,교차로운행방법위반,건조,흐림,교차로 - 교차로안,승용,남,40세,상해없음,자전거,여,65세,중상
2022080200100146,2022년 8월 2일 10시,화요일,충청남도 천안시 서북구 불당동,부상신고사고,0,0,0,1,차대차 - 측면충돌,안전운전불이행,건조,맑음,단일로 - 기타,자전거,남,33세,부상신고,승용,남,35세,상해없음
2022080200100173,2022년 8월 2일 11시,화요일,충청남도 당진시 송악읍,경상사고,0,0,3,0,차대차 - 측면충돌,안전운전불이행,건조,맑음,교차로 - 교차로부근,승용,남,60세,상해없음,승용,여,69세,경상
2022080200100175,2022년 8월 2일 11시,화요일,충청남도 태안군 남면,경상사고,0,0,1,0,차대차 - 기타,교차로운행방법위반,젖음/습기,흐림,교차로 - 교차로부근,승용,남,68세,상해없음,승용,남,34세,경상
2022080200100208,2022년 8월 2일 12시,화요일,충청남도 당진시 수청동,경상사고,0,0,1,0,차대사람 - 보도통행중,보행자보호의무위반,건조,맑음,단일로 - 기타,승합,여,45세,상해없음,보행자,여,43세,경상
2022080200100243,2022년 8월 2일 13시,화요일,충청남도 공주시 교동,중상사고,0,1,0,0,차대차 - 측면충돌,안전운전불이행,건조,맑음,교차로 - 교차로안,승용,남,86세,상해없음,이륜,여,71세,중상
2022080200100308,2022년 8월 2일 15시,화요일,충청남도 당진시 사기소동,경상사고,0,0,4,0,차대차 - 측면충돌,신호위반,건조,맑음,단일로 - 기타,승용,남,63세,상해없음,승용,남,55세,경상
2022080200100341,2022년 8월 2일 16시,화요일,충청남도 천안시 서북구 성정동,경상사고,0,0,1,0,차대차 - 기타,안전운전불이행,건조,맑음,기타 - 기타,승용,여,47세,상해없음,자전거,남,56세,경상
2022080200100378,2022년 8월 2일 17시,화요일,충청남도 천안시 서북구 성정동,경상사고,0,0,1,0,차대차 - 추돌,신호위반,건조,맑음,교차로 - 교차로안,승용,남,74세,상해없음,이륜,남,32세,경상
2022080200100379,2022년 8월 2일 17시,화요일,충청남도 계룡시 엄사면,중상사고,0,1,1,0,차대사람 - 횡단중,보행자보호의무위반,건조,맑음,교차로 - 교차로안,승용,여,53세,상해없음,보행자,여,11세,중상
2022080200100380,2022년 8월 2일 17시,화요일,충청남도 아산시 영인면,중상사고,0,1,0,0,차대사람 - 기타,안전운전불이행,건조,맑음,기타 - 기타,승용,남,61세,상해없음,보행자,여,74세,중상
2022080200100381,2022년 8월 2일 17시,화요일,충청남도 서천군 서천읍,경상사고,0,0,2,0,차대차 - 측면충돌,안전운전불이행,건조,맑음,단일로 - 기타,화물,남,57세,상해없음,승용,남,75세,경상
2022080200100382,2022년 8월 2일 17시,화요일,충청남도 당진시 신평면,경상사고,0,0,2,0,차대차 - 추돌,안전운전불이행,건조,맑음,기타 - 기타,승용,남,40세,상해없음,승용,남,22세,경상
2022080200100419,2022년 8월 2일 18시,화요일,충청남도 천안시 서북구 입장면,경상사고,0,0,2,0,차대차 - 기타,안전운전불이행,건조,맑음,단일로 - 기타,승용,남,59세,상해없음,승용,남,36세,경상
2022080200100420,2022년 8월 2일 18시,화요일,충청남도 논산시 반월동,중상사고,0,1,0,0,차대사람 - 횡단중,안전운전불이행,건조,맑음,교차로 - 교차로안,원동기,남,16세,상해없음,보행자,여,15세,중상
2022080200100496,2022년 8월 2일 21시,화요일,충청남도 천안시 서북구 불당동,중상사고,0,1,2,0,차대차 - 추돌,안전운전불이행,건조,맑음,교차로 - 교차로부근,승용,남,25세,상해없음,승용,남,25세,상해없음
2022080300100011,2022년 8월 3일 00시,수요일,충청남도 천안시 서북구 두정동,경상사고,0,0,1,0,차대차 - 기타,안전운전불이행,건조,맑음,교차로 - 교차로부근,승용,남,30세,상해없음,승용,남,31세,경상
2022080300100023,2022년 8월 3일 01시,수요일,충청남도 천안시 동남구 원성동,중상사고,0,1,0,0,차대차 - 기타,안전운전불이행,건조,맑음,교차로 - 교차로부근,승용,여,42세,상해없음,승용,여,56세,중상
2022080300100103,2022년 8월 3일 08시,수요일,충청남도 아산시 배방읍,중상사고,0,1,0,0,차대사람 - 횡단중,보행자보호의무위반,젖음/습기,비,교차로 - 교차로횡단보도내,승용,여,48세,상해없음,보행자,여,24세,중상
2022080300100104,2022년 8월 3일 08시,수요일,충청남도 서천군 한산면,중상사고,0,1,0,0,차대사람 - 기타,기타,건조,맑음,교차로 - 교차로부근,승용,여,47세,상해없음,보행자,여,80세,중상
2022080300100105,2022년 8월 3일 08시,수요일,충청남도 공주시 쌍신동,중상사고,0,1,1,0,차대차 - 추돌,안전운전불이행,건조,맑음,단일로 - 기타,자전거,남,74세,중상,승용,남,34세,경상
2022080300100106,2022년 8월 3일 08시,수요일,충청남도 천안시 동남구 다가동,경상사고,0,0,1,0,차대차 - 측면충돌,교차로운행방법위반,건조,맑음,교차로 - 교차로안,건설기계,남,58세,상해없음,승용,남,54세,경상
2022080300100158,2022년 8월 3일 10시,수요일,충청남도 천안시 동남구 신부동,경상사고,0,0,3,0,차대차 - 기타,교차로운행방법위반,건조,맑음,교차로 - 교차로안,화물,남,30세,경상,승용,남,69세,경상
2022080300100185,2022년 8월 3일 11시,수요일,충청남도 보령시 동대동,부상신고사고,0,0,0,2,차대차 - 추돌,안전운전불이행,건조,맑음,교차로 - 교차로부근,승용,남,73세,상해없음,승용,남,47세,부상신고
2022080300100213,2022년 8월 3일 12시,수요일,충청남도 서산시 대산읍,중상사고,0,1,0,0,차대사람 - 횡단중,보행자보호의무위반,건조,맑음,교차로 - 교차로안,승용,여,70세,상해없음,보행자,여,63세,중상
2022080300100214,2022년 8월 3일 12시,수요일,충청남도 아산시 배방읍,경상사고,0,0,1,0,차대차 - 기타,안전운전불이행,건조,맑음,교차로 - 교차로안,승용,여,35세,상해없음,이륜,남,29세,경상
2022080300100255,2022년 8월 3일 13시,수요일,충청남도 천안시 동남구 영성동,중상사고,0,1,0,0,차대차 - 측면충돌,신호위반,건조,맑음,단일로 - 기타,승용,남,67세,상해없음,이륜,남,20세,중상
2022080300100256,2022년 8월 3일 13시,수요일,충청남도 천안시 동남구 사직동,부상신고사고,0,0,0,1,차대사람 - 횡단중,보행자보호의무위반,건조,맑음,교차로 - 교차로횡단보도내,화물,남,40세,상해없음,보행자,남,57세,부상신고
2022080300100282,2022년 8월 3일 14시,수요일,충청남도 홍성군 홍성읍,경상사고,0,0,3,0,차대차 - 정면충돌,안전운전불이행,건조,맑음,단일로 - 기타,화물,남,64세,상해없음,승용,여,42세,경상
2022080300100376,2022년 8월 3일 17시,수요일,충청남도 아산시 용화동,경상사고,0,0,1,0,차대차 - 기타,안전운전불이행,건조,맑음,교차로 - 교차로안,승용,여,56세,상해없음,승용,남,34세,경상
2022080300100415,2022년 8월 3일 18시,수요일,충청남도 당진시 원당동,경상사고,0,0,1,0,차대차 - 기타,안전운전불이행,건조,맑음,단일로 - 기타,승용,남,71세,상해없음,승용,여,25세,경상
2022080300100450,2022년 8월 3일 19시,수요일,충청남도 천안시 서북구 쌍용동,경상사고,0,0,1,0,차대사람 - 차도통행중,안전운전불이행,건조,맑음,단일로 - 기타,승용,남,40세,기타불명,보행자,남,40세,경상
2022080300100451,2022년 8월 3일 19시,수요일,충청남도 아산시 온천동,경상사고,0,0,2,0,차대차 - 기타,안전운전불이행,건조,맑음,교차로 - 교차로안,승용,여,24세,상해없음,개인형이동수단(PM),여,16세,경상
2022080300100452,2022년 8월 3일 19시,수요일,충청남도 천안시 동남구 신방동,부상신고사고,0,0,0,1,차대차 - 기타,안전운전불이행,건조,맑음,단일로 - 기타,기타불명,기타불명,미분류,기타불명,승용,남,29세,부상신고
2022080300100535,2022년 8월 3일 22시,수요일,충청남도 보령시 명천동,경상사고,0,0,1,0,차대차 - 추돌,안전운전불이행,건조,맑음,교차로 - 교차로부근,승용,여,42세,상해없음,이륜,남,26세,경상
2022080400100020,2022년 8월 4일 04시,목요일,충청남도 서산시 동문동,중상사고,0,1,0,0,차대차 - 기타,신호위반,건조,맑음,교차로 - 교차로안,승용,남,23세,상해없음,이륜,남,23세,중상
2022080400100029,2022년 8월 4일 05시,목요일,충청남도 서천군 서천읍,경상사고,0,0,1,0,차량단독 - 공작물충돌,안전운전불이행,건조,맑음,단일로 - 기타,화물,남,74세,경상,,,,
2022080400100039,2022년 8월 4일 06시,목요일,충청남도 천안시 서북구 성정동,경상사고,0,0,1,0,차대사람 - 횡단중,신호위반,건조,맑음,교차로 - 교차로부근,승용,남,51세,상해없음,보행자,남,20세,경상
2022080400100077,2022년 8월 4일 08시,목요일,충청남도 태안군 근흥면,중상사고,0,1,0,0,차대차 - 기타,안전운전불이행,건조,맑음,단일로 - 기타,승용,남,30세,상해없음,원동기,남,68세,중상
2022080400100107,2022년 8월 4일 09시,목요일,충청남도 천안시 서북구 직산읍,경상사고,0,0,4,0,차대차 - 측면충돌,안전거리미확보,건조,맑음,교차로 - 교차로부근,화물,남,54세,상해없음,승용,남,64세,경상
2022080400100108,2022년 8월 4일 09시,목요일,충청남도 보령시 주교면,경상사고,0,0,1,0,차대차 - 측면충돌,중앙선침범,건조,맑음,단일로 - 기타,승용,남,32세,상해없음,화물,남,55세,상해없음
2022080400100136,2022년 8월 4일 10시,목요일,충청남도 천안시 서북구 성거읍,경상사고,0,0,2,0,차대차 - 추돌,안전운전불이행,건조,맑음,단일로 - 기타,건설기계,남,57세,상해없음,승용,여,61세,경상
2022080400100166,2022년 8월 4일 11시,목요일,충청남도 계룡시 엄사면,경상사고,0,0,4,0,차대차 - 측면충돌,안전거리미확보,건조,맑음,단일로 - 기타,승용,남,40세,상해없음,승용,남,44세,경상
2022080400100203,2022년 8월 4일 12시,목요일,충청남도 천안시 동남구 청당동,경상사고,0,0,2,0,차대차 - 측면충돌,교차로운행방법위반,건조,맑음,교차로 - 교차로안,승용,남,52세,경상,승용,여,60세,경상