사고번호,사고일시,요일,시군구,사고내용,사망자수,중상자수,경상자수,부상신고자수,사고유형,법규위반,노면상태,기상상태,도로형태,가해운전자 차종,가해운전자 성별,가해운전자 연령,가해운전자 상해정도,피해운전자 차종,피해운전자 성별,피해운전자 연령,피해운전자 상해정도
2022080400100239,2022년 8월 4일 13시,목요일,충청남도 아산시 모종동,중상사고,0,3,1,0,차대차 - 측면충돌,교차로운행방법위반,건조,맑음,교차로 - 교차로안,승용,여,59세,경상,승용,남,50세,상해없음
2022080400100240,2022년 8월 4일 13시,목요일,충청남도 부여군 은산면,경상사고,0,0,1,0,차대차 - 기타,중앙선침범,건조,맑음,단일로 - 기타,건설기계,남,58세,상해없음,승용,여,51세,경상
2022080400100241,2022년 8월 4일 13시,목요일,충청남도 태안군 근흥면,경상사고,0,0,2,0,차대차 - 기타,중앙선침범,건조,맑음,단일로 - 기타,승용,남,67세,상해없음,승용,남,63세,경상
2022080400100274,2022년 8월 4일 14시,목요일,충청남도 부여군 홍산면,사망사고,1,0,0,0,차대사람 - 기타,안전운전불이행,건조,맑음,단일로 - 기타,승용,남,69세,상해없음,보행자,남,60세,사망
2022080400100275,2022년 8월 4일 14시,목요일,충청남도 천안시 동남구 동면,중상사고,0,1,1,0,차대차 - 측면충돌,교차로운행방법위반,건조,맑음,교차로 - 교차로안,승용,여,55세,중상,승용,여,60세,경상
2022080400100316,2022년 8월 4일 15시,목요일,충청남도 아산시 온천동,경상사고,0,0,2,0,차대차 - 측면충돌,안전운전불이행,건조,맑음,단일로 - 기타,승용,여,48세,상해없음,승용,남,62세,경상
2022080400100317,2022년 8월 4일 15시,목요일,충청남도 아산시 실옥동,경상사고,0,0,1,1,차대차 - 측면충돌,신호위반,건조,맑음,교차로 - 교차로안,이륜,남,39세,부상신고,승용,여,53세,경상
2022080400100318,2022년 8월 4일 15시,목요일,충청남도 서산시 운산면,경상사고,0,0,9,0,차대차 - 추돌,안전거리미확보,건조,맑음,기타 - 기타,승용,여,24세,경상,승용,남,38세,경상
2022080400100387,2022년 8월 4일 17시,목요일,충청남도 논산시 내동,경상사고,0,0,1,0,차대차 - 측면충돌,안전운전불이행,건조,맑음,교차로 - 교차로안,승용,남,53세,상해없음,승용,남,61세,경상
2022080400100425,2022년 8월 4일 18시,목요일,충청남도 서산시 성연면,경상사고,0,0,1,0,차대차 - 기타,교차로운행방법위반,건조,맑음,교차로 - 교차로안,승용,남,25세,상해없음,승용,남,35세,경상
2022080400100426,2022년 8월 4일 18시,목요일,충청남도 천안시 서북구 불당동,경상사고,0,0,1,0,차대차 - 측면충돌,안전운전불이행,건조,맑음,주차장 - 주차장,승용,남,40세,상해없음,승용,남,35세,경상
2022080400100456,2022년 8월 4일 19시,목요일,충청남도 천안시 서북구 쌍용동,부상신고사고,0,0,0,1,차대사람 - 기타,안전운전불이행,건조,맑음,기타 - 기타,승용,여,55세,상해없음,보행자,여,8세,부상신고
2022080400100457,2022년 8월 4일 19시,목요일,충청남도 천안시 동남구 청당동,경상사고,0,0,1,0,차대차 - 측면충돌,안전운전불이행,건조,맑음,단일로 - 기타,기타불명,기타불명,미분류,기타불명,승용,남,33세,경상
2022080400100485,2022년 8월 4일 20시,목요일,충청남도 천안시 서북구 불당동,경상사고,0,0,2,0,차대차 - 측면충돌,신호위반,건조,맑음,단일로 - 기타,원동기,남,20세,기타불명,승용,여,33세,경상
2022080400100486,2022년 8월 4일 20시,목요일,충청남도 아산시 인주면,경상사고,0,0,2,0,차대차 - 측면충돌,차로위반,건조,맑음,단일로 - 기타,화물,남,48세,상해없음,승용,남,56세,상해없음
2022080500100041,2022년 8월 5일 05시,금요일,충청남도 예산군 예산읍,중상사고,0,1,0,0,차량단독 - 공작물충돌,안전운전불이행,건조,흐림,주차장 - 주차장,승용,여,59세,중상,,,,
2022080500100062,2022년 8월 5일 07시,금요일,충청남도 천안시 서북구 쌍용동,중상사고,0,1,0,0,차대차 - 정면충돌,신호위반,건조,맑음,교차로 - 교차로안,화물,남,66세,상해없음,이륜,남,70세,중상
2022080500100063,2022년 8월 5일 07시,금요일,충청남도 청양군 청양읍,경상사고,0,0,1,0,차대차 - 측면충돌,직진우회전진행방해,젖음/습기,맑음,교차로 - 교차로안,화물,남,39세,상해없음,승용,여,33세,경상
2022080500100088,2022년 8월 5일 08시,금요일,충청남도 서산시 대산읍,경상사고,0,0,1,0,차대차 - 측면충돌,안전운전불이행,건조,맑음,단일로 - 기타,이륜,남,47세,경상,승용,남,59세,상해없음
2022080500100113,2022년 8월 5일 09시,금요일,충청남도 아산시 신창면,중상사고,0,1,0,0,차대사람 - 기타,안전운전불이행,건조,맑음,주차장 - 주차장,건설기계,남,28세,기타불명,보행자,여,51세,중상
2022080500100114,2022년 8월 5일 09시,금요일,충청남도 태안군 태안읍,중상사고,0,1,2,0,차대차 - 추돌,안전운전불이행,건조,맑음,단일로 - 기타,승용,여,64세,상해없음,승용,남,51세,중상
2022080500100184,2022년 8월 5일 11시,금요일,충청남도 천안시 서북구 성정동,경상사고,0,0,1,0,차대차 - 측면충돌,안전운전불이행,건조,맑음,교차로 - 교차로안,화물,남,39세,상해없음,승용,남,30세,경상
2022080500100216,2022년 8월 5일 12시,금요일,충청남도 논산시 연무읍,중상사고,0,2,0,0,차대차 - 측면충돌,안전운전불이행,건조,맑음,단일로 - 기타,승용,여,67세,상해없음,이륜,남,79세,중상
2022080500100217,2022년 8월 5일 12시,금요일,충청남도 금산군 금산읍,중상사고,0,1,1,0,차대차 - 측면충돌,안전운전불이행,건조,맑음,단일로 - 기타,승용,남,75세,상해없음,이륜,남,80세,중상
2022080500100256,2022년 8월 5일 13시,금요일,충청남도 부여군 홍산면,중상사고,0,1,0,0,차대차 - 측면충돌,안전운전불이행,건조,맑음,교차로 - 교차로안,승용,여,76세,상해없음,이륜,여,71세,중상
2022080500100257,2022년 8월 5일 13시,금요일,충청남도 당진시 송악읍,중상사고,0,6,0,0,차대차 - 기타,안전운전불이행,건조,맑음,단일로 - 기타,승용,여,46세,상해없음,승용,남,43세,중상
2022080500100291,2022년 8월 5일 14시,금요일,충청남도 공주시 유구읍,경상사고,0,0,1,0,차대차 - 측면충돌,신호위반,건조,맑음,교차로 - 교차로안,화물,남,57세,상해없음,승용,여,32세,경상
2022080500100373,2022년 8월 5일 16시,금요일,충청남도 부여군 남면,중상사고,0,1,0,0,차대차 - 측면충돌,신호위반,건조,맑음,교차로 - 교차로안,승용,남,82세,상해없음,이륜,남,66세,중상
2022080500100410,2022년 8월 5일 17시,금요일,충청남도 당진시 원당동,경상사고,0,0,2,0,차대차 - 정면충돌,신호위반,건조,맑음,교차로 - 교차로안,승용,여,47세,상해없음,승합,남,67세,경상
2022080500100464,2022년 8월 5일 18시,금요일,충청남도 천안시 서북구 두정동,경상사고,0,0,1,2,차대차 - 기타,안전운전불이행,건조,맑음,교차로 - 교차로안,승용,남,29세,경상,승용,남,29세,기타불명
2022080500100465,2022년 8월 5일 18시,금요일,충청남도 당진시 합덕읍,경상사고,0,0,1,0,차대차 - 정면충돌,안전운전불이행,건조,맑음,교차로 - 교차로안,승용,남,36세,상해없음,승용,남,32세,경상
2022080500100559,2022년 8월 5일 21시,금요일,충청남도 예산군 삽교읍,사망사고,1,0,0,0,차량단독 - 공작물충돌,안전운전불이행,건조,맑음,교차로 - 교차로부근,승용,남,42세,사망,,,,
2022080500100586,2022년 8월 5일 22시,금요일,충청남도 논산시 은진면,경상사고,0,0,1,0,차대차 - 추돌,안전거리미확보,건조,맑음,교차로 - 교차로안,승용,남,40세,상해없음,승용,남,27세,경상
2022080600100013,2022년 8월 6일 01시,토요일,충청남도 공주시 신관동,경상사고,0,0,1,0,차대차 - 후진중충돌,안전운전불이행,건조,맑음,단일로 - 기타,화물,남,34세,상해없음,승용,남,46세,경상
2022080600100029,2022년 8월 6일 03시,토요일,충청남도 천안시 서북구 두정동,경상사고,0,0,1,0,차대사람 - 기타,안전운전불이행,건조,맑음,교차로 - 교차로안,승용,여,38세,상해없음,보행자,남,20세,경상
2022080600100046,2022년 8월 6일 05시,토요일,충청남도 아산시 신창면,경상사고,0,0,1,0,차량단독 - 공작물충돌,안전운전불이행,젖음/습기,흐림,단일로 - 기타,승용,남,47세,경상,,,,
2022080600100062,2022년 8월 6일 07시,토요일,충청남도 공주시 반포면,중상사고,0,1,0,0,차대차 - 정면충돌,중앙선침범,건조,맑음,단일로 - 기타,승용,여,50세,기타불명,자전거,남,43세,중상
2022080600100080,2022년 8월 6일 08시,토요일,충청남도 천안시 서북구 성거읍,중상사고,0,1,0,0,차대차 - 기타,신호위반,건조,맑음,교차로 - 교차로안,승용,남,51세,상해없음,승용,남,47세,중상
2022080600100081,2022년 8월 6일 08시,토요일,충청남도 천안시 서북구 입장면,경상사고,0,0,1,0,차대사람 - 기타,안전운전불이행,건조,맑음,단일로 - 기타,화물,남,50세,상해없음,보행자,남,57세,경상
2022080600100082,2022년 8월 6일 08시,토요일,충청남도 천안시 서북구 불당동,경상사고,0,0,2,0,차대차 - 기타,안전거리미확보,건조,맑음,교차로 - 교차로부근,승용,남,67세,상해없음,승용,여,51세,경상
2022080600100125,2022년 8월 6일 10시,토요일,충청남도 청양군 청양읍,경상사고,0,0,1,0,차대차 - 추돌,안전운전불이행,건조,맑음,교차로 - 교차로부근,화물,남,33세,상해없음,승용,여,60세,경상
2022080600100227,2022년 8월 6일 13시,토요일,충청남도 예산군 응봉면,경상사고,0,0,4,0,차대차 - 추돌,안전운전불이행,건조,맑음,교차로 - 교차로안,건설기계,남,47세,상해없음,승용,남,41세,경상
2022080600100228,2022년 8월 6일 13시,토요일,충청남도 천안시 동남구 신방동,경상사고,0,0,1,0,차대차 - 측면충돌,안전운전불이행,건조,맑음,단일로 - 기타,승용,여,48세,상해없음,승용,남,32세,경상
2022080600100292,2022년 8월 6일 15시,토요일,충청남도 천안시 동남구 신방동,경상사고,0,0,1,0,차대차 - 측면충돌,차로위반,건조,맑음,단일로 - 기타,승용,남,77세,상해없음,승용,남,63세,경상
2022080600100324,2022년 8월 6일 16시,토요일,충청남도 서산시 팔봉면,경상사고,0,0,4,0,차대차 - 기타,안전운전불이행,건조,맑음,단일로 - 기타,승용,남,35세,상해없음,승용,여,35세,경상
2022080600100325,2022년 8월 6일 16시,토요일,충청남도 태안군 남면,경상사고,0,0,2,0,차대차 - 기타,안전운전불이행,건조,맑음,교차로 - 교차로부근,화물,남,59세,상해없음,승용,남,59세,경상
2022080600100355,2022년 8월 6일 17시,토요일,충청남도 서산시 음암면,중상사고,0,1,0,0,차대사람 - 기타,안전운전불이행,건조,맑음,단일로 - 기타,승합,남,58세,상해없음,보행자,남,12세,중상
2022080600100428,2022년 8월 6일 20시,토요일,충청남도 공주시 반포면,경상사고,0,0,1,0,차대사람 - 횡단중,안전운전불이행,건조,흐림,단일로 - 기타,이륜,남,23세,상해없음,보행자,남,32세,경상
2022080600100448,2022년 8월 6일 21시,토요일,충청남도 천안시 서북구 성정동,경상사고,0,0,1,0,차대차 - 기타,안전운전불이행,건조,맑음,기타 - 기타,승용,남,19세,상해없음,승용,여,59세,경상
2022080600100449,2022년 8월 6일 21시,토요일,충청남도 천안시 서북구 성정동,중상사고,0,1,0,0,차대차 - 기타,안전운전불이행,건조,맑음,교차로 - 교차로안,승용,남,36세,상해없음,이륜,남,32세,중상
2022080600100467,2022년 8월 6일 22시,토요일,충청남도 서산시 석림동,경상사고,0,0,1,0,차대사람 - 횡단중,보행자보호의무위반,건조,흐림,교차로 - 교차로횡단보도내,승용,여,62세,상해없음,보행자,여,41세,경상
2022080600100468,2022년 8월 6일 22시,토요일,충청남도 아산시 신창면,경상사고,0,0,1,0,차대사람 - 횡단중,보행자보호의무위반,건조,맑음,기타 - 기타,승용,남,24세,상해없음,보행자,여,20세,경상
2022080600100469,2022년 8월 6일 22시,토요일,충청남도 예산군 오가면,사망사고,1,0,0,0,차대사람 - 차도통행중,안전운전불이행,건조,맑음,단일로 - 기타,화물,남,40세,상해없음,보행자,남,50세,사망
2022080700100002,2022년 8월 7일 00시,일요일,충청남도 아산시 풍기동,경상사고,0,0,2,0,차대차 - 기타,안전운전불이행,건조,맑음,주차장 - 주차장,승용,남,15세,상해없음,승용,남,59세,기타불명
2022080700100015,2022년 8월 7일 01시,일요일,충청남도 천안시 동남구 신방동,경상사고,0,0,1,0,차대차 - 기타,교차로운행방법위반,건조,맑음,교차로 - 교차로안,승용,여,47세,경상,승용,남,52세,상해없음
2022080700100071,2022년 8월 7일 09시,일요일,충청남도 천안시 서북구 두정동,중상사고,0,1,0,0,차량단독 - 기타,기타,건조,맑음,단일로 - 고가도로위,승용,남,67세,상해없음,,,,
2022080700100072,2022년 8월 7일 09시,일요일,충청남도 아산시 인주면,경상사고,0,0,1,0,차대차 - 기타,안전운전불이행,건조,맑음,기타 - 기타,승용,여,27세,상해없음,승용,남,36세,경상
2022080700100106,2022년 8월 7일 11시,일요일,충청남도 부여군 부여읍,경상사고,0,0,3,0,차대차 - 측면충돌,안전운전불이행,건조,맑음,교차로 - 교차로안,이륜,남,26세,경상,승용,남,26세,경상
2022080700100125,2022년 8월 7일 12시,일요일,충청남도 공주시 우성면,경상사고,0,0,2,0,차대차 - 추돌,안전거리미확보,건조,맑음,교차로 - 교차로부근,승용,남,32세,상해없음,승용,남,28세,경상
2022080700100155,2022년 8월 7일 13시,일요일,충청남도 태안군 안면읍,경상사고,0,0,2,0,차대차 - 정면충돌,중앙선침범,건조,맑음,단일로 - 기타,승용,여,53세,상해없음,승용,남,28세,경상
2022080700100183,2022년 8월 7일 14시,일요일,충청남도 아산시 둔포면,중상사고,0,1,0,0,차대사람 - 기타,기타,건조,맑음,기타 - 기타,개인형이동수단(PM),여,15세,상해없음,보행자,여,9세,중상
2022080700100184,2022년 8월 7일 14시,일요일,충청남도 당진시 송악읍,중상사고,0,1,1,0,차대차 - 추돌,안전운전불이행,건조,맑음,단일로 - 기타,승용,남,21세,상해없음,승용,남,31세,중상
2022080700100226,2022년 8월 7일 16시,일요일,충청남도 홍성군 광천읍,중상사고,0,1,0,0,차대차 - 정면충돌,안전운전불이행,건조,맑음,교차로 - 교차로안,승용,남,78세,상해없음,이륜,남,68세,중상
2022080700100252,2022년 8월 7일 17시,일요일,충청남도 아산시 음봉면,경상사고,0,0,2,0,차대차 - 기타,중앙선침범,건조,맑음,단일로 - 기타,승용,남,78세,상해없음,승용,남,25세,경상
2022080700100253,2022년 8월 7일 17시,일요일,충청남도 서천군 서천읍,경상사고,0,0,2,0,차대차 - 후진중충돌,안전운전불이행,건조,맑음,교차로 - 교차로안,승합,남,56세,상해없음,승용,남,59세,경상
2022080700100327,2022년 8월 7일 20시,일요일,충청남도 천안시 서북구 성정동,중상사고,0,1,0,0,차대사람 - 기타,안전운전불이행,건조,맑음,교차로 - 교차로부근,승용,여,28세,상해없음,보행자,남,29세,중상
2022080700100328,2022년 8월 7일 20시,일요일,충청남도 서천군 장항읍,경상사고,0,0,2,0,차대차 - 측면충돌,신호위반,건조,맑음,교차로 - 교차로안,승용,여,61세,경상,화물,남,28세,경상
2022080800100006,2022년 8월 8일 00시,월요일,충청남도 천안시 서북구 쌍용동,경상사고,0,0,1,0,차대사람 - 기타,안전운전불이행,건조,맑음,교차로 - 교차로안,승용,남,33세,상해없음,보행자,남,25세,경상
2022080800100030,2022년 8월 8일 05시,월요일,충청남도 홍성군 홍성읍,사망사고,1,0,0,0,차대차 - 기타,안전운전불이행,건조,맑음,단일로 - 기타,화물,남,71세,상해없음,이륜,남,28세,사망
2022080800100078,2022년 8월 8일 08시,월요일,충청남도 천안시 동남구 신부동,경상사고,0,0,1,0,차대사람 - 기타,안전운전불이행,건조,맑음,단일로 - 기타,승합,남,55세,상해없음,보행자,여,69세,경상
2022080800100105,2022년 8월 8일 09시,월요일,충청남도 태안군 태안읍,경상사고,0,0,1,0,차대사람 - 기타,보행자보호의무위반,건조,맑음,교차로 - 교차로부근,화물,남,44세,상해없음,보행자,여,60세,경상
2022080800100159,2022년 8월 8일 11시,월요일,충청남도 아산시 둔포면,부상신고사고,0,0,0,1,차대차 - 측면충돌,안전운전불이행,건조,맑음,단일로 - 기타,이륜,남,72세,부상신고,승용,남,53세,상해없음
2022080800100160,2022년 8월 8일 11시,월요일,충청남도 아산시 탕정면,중상사고,0,1,0,0,차대차 - 추돌,안전운전불이행,건조,맑음,단일로 - 지하차도(도로)내,화물,남,39세,상해없음,화물,남,66세,중상
2022080800100188,2022년 8월 8일 12시,월요일,충청남도 서산시 읍내동,중상사고,0,1,0,0,차대차 - 기타,안전운전불이행,건조,맑음,교차로 - 교차로안,승용,여,61세,상해없음,이륜,남,30세,중상
2022080800100189,2022년 8월 8일 12시,월요일,충청남도 공주시 신관동,중상사고,0,1,0,0,차대차 - 측면충돌,안전운전불이행,건조,맑음,교차로 - 교차로안,승용,남,27세,상해없음,이륜,남,20세,중상
2022080800100253,2022년 8월 8일 14시,월요일,충청남도 천안시 서북구 두정동,경상사고,0,0,1,0,차대차 - 측면충돌,안전운전불이행,건조,맑음,단일로 - 기타,승용,남,39세,기타불명,승용,여,52세,경상
2022080800100254,2022년 8월 8일 14시,월요일,충청남도 논산시 취암동,경상사고,0,0,2,0,차대차 - 측면충돌,안전운전불이행,건조,맑음,교차로 - 교차로안,승용,남,65세,상해없음,승용,남,32세,경상
2022080800100255,2022년 8월 8일 14시,월요일,충청남도 아산시 배방읍,경상사고,0,0,1,0,차대차 - 기타,기타,젖음/습기,비,단일로 - 기타,건설기계,남,56세,상해없음,승용,여,24세,경상
2022080800100256,2022년 8월 8일 14시,월요일,충청남도 서천군 장항읍,경상사고,0,0,1,0,차대사람 - 기타,안전운전불이행,건조,맑음,단일로 - 기타,화물,남,73세,상해없음,보행자,여,87세,경상
2022080800100289,2022년 8월 8일 15시,월요일,충청남도 천안시 서북구 성정동,경상사고,0,0,1,0,차대차 - 측면충돌,교차로운행방법위반,젖음/습기,비,교차로 - 교차로안,승용,여,57세,상해없음,이륜,남,16세,경상
2022080800100290,2022년 8월 8일 15시,월요일,충청남도 아산시 배방읍,경상사고,0,0,1,0,차대차 - 측면충돌,안전거리미확보,젖음/습기,비,단일로 - 기타,화물,남,67세,상해없음,승용,여,41세,경상
2022080800100367,2022년 8월 8일 17시,월요일,충청남도 천안시 서북구 직산읍,경상사고,0,0,1,0,차대차 - 측면충돌,안전운전불이행,건조,맑음,단일로 - 기타,승용,여,51세,상해없음,승용,남,53세,경상
2022080800100368,2022년 8월 8일 17시,월요일,충청남도 아산시 음봉면,중상사고,0,1,0,0,차량단독 - 공작물충돌,안전운전불이행,젖음/습기,비,단일로 - 기타,승용,여,40세,중상,,,,
2022080800100369,2022년 8월 8일 17시,월요일,충청남도 보령시 남포면,중상사고,0,1,0,0,차대사람 - 횡단중,안전운전불이행,건조,맑음,교차로 - 교차로안,화물,남,79세,상해없음,보행자,남,13세,중상
2022080800100512,2022년 8월 8일 21시,월요일,충청남도 논산시 노성면,중상사고,0,1,0,0,차량단독 - 전도전복 - 전도,안전운전불이행,건조,맑음,교차로 - 교차로부근,화물,남,63세,중상,,,,
2022080800100513,2022년 8월 8일 21시,월요일,충청남도 보령시 신흑동,중상사고,0,1,5,0,차대차 - 측면충돌,기타,건조,맑음,교차로 - 교차로안,승용,남,26세,중상,화물,남,31세,경상
2022080800100514,2022년 8월 8일 21시,월요일,충청남도 천안시 동남구 목천읍,경상사고,0,0,1,0,차대차 - 측면충돌,안전운전불이행,건조,맑음,단일로 - 기타,기타불명,기타불명,미분류,기타불명,승용,여,48세,경상
2022080800100544,2022년 8월 8일 22시,월요일,충청남도 공주시 신관동,경상사고,0,0,1,0,차대차 - 추돌,안전운전불이행,건조,맑음,교차로 - 교차로부근,화물,남,50세,상해없음,승용,남,49세,경상
2022080900100052,2022년 8월 9일 07시,화요일,충청남도 천안시 서북구 성환읍,부상신고사고,0,0,0,1,차량단독 - 도로외이탈 - 추락,안전운전불이행,젖음/습기,흐림,단일로 - 기타,승용,여,39세,부상신고,,,,
2022080900100053,2022년 8월 9일 07시,화요일,충청남도 아산시 신창면,경상사고,0,0,2,0,차대차 - 측면충돌,신호위반,젖음/습기,비,교차로 - 교차로안,화물,남,78세,경상,건설기계,남,68세,경상
2022080900100079,2022년 8월 9일 08시,화요일,충청남도 금산군 부리면,중상사고,0,1,0,0,차대사람 - 차도통행중,안전운전불이행,건조,맑음,단일로 - 기타,화물,남,63세,상해없음,보행자,여,95세,중상
2022080900100110,2022년 8월 9일 09시,화요일,충청남도 예산군 덕산면,경상사고,0,0,2,0,차대차 - 측면충돌,직진우회전진행방해,건조,맑음,교차로 - 교차로안,승용,남,25세,경상,승용,여,24세,경상
2022080900100111,2022년 8월 9일 09시,화요일,충청남도 공주시 우성면,경상사고,0,0,2,1,차대차 - 추돌,안전운전불이행,건조,맑음,단일로 - 기타,승용,남,39세,부상신고,승용,여,54세,경상
2022080900100136,2022년 8월 9일 10시,화요일,충청남도 홍성군 갈산면,중상사고,0,1,1,0,차대차 - 추돌,안전거리미확보,건조,맑음,단일로 - 기타,승용,남,25세,상해없음,특수,남,59세,경상
2022080900100165,2022년 8월 9일 11시,화요일,충청남도 논산시 연산면,중상사고,0,1,0,0,차대차 - 측면충돌,중앙선침범,건조,맑음,기타 - 기타,승용,남,64세,상해없음,승용,남,85세,중상
2022080900100191,2022년 8월 9일 12시,화요일,충청남도 당진시 합덕읍,경상사고,0,0,1,0,차대차 - 정면충돌,안전운전불이행,건조,맑음,단일로 - 기타,화물,남,52세,상해없음,승용,여,61세,경상
2022080900100192,2022년 8월 9일 12시,화요일,충청남도 태안군 태안읍,중상사고,0,1,0,0,차대사람 - 차도통행중,안전운전불이행,건조,맑음,단일로 - 기타,승용,남,74세,상해없음,보행자,남,60세,중상
2022080900100222,2022년 8월 9일 13시,화요일,충청남도 천안시 서북구 성환읍,경상사고,0,0,2,0,차대차 - 기타,안전운전불이행,젖음/습기,비,기타 - 기타,승용,남,23세,경상,화물,남,39세,경상
2022080900100273,2022년 8월 9일 15시,화요일,충청남도 공주시 우성면,경상사고,0,0,2,0,차대차 - 추돌,안전운전불이행,건조,맑음,교차로 - 교차로부근,승용,남,77세,기타불명,승용,여,47세,경상
2022080900100274,2022년 8월 9일 15시,화요일,충청남도 예산군 덕산면,중상사고,0,1,2,0,차대차 - 기타,안전운전불이행,젖음/습기,흐림,단일로 - 기타,승용,남,73세,상해없음,승용,여,49세,경상
2022080900100303,2022년 8월 9일 16시,화요일,충청남도 금산군 남일면,중상사고,0,1,2,0,차대차 - 측면충돌,안전운전불이행,건조,맑음,교차로 - 교차로부근,승용,남,58세,상해없음,화물,남,50세,경상
2022080900100335,2022년 8월 9일 17시,화요일,충청남도 천안시 서북구 성정동,경상사고,0,0,1,0,차대차 - 기타,안전운전불이행,건조,맑음,기타 - 기타,승용,남,46세,상해없음,자전거,남,50세,경상
2022080900100375,2022년 8월 9일 18시,화요일,충청남도 아산시 온천동,경상사고,0,0,1,0,차대차 - 기타,안전운전불이행,건조,맑음,교차로 - 교차로안,승용,남,39세,상해없음,승용,여,39세,경상
2022080900100376,2022년 8월 9일 18시,화요일,충청남도 천안시 동남구 풍세면,경상사고,0,0,2,0,차대차 - 정면충돌,안전운전불이행,건조,맑음,교차로 - 교차로부근,승용,남,65세,상해없음,승용,여,44세,경상
2022080900100421,2022년 8월 9일 19시,화요일,충청남도 천안시 서북구 불당동,경상사고,0,0,1,0,차대차 - 기타,교차로운행방법위반,건조,맑음,기타 - 기타,승용,여,48세,상해없음,이륜,남,39세,경상
2022080900100422,2022년 8월 9일 19시,화요일,충청남도 아산시 음봉면,중상사고,0,1,0,0,차대차 - 측면충돌,중앙선침범,건조,맑음,교차로 - 교차로부근,승용,여,43세,상해없음,승용,남,50세,중상
2022080900100470,2022년 8월 9일 21시,화요일,충청남도 아산시 염치읍,중상사고,0,1,4,0,차대차 - 추돌,안전운전불이행,건조,흐림,교차로 - 교차로부근,승용,남,37세,상해없음,승용,남,40세,경상
2022081000100023,2022년 8월 10일 02시,수요일,충청남도 천안시 서북구 성정동,경상사고,0,0,1,0,차대차 - 정면충돌,중앙선침범,건조,맑음,교차로 - 교차로부근,승용,남,28세,상해없음,승용,남,27세,경상
2022081000100028,2022년 8월 10일 03시,수요일,충청남도 서산시 고북면,경상사고,0,0,1,0,차량단독 - 공작물충돌,안전운전불이행,젖음/습기,비,기타 - 기타,승용,남,62세,경상,,,,
2022081000100062,2022년 8월 10일 07시,수요일,충청남도 천안시 서북구 쌍용동,중상사고,0,1,1,0,차대차 - 기타,안전운전불이행,건조,맑음,교차로 - 교차로안,승용,남,44세,상해없음,승합,남,55세,중상
2022081000100085,2022년 8월 10일 08시,수요일,충청남도 아산시 둔포면,중상사고,0,1,2,0,차대차 - 기타,안전운전불이행,젖음/습기,비,교차로 - 교차로안,승용,남,63세,경상,승용,남,37세,경상
2022081000100086,2022년 8월 10일 08시,수요일,충청남도 부여군 부여읍,사망사고,1,0,0,0,차대차 - 측면충돌,안전운전불이행,젖음/습기,비,교차로 - 교차로횡단보도내,승합,남,57세,상해없음,자전거,여,72세,사망
2022081000100160,2022년 8월 10일 11시,수요일,충청남도 아산시 배방읍,중상사고,0,1,2,0,차대차 - 기타,신호위반,건조,맑음,교차로 - 교차로부근,승용,남,50세,상해없음,승용,남,60세,경상
2022081000100195,2022년 8월 10일 12시,수요일,충청남도 아산시 탕정면,중상사고,0,1,0,0,차대차 - 측면충돌,교차로운행방법위반,젖음/습기,흐림,교차로 - 교차로안,승용,남,62세,상해없음,승용,여,45세,중상
2022081000100241,2022년 8월 10일 14시,수요일,충청남도 천안시 서북구 쌍용동,경상사고,0,0,3,0,차대차 - 측면충돌,신호위반,건조,맑음,교차로 - 교차로부근,승용,여,67세,경상,승용,남,29세,경상
2022081000100242,2022년 8월 10일 14시,수요일,충청남도 공주시 신풍면,사망사고,1,0,0,0,차량단독 - 공작물충돌,안전운전불이행,젖음/습기,비,단일로 - 기타,화물,남,52세,사망,,,,
2022081000100346,2022년 8월 10일 17시,수요일,충청남도 천안시 동남구 성남면,경상사고,0,0,2,0,차대차 - 정면충돌,안전운전불이행,건조,맑음,교차로 - 교차로안,승용,여,56세,기타불명,승용,남,43세,경상
2022081000100430,2022년 8월 10일 19시,수요일,충청남도 홍성군 홍성읍,중상사고,0,1,0,0,차대차 - 측면충돌,신호위반,건조,맑음,교차로 - 교차로안,승용,남,50세,상해없음,승용,여,41세,중상
2022081000100549,2022년 8월 10일 23시,수요일,충청남도 천안시 서북구 두정동,경상사고,0,0,1,0,차대차 - 추돌,안전운전불이행,젖음/습기,비,단일로 - 기타,승용,남,32세,상해없음,승용,여,26세,경상
2022081100100007,2022년 8월 11일 00시,목요일,충청남도 당진시 읍내동,경상사고,0,0,1,0,차대차 - 정면충돌,중앙선침범,건조,맑음,단일로 - 교량,승용,남,70세,상해없음,승용,남,66세,경상
2022081100100020,2022년 8월 11일 02시,목요일,충청남도 당진시 송악읍,경상사고,0,0,1,0,차대차 - 추돌,안전거리미확보,건조,맑음,교차로 - 교차로부근,승용,남,26세,상해없음,승용,남,46세,경상
2022081100100032,2022년 8월 11일 04시,목요일,충청남도 보령시 웅천읍,사망사고,1,1,0,0,차대차 - 추돌,안전운전불이행,젖음/습기,비,기타 - 기타,특수,남,47세,사망,화물,남,52세,중상
2022081100100033,2022년 8월 11일 04시,목요일,충청남도 보령시 웅천읍,경상사고,0,0,1,0,차량단독 - 전도전복 - 전도,안전운전불이행,젖음/습기,비,단일로 - 기타,화물,남,52세,경상,,,,