사고번호,사고일시,요일,시군구,사고내용,사망자수,중상자수,경상자수,부상신고자수,사고유형,법규위반,노면상태,기상상태,도로형태,가해운전자 차종,가해운전자 성별,가해운전자 연령,가해운전자 상해정도,피해운전자 차종,피해운전자 성별,피해운전자 연령,피해운전자 상해정도
2022081100100034,2022년 8월 11일 04시,목요일,충청남도 보령시 웅천읍,경상사고,0,0,1,0,차량단독 - 기타,안전운전불이행,젖음/습기,흐림,단일로 - 기타,승용,남,40세,경상,,,,
2022081100100035,2022년 8월 11일 04시,목요일,충청남도 보령시 웅천읍,경상사고,0,0,1,0,차량단독 - 기타,안전운전불이행,젖음/습기,흐림,단일로 - 기타,승용,남,49세,경상,,,,
2022081100100045,2022년 8월 11일 05시,목요일,충청남도 천안시 서북구 성정동,경상사고,0,0,2,0,차대차 - 측면충돌,기타,젖음/습기,비,교차로 - 교차로안,승용,남,34세,상해없음,승합,남,53세,경상
2022081100100046,2022년 8월 11일 05시,목요일,충청남도 당진시 채운동,경상사고,0,0,1,0,차대차 - 정면충돌,신호위반,건조,맑음,교차로 - 교차로부근,승합,남,49세,상해없음,승용,남,35세,경상
2022081100100047,2022년 8월 11일 05시,목요일,충청남도 청양군 대치면,경상사고,0,0,1,0,차량단독 - 공작물충돌,안전운전불이행,젖음/습기,비,단일로 - 기타,화물,남,51세,경상,,,,
2022081100100064,2022년 8월 11일 07시,목요일,충청남도 아산시 탕정면,경상사고,0,0,1,0,차대차 - 기타,안전운전불이행,젖음/습기,비,교차로 - 교차로안,승용,남,74세,상해없음,승용,남,37세,경상
2022081100100101,2022년 8월 11일 09시,목요일,충청남도 천안시 서북구 두정동,경상사고,0,0,2,0,차대차 - 기타,신호위반,젖음/습기,비,교차로 - 교차로횡단보도내,승용,남,41세,상해없음,승합,남,59세,경상
2022081100100144,2022년 8월 11일 11시,목요일,충청남도 천안시 서북구 두정동,경상사고,0,0,1,0,차대차 - 측면충돌,신호위반,젖음/습기,비,교차로 - 교차로안,승용,여,56세,상해없음,승용,여,50세,경상
2022081100100145,2022년 8월 11일 11시,목요일,충청남도 천안시 서북구 불당동,중상사고,0,1,0,0,차대차 - 기타,안전운전불이행,젖음/습기,흐림,단일로 - 기타,승용,남,51세,상해없음,원동기,남,62세,중상
2022081100100172,2022년 8월 11일 12시,목요일,충청남도 예산군 오가면,경상사고,0,0,1,0,차대차 - 후진중충돌,안전운전불이행,젖음/습기,비,교차로 - 교차로부근,화물,남,65세,상해없음,승용,여,45세,경상
2022081100100211,2022년 8월 11일 13시,목요일,충청남도 서산시 동문동,중상사고,0,1,0,0,차대사람 - 횡단중,보행자보호의무위반,젖음/습기,비,교차로 - 교차로안,승용,여,56세,상해없음,보행자,여,63세,중상
2022081100100273,2022년 8월 11일 15시,목요일,충청남도 천안시 동남구 청당동,경상사고,0,0,2,0,차대차 - 정면충돌,중앙선침범,젖음/습기,비,단일로 - 기타,승용,여,64세,상해없음,승용,여,44세,경상
2022081100100274,2022년 8월 11일 15시,목요일,충청남도 천안시 동남구 구성동,경상사고,0,0,1,0,차대차 - 기타,직진우회전진행방해,건조,맑음,교차로 - 교차로안,승용,남,53세,상해없음,승용,여,66세,경상
2022081100100379,2022년 8월 11일 18시,목요일,충청남도 천안시 동남구 용곡동,중상사고,0,1,0,0,차대차 - 측면충돌,안전운전불이행,건조,흐림,단일로 - 기타,승용,남,40세,상해없음,화물,남,45세,중상
2022081100100410,2022년 8월 11일 19시,목요일,충청남도 아산시 온천동,중상사고,0,1,0,0,차대차 - 측면충돌,안전운전불이행,젖음/습기,비,교차로 - 교차로안,기타불명,기타불명,미분류,기타불명,승용,여,42세,중상
2022081100100434,2022년 8월 11일 20시,목요일,충청남도 천안시 서북구 성거읍,경상사고,0,0,1,0,차대차 - 추돌,안전운전불이행,젖음/습기,비,단일로 - 기타,승용,여,45세,상해없음,승용,남,35세,경상
2022081100100435,2022년 8월 11일 20시,목요일,충청남도 천안시 동남구 구성동,경상사고,0,0,1,0,차대사람 - 기타,안전운전불이행,젖음/습기,맑음,주차장 - 주차장,승용,남,45세,상해없음,보행자,여,57세,경상
2022081100100436,2022년 8월 11일 20시,목요일,충청남도 천안시 동남구 구성동,경상사고,0,0,1,0,차대차 - 측면충돌,교차로운행방법위반,젖음/습기,비,교차로 - 교차로안,승용,여,53세,상해없음,이륜,남,28세,경상
2022081100100464,2022년 8월 11일 21시,목요일,충청남도 서산시 성연면,중상사고,0,1,0,0,차대차 - 추돌,안전운전불이행,건조,맑음,교차로 - 교차로안,승용,남,63세,상해없음,승용,여,55세,중상
2022081100100473,2022년 8월 11일 22시,목요일,충청남도 천안시 서북구 두정동,경상사고,0,0,2,0,차대차 - 정면충돌,신호위반,건조,맑음,교차로 - 교차로안,승용,여,38세,상해없음,승용,여,27세,경상
2022081200100121,2022년 8월 12일 09시,금요일,충청남도 서산시 운산면,경상사고,0,0,4,0,차대차 - 정면충돌,안전운전불이행,건조,맑음,단일로 - 기타,화물,남,69세,경상,화물,여,41세,경상
2022081200100122,2022년 8월 12일 09시,금요일,충청남도 천안시 서북구 백석동,경상사고,0,0,2,0,차대차 - 기타,안전운전불이행,건조,맑음,단일로 - 기타,승용,남,45세,상해없음,승용,여,39세,경상
2022081200100123,2022년 8월 12일 09시,금요일,충청남도 보령시 명천동,중상사고,0,1,0,0,차대사람 - 차도통행중,안전운전불이행,건조,맑음,단일로 - 기타,화물,남,69세,상해없음,보행자,여,63세,중상
2022081200100234,2022년 8월 12일 12시,금요일,충청남도 천안시 서북구 두정동,경상사고,0,0,1,0,차대차 - 기타,교차로운행방법위반,건조,맑음,교차로 - 교차로안,승용,여,52세,상해없음,이륜,남,25세,경상
2022081200100271,2022년 8월 12일 13시,금요일,충청남도 천안시 서북구 불당동,경상사고,0,0,2,0,차대차 - 기타,신호위반,건조,맑음,교차로 - 교차로부근,승용,남,58세,상해없음,승용,여,31세,경상
2022081200100272,2022년 8월 12일 13시,금요일,충청남도 아산시 배방읍,경상사고,0,0,1,0,차대차 - 측면충돌,안전거리미확보,건조,맑음,교차로 - 교차로부근,승용,여,60세,상해없음,승용,여,30세,경상
2022081200100273,2022년 8월 12일 13시,금요일,충청남도 보령시 동대동,중상사고,0,1,0,0,차대사람 - 횡단중,보행자보호의무위반,건조,맑음,교차로 - 교차로횡단보도내,승용,남,39세,상해없음,보행자,여,73세,중상
2022081200100274,2022년 8월 12일 13시,금요일,충청남도 금산군 금산읍,경상사고,0,0,1,0,차대차 - 측면충돌,교차로운행방법위반,건조,맑음,교차로 - 교차로안,화물,남,59세,상해없음,승용,남,32세,경상
2022081200100303,2022년 8월 12일 14시,금요일,충청남도 예산군 삽교읍,경상사고,0,0,1,0,차대차 - 측면충돌,교차로운행방법위반,건조,맑음,교차로 - 교차로횡단보도내,승용,여,55세,상해없음,승용,남,45세,경상
2022081200100334,2022년 8월 12일 15시,금요일,충청남도 예산군 덕산면,중상사고,0,2,0,0,차대차 - 측면충돌,직진우회전진행방해,건조,맑음,단일로 - 기타,승용,남,74세,상해없음,승용,남,57세,중상
2022081200100377,2022년 8월 12일 16시,금요일,충청남도 서천군 종천면,중상사고,0,1,0,0,차대차 - 측면충돌,안전운전불이행,건조,맑음,교차로 - 교차로안,원동기,남,77세,중상,화물,남,76세,상해없음
2022081200100378,2022년 8월 12일 16시,금요일,충청남도 예산군 봉산면,중상사고,0,1,1,0,차대차 - 추돌,안전운전불이행,건조,맑음,단일로 - 기타,화물,남,49세,상해없음,농기계,남,78세,중상
2022081200100421,2022년 8월 12일 17시,금요일,충청남도 천안시 서북구 백석동,경상사고,0,0,1,0,차대차 - 추돌,안전운전불이행,건조,맑음,교차로 - 교차로안,승용,남,58세,상해없음,승용,남,38세,경상
2022081200100422,2022년 8월 12일 17시,금요일,충청남도 아산시 인주면,경상사고,0,0,1,0,차대차 - 측면충돌,안전운전불이행,건조,맑음,교차로 - 교차로안,승용,남,23세,상해없음,승용,여,57세,경상
2022081200100424,2022년 8월 12일 17시,금요일,충청남도 천안시 동남구 영성동,중상사고,0,1,0,0,차대사람 - 횡단중,보행자보호의무위반,건조,맑음,교차로 - 교차로횡단보도내,승합,남,68세,상해없음,보행자,여,88세,중상
2022081200100466,2022년 8월 12일 18시,금요일,충청남도 아산시 인주면,경상사고,0,0,1,1,차대차 - 추돌,안전운전불이행,건조,맑음,단일로 - 기타,화물,남,49세,부상신고,화물,남,51세,경상
2022081200100467,2022년 8월 12일 18시,금요일,충청남도 천안시 동남구 신부동,경상사고,0,0,1,0,차대차 - 기타,안전운전불이행,건조,맑음,단일로 - 기타,승용,여,33세,상해없음,승용,남,48세,경상
2022081200100512,2022년 8월 12일 19시,금요일,충청남도 부여군 부여읍,중상사고,0,1,0,0,차대차 - 기타,안전운전불이행,건조,맑음,단일로 - 기타,승용,남,20세,상해없음,이륜,남,28세,중상
2022081200100558,2022년 8월 12일 20시,금요일,충청남도 논산시 관촉동,중상사고,0,1,0,0,차대사람 - 보도통행중,보행자보호의무위반,건조,맑음,단일로 - 기타,승용,남,69세,상해없음,보행자,남,31세,중상
2022081200100559,2022년 8월 12일 20시,금요일,충청남도 금산군 금성면,중상사고,0,1,0,0,차대사람 - 차도통행중,안전운전불이행,건조,맑음,단일로 - 기타,승용,남,22세,상해없음,보행자,여,86세,중상
2022081200100614,2022년 8월 12일 22시,금요일,충청남도 천안시 서북구 신당동,경상사고,0,0,1,0,차량단독 - 전도전복 - 전도,안전운전불이행,건조,맑음,단일로 - 기타,이륜,남,28세,경상,,,,
2022081200100615,2022년 8월 12일 22시,금요일,충청남도 천안시 서북구 성환읍,사망사고,1,0,0,0,차량단독 - 공작물충돌,안전운전불이행,건조,맑음,단일로 - 기타,승용,남,35세,사망,,,,
2022081300100038,2022년 8월 13일 03시,토요일,충청남도 아산시 온천동,중상사고,0,1,0,0,차대사람 - 기타,보행자보호의무위반,건조,흐림,교차로 - 교차로부근,승용,남,24세,상해없음,보행자,여,81세,중상
2022081300100079,2022년 8월 13일 08시,토요일,충청남도 천안시 서북구 직산읍,경상사고,0,0,1,0,차대차 - 기타,중앙선침범,건조,맑음,교차로 - 교차로안,승용,여,57세,상해없음,승용,남,39세,경상
2022081300100080,2022년 8월 13일 08시,토요일,충청남도 서천군 시초면,경상사고,0,0,1,0,차대차 - 측면충돌,안전운전불이행,건조,맑음,단일로 - 기타,승용,남,83세,경상,화물,남,63세,상해없음
2022081300100096,2022년 8월 13일 09시,토요일,충청남도 서천군 화양면,경상사고,0,0,1,0,차대차 - 측면충돌,직진우회전진행방해,건조,맑음,교차로 - 교차로안,승용,남,59세,상해없음,승용,여,60세,경상
2022081300100097,2022년 8월 13일 09시,토요일,충청남도 공주시 신관동,경상사고,0,0,2,0,차대차 - 측면충돌,신호위반,젖음/습기,비,교차로 - 교차로안,승용,여,29세,기타불명,승용,남,50세,경상
2022081300100123,2022년 8월 13일 10시,토요일,충청남도 논산시 양촌면,경상사고,0,0,1,1,차대차 - 정면충돌,중앙선침범,건조,흐림,교차로 - 교차로부근,화물,여,53세,부상신고,화물,남,64세,경상
2022081300100145,2022년 8월 13일 11시,토요일,충청남도 논산시 내동,경상사고,0,0,1,0,차대차 - 측면충돌,신호위반,건조,흐림,교차로 - 교차로안,자전거,남,84세,경상,승용,여,33세,상해없음
2022081300100185,2022년 8월 13일 12시,토요일,충청남도 아산시 배방읍,중상사고,0,1,1,0,차대차 - 기타,안전운전불이행,건조,맑음,교차로 - 교차로부근,승용,여,58세,상해없음,승용,남,53세,중상
2022081300100186,2022년 8월 13일 12시,토요일,충청남도 공주시 이인면,중상사고,0,1,0,0,차량단독 - 공작물충돌,안전운전불이행,젖음/습기,비,단일로 - 기타,승용,남,59세,중상,,,,
2022081300100229,2022년 8월 13일 13시,토요일,충청남도 논산시 내동,경상사고,0,0,1,0,차대차 - 후진중충돌,불법유턴,젖음/습기,비,단일로 - 기타,승용,남,80세,상해없음,승용,남,30세,경상
2022081300100230,2022년 8월 13일 13시,토요일,충청남도 공주시 옥룡동,경상사고,0,0,2,0,차대차 - 측면충돌,안전운전불이행,젖음/습기,비,단일로 - 교량,승용,여,45세,상해없음,승용,남,68세,경상
2022081300100263,2022년 8월 13일 14시,토요일,충청남도 서천군 서천읍,경상사고,0,0,3,0,차대차 - 추돌,안전운전불이행,젖음/습기,비,교차로 - 교차로부근,승용,남,74세,상해없음,승용,남,54세,경상
2022081300100264,2022년 8월 13일 14시,토요일,충청남도 천안시 서북구 입장면,경상사고,0,0,1,0,차대차 - 기타,안전운전불이행,젖음/습기,비,주차장 - 주차장,승용,남,70세,상해없음,화물,남,51세,경상
2022081300100300,2022년 8월 13일 15시,토요일,충청남도 천안시 서북구 성거읍,경상사고,0,0,1,0,차대차 - 기타,안전운전불이행,젖음/습기,비,기타 - 기타,승용,남,29세,기타불명,승용,여,33세,경상
2022081300100301,2022년 8월 13일 15시,토요일,충청남도 천안시 동남구 신부동,경상사고,0,0,3,0,차대차 - 측면충돌,교차로운행방법위반,건조,맑음,교차로 - 교차로안,승합,남,75세,기타불명,승용,남,27세,경상
2022081300100355,2022년 8월 13일 17시,토요일,충청남도 아산시 둔포면,경상사고,0,0,1,0,차대차 - 추돌,안전운전불이행,건조,맑음,단일로 - 기타,승용,남,27세,상해없음,승용,여,50세,경상
2022081300100385,2022년 8월 13일 18시,토요일,충청남도 공주시 반포면,경상사고,0,0,3,0,차대차 - 기타,안전운전불이행,건조,맑음,교차로 - 교차로부근,승용,남,65세,상해없음,승용,남,62세,상해없음
2022081300100386,2022년 8월 13일 18시,토요일,충청남도 금산군 금산읍,중상사고,0,1,0,0,차대사람 - 횡단중,안전운전불이행,건조,맑음,단일로 - 기타,승합,남,50세,상해없음,보행자,남,6세,중상
2022081300100419,2022년 8월 13일 19시,토요일,충청남도 아산시 배방읍,중상사고,0,1,0,0,차대차 - 측면충돌,신호위반,건조,흐림,교차로 - 교차로안,승용,남,59세,상해없음,이륜,남,62세,중상
2022081300100420,2022년 8월 13일 19시,토요일,충청남도 당진시 신평면,사망사고,1,0,0,0,차량단독 - 도로외이탈 - 추락,안전운전불이행,건조,맑음,단일로 - 기타,승합,남,56세,사망,,,,
2022081300100451,2022년 8월 13일 20시,토요일,충청남도 서천군 기산면,경상사고,0,0,1,0,차대차 - 추돌,안전운전불이행,건조,맑음,교차로 - 교차로부근,화물,남,71세,상해없음,농기계,남,74세,경상
2022081300100452,2022년 8월 13일 20시,토요일,충청남도 천안시 동남구 신부동,경상사고,0,0,1,0,차대사람 - 보도통행중,안전운전불이행,건조,맑음,단일로 - 교량,승용,여,51세,상해없음,보행자,여,15세,경상
2022081300100502,2022년 8월 13일 22시,토요일,충청남도 홍성군 홍성읍,경상사고,0,0,1,0,차대차 - 기타,안전운전불이행,젖음/습기,비,단일로 - 기타,승용,남,46세,상해없음,승용,남,20세,경상
2022081400100059,2022년 8월 14일 07시,일요일,충청남도 서산시 대산읍,중상사고,0,1,0,1,차대차 - 기타,안전운전불이행,건조,맑음,단일로 - 기타,승용,남,83세,상해없음,승용,남,51세,부상신고
2022081400100060,2022년 8월 14일 07시,일요일,충청남도 천안시 동남구 성남면,경상사고,0,0,1,0,차대차 - 추돌,안전운전불이행,젖음/습기,비,단일로 - 기타,승용,남,24세,상해없음,승용,남,28세,경상
2022081400100064,2022년 8월 14일 08시,일요일,충청남도 아산시 음봉면,경상사고,0,0,1,0,차대차 - 추돌,안전운전불이행,건조,맑음,교차로 - 교차로부근,승용,남,38세,상해없음,화물,남,32세,경상
2022081400100137,2022년 8월 14일 12시,일요일,충청남도 서산시 해미면,중상사고,0,4,2,0,차대차 - 정면충돌,중앙선침범,젖음/습기,비,단일로 - 기타,승용,남,65세,중상,승용,남,38세,경상
2022081400100138,2022년 8월 14일 12시,일요일,충청남도 천안시 서북구 성성동,경상사고,0,0,1,0,차대차 - 기타,안전운전불이행,젖음/습기,비,단일로 - 기타,승용,남,27세,상해없음,이륜,남,43세,경상
2022081400100139,2022년 8월 14일 12시,일요일,충청남도 청양군 장평면,경상사고,0,0,1,0,차량단독 - 전도전복 - 전도,안전운전불이행,젖음/습기,비,단일로 - 고가도로위,이륜,남,78세,경상,,,,
2022081400100242,2022년 8월 14일 17시,일요일,충청남도 천안시 서북구 두정동,경상사고,0,0,2,0,차대차 - 추돌,안전운전불이행,건조,맑음,교차로 - 교차로부근,승용,남,68세,상해없음,승용,남,30세,경상
2022081400100268,2022년 8월 14일 18시,일요일,충청남도 예산군 예산읍,경상사고,0,0,2,0,차대차 - 측면충돌,안전운전불이행,건조,맑음,교차로 - 교차로부근,화물,남,73세,경상,승용,남,59세,경상
2022081400100298,2022년 8월 14일 19시,일요일,충청남도 천안시 서북구 성정동,중상사고,0,1,0,0,차대차 - 측면충돌,신호위반,젖음/습기,비,교차로 - 교차로안,이륜,남,45세,중상,승용,남,27세,상해없음
2022081400100299,2022년 8월 14일 19시,일요일,충청남도 홍성군 홍성읍,경상사고,0,0,1,0,차대차 - 정면충돌,중앙선침범,건조,맑음,단일로 - 기타,승용,남,43세,상해없음,이륜,남,25세,경상
2022081400100322,2022년 8월 14일 20시,일요일,충청남도 천안시 서북구 백석동,경상사고,0,0,1,0,차대차 - 기타,안전운전불이행,젖음/습기,흐림,단일로 - 기타,승용,남,61세,상해없음,승용,남,35세,경상
2022081400100341,2022년 8월 14일 21시,일요일,충청남도 공주시 신관동,중상사고,0,2,0,0,차대차 - 기타,안전운전불이행,건조,맑음,단일로 - 교량,이륜,남,28세,중상,승용,남,54세,중상
2022081400100362,2022년 8월 14일 22시,일요일,충청남도 천안시 동남구 목천읍,중상사고,0,1,0,0,차대차 - 측면충돌,교차로운행방법위반,건조,맑음,교차로 - 교차로안,화물,남,57세,상해없음,이륜,남,35세,중상
2022081400100379,2022년 8월 14일 23시,일요일,충청남도 아산시 배방읍,경상사고,0,0,2,0,차대차 - 추돌,안전운전불이행,건조,맑음,단일로 - 기타,승용,여,26세,상해없음,승용,남,32세,경상
2022081500100035,2022년 8월 15일 04시,월요일,충청남도 예산군 예산읍,경상사고,0,0,2,0,차대차 - 정면충돌,신호위반,건조,맑음,교차로 - 교차로안,승용,여,53세,상해없음,승용,남,19세,경상
2022081500100085,2022년 8월 15일 09시,월요일,충청남도 예산군 예산읍,경상사고,0,0,2,0,차대차 - 측면충돌,안전운전불이행,건조,맑음,단일로 - 기타,승용,여,62세,경상,승용,남,68세,경상
2022081500100162,2022년 8월 15일 12시,월요일,충청남도 천안시 서북구 두정동,경상사고,0,0,1,0,차대차 - 기타,차로위반,건조,맑음,단일로 - 기타,승용,여,30세,상해없음,승합,남,50세,상해없음
2022081500100253,2022년 8월 15일 15시,월요일,충청남도 공주시 반포면,경상사고,0,0,2,0,차대차 - 후진중충돌,안전운전불이행,건조,맑음,교차로 - 교차로부근,승용,남,63세,상해없음,승용,남,37세,경상
2022081500100281,2022년 8월 15일 16시,월요일,충청남도 보령시 신흑동,중상사고,0,6,2,0,차대차 - 정면충돌,중앙선침범,건조,흐림,단일로 - 기타,승용,남,35세,경상,승합,남,40세,중상
2022081500100282,2022년 8월 15일 16시,월요일,충청남도 보령시 궁촌동,경상사고,0,0,1,0,차대차 - 추돌,안전운전불이행,젖음/습기,비,단일로 - 기타,승용,남,74세,상해없음,승용,남,48세,경상
2022081500100359,2022년 8월 15일 19시,월요일,충청남도 서산시 지곡면,경상사고,0,0,1,0,차대차 - 측면충돌,교차로운행방법위반,건조,맑음,교차로 - 교차로부근,화물,남,57세,상해없음,이륜,남,29세,경상
2022081500100360,2022년 8월 15일 19시,월요일,충청남도 부여군 부여읍,중상사고,0,1,1,0,차대차 - 기타,중앙선침범,건조,맑음,단일로 - 기타,승용,남,73세,상해없음,승용,남,34세,중상
2022081500100382,2022년 8월 15일 20시,월요일,충청남도 홍성군 홍성읍,경상사고,0,0,1,0,차대사람 - 횡단중,보행자보호의무위반,젖음/습기,비,교차로 - 교차로안,승용,남,54세,상해없음,보행자,여,64세,경상
2022081500100383,2022년 8월 15일 20시,월요일,충청남도 아산시 배방읍,경상사고,0,0,1,0,차대차 - 기타,신호위반,건조,맑음,교차로 - 교차로안,승용,여,28세,상해없음,승용,남,60세,경상
2022081500100410,2022년 8월 15일 21시,월요일,충청남도 서산시 동문동,경상사고,0,0,1,0,차대차 - 추돌,안전운전불이행,젖음/습기,비,기타 - 기타,화물,남,61세,상해없음,승용,남,27세,경상
2022081500100411,2022년 8월 15일 21시,월요일,충청남도 아산시 영인면,경상사고,0,0,3,0,차대차 - 기타,차로위반,젖음/습기,비,단일로 - 기타,화물,남,60세,상해없음,승용,남,32세,경상
2022081500100426,2022년 8월 15일 22시,월요일,충청남도 천안시 동남구 봉명동,경상사고,0,0,1,0,차대차 - 추돌,안전운전불이행,젖음/습기,비,교차로 - 교차로부근,승용,남,47세,상해없음,이륜,남,27세,경상
2022081500100447,2022년 8월 15일 23시,월요일,충청남도 천안시 서북구 백석동,중상사고,0,1,0,0,차대사람 - 횡단중,신호위반,젖음/습기,비,단일로 - 기타,원동기,남,36세,상해없음,보행자,남,33세,중상
2022081600100004,2022년 8월 16일 00시,화요일,충청남도 천안시 동남구 청당동,경상사고,0,0,1,0,차대차 - 기타,안전운전불이행,건조,맑음,단일로 - 기타,승용,남,47세,상해없음,승용,남,34세,경상
2022081600100021,2022년 8월 16일 03시,화요일,충청남도 천안시 서북구 성정동,중상사고,0,1,0,0,차대차 - 기타,안전운전불이행,건조,맑음,교차로 - 교차로안,승용,남,39세,상해없음,이륜,남,29세,중상
2022081600100030,2022년 8월 16일 05시,화요일,충청남도 아산시 온천동,중상사고,0,1,0,0,차대사람 - 횡단중,안전운전불이행,건조,맑음,교차로 - 교차로부근,승용,남,25세,상해없음,보행자,여,66세,중상
2022081600100038,2022년 8월 16일 06시,화요일,충청남도 천안시 서북구 백석동,경상사고,0,0,1,0,차대차 - 측면충돌,안전운전불이행,건조,맑음,교차로 - 교차로안,승용,남,37세,상해없음,개인형이동수단(PM),남,36세,경상
2022081600100039,2022년 8월 16일 06시,화요일,충청남도 홍성군 홍동면,경상사고,0,0,1,0,차대차 - 측면충돌,신호위반,건조,맑음,교차로 - 교차로안,승용,남,49세,상해없음,승용,여,62세,경상
2022081600100081,2022년 8월 16일 08시,화요일,충청남도 천안시 서북구 성정동,경상사고,0,0,1,0,차대차 - 추돌,안전운전불이행,젖음/습기,흐림,단일로 - 기타,승용,남,81세,상해없음,승용,남,48세,경상
2022081600100186,2022년 8월 16일 11시,화요일,충청남도 부여군 부여읍,경상사고,0,0,1,0,차대사람 - 횡단중,보행자보호의무위반,건조,맑음,교차로 - 교차로횡단보도내,승용,남,73세,상해없음,보행자,여,80세,경상
2022081600100210,2022년 8월 16일 12시,화요일,충청남도 아산시 방축동,경상사고,0,0,1,0,차대차 - 측면충돌,신호위반,건조,맑음,교차로 - 교차로안,승용,남,28세,상해없음,이륜,남,32세,경상
2022081600100252,2022년 8월 16일 13시,화요일,충청남도 보령시 청소면,중상사고,0,1,3,0,차대차 - 추돌,안전거리미확보,건조,맑음,단일로 - 기타,승용,남,60세,상해없음,승용,남,38세,중상
2022081600100290,2022년 8월 16일 14시,화요일,충청남도 천안시 동남구 영성동,경상사고,0,0,1,0,차대차 - 측면충돌,교차로운행방법위반,건조,맑음,교차로 - 교차로안,화물,남,60세,상해없음,승용,여,57세,경상
2022081600100291,2022년 8월 16일 14시,화요일,충청남도 천안시 서북구 성거읍,경상사고,0,0,12,0,차대차 - 추돌,안전운전불이행,건조,맑음,기타 - 기타,승용,남,30세,기타불명,승용,남,69세,상해없음
2022081600100321,2022년 8월 16일 15시,화요일,충청남도 서산시 고북면,경상사고,0,0,1,0,차대차 - 추돌,안전거리미확보,건조,맑음,단일로 - 기타,원동기,여,61세,경상,화물,남,65세,기타불명
2022081600100322,2022년 8월 16일 15시,화요일,충청남도 천안시 서북구 성거읍,경상사고,0,0,3,0,차대차 - 추돌,안전운전불이행,건조,맑음,교차로 - 교차로부근,승용,남,34세,상해없음,승용,남,57세,경상
2022081600100358,2022년 8월 16일 16시,화요일,충청남도 천안시 서북구 성정동,경상사고,0,0,1,0,차대차 - 정면충돌,안전운전불이행,건조,맑음,교차로 - 교차로안,승용,남,50세,상해없음,이륜,여,30세,경상
2022081600100359,2022년 8월 16일 16시,화요일,충청남도 천안시 서북구 쌍용동,경상사고,0,0,1,0,차대차 - 측면충돌,안전운전불이행,건조,맑음,교차로 - 교차로부근,승합,남,23세,상해없음,승합,남,56세,기타불명
2022081600100360,2022년 8월 16일 16시,화요일,충청남도 서천군 한산면,경상사고,0,0,2,0,차대차 - 추돌,안전운전불이행,건조,맑음,교차로 - 교차로안,화물,남,59세,상해없음,승용,남,44세,경상
2022081600100361,2022년 8월 16일 16시,화요일,충청남도 천안시 동남구 용곡동,경상사고,0,0,2,0,차대차 - 기타,안전운전불이행,건조,맑음,교차로 - 교차로안,승용,여,56세,상해없음,승용,남,61세,경상
2022081600100442,2022년 8월 16일 18시,화요일,충청남도 아산시 모종동,경상사고,0,0,1,0,차대차 - 측면충돌,안전거리미확보,건조,맑음,교차로 - 교차로부근,화물,남,31세,상해없음,승용,여,55세,경상
2022081600100476,2022년 8월 16일 19시,화요일,충청남도 논산시 취암동,경상사고,0,0,1,0,차대차 - 측면충돌,직진우회전진행방해,젖음/습기,흐림,교차로 - 교차로안,이륜,남,29세,상해없음,승용,여,57세,상해없음
2022081600100477,2022년 8월 16일 19시,화요일,충청남도 당진시 석문면,중상사고,0,1,0,0,차대차 - 측면충돌,신호위반,건조,맑음,교차로 - 교차로안,승용,여,32세,상해없음,승용,남,33세,중상
2022081600100478,2022년 8월 16일 19시,화요일,충청남도 천안시 동남구 청당동,경상사고,0,0,1,0,차대차 - 정면충돌,신호위반,건조,맑음,교차로 - 교차로부근,이륜,남,33세,상해없음,승용,남,55세,경상
2022081600100479,2022년 8월 16일 19시,화요일,충청남도 태안군 안면읍,중상사고,0,1,0,0,차량단독 - 공작물충돌,안전운전불이행,건조,맑음,단일로 - 기타,화물,남,65세,중상,,,,
2022081600100509,2022년 8월 16일 20시,화요일,충청남도 아산시 배방읍,경상사고,0,0,2,0,차대차 - 측면충돌,안전운전불이행,건조,맑음,기타 - 기타,승용,남,65세,상해없음,승용,남,32세,경상
2022081600100530,2022년 8월 16일 21시,화요일,충청남도 천안시 서북구 쌍용동,경상사고,0,0,2,0,차대차 - 측면충돌,안전운전불이행,건조,맑음,교차로 - 교차로안,승용,남,52세,상해없음,승용,여,22세,경상
2022081600100531,2022년 8월 16일 21시,화요일,충청남도 홍성군 홍북읍,경상사고,0,0,1,0,차대차 - 측면충돌,안전운전불이행,건조,맑음,교차로 - 교차로부근,기타불명,기타불명,미분류,기타불명,승용,여,49세,경상
2022081700100011,2022년 8월 17일 00시,수요일,충청남도 천안시 서북구 성환읍,경상사고,0,0,1,0,차대사람 - 기타,안전운전불이행,건조,맑음,기타 - 기타,화물,남,62세,상해없음,보행자,여,24세,경상
2022081700100071,2022년 8월 17일 07시,수요일,충청남도 논산시 광석면,경상사고,0,0,2,0,차대차 - 측면충돌,안전거리미확보,건조,맑음,단일로 - 기타,승용,여,38세,상해없음,승용,남,43세,경상
2022081700100172,2022년 8월 17일 10시,수요일,충청남도 아산시 온천동,중상사고,0,1,0,0,차대차 - 기타,안전운전불이행,건조,맑음,교차로 - 교차로부근,승용,여,53세,상해없음,이륜,남,32세,중상
2022081700100173,2022년 8월 17일 10시,수요일,충청남도 아산시 송악면,중상사고,0,2,0,0,차대차 - 측면충돌,중앙선침범,건조,맑음,기타 - 기타,승용,여,36세,상해없음,승용,남,33세,중상