사고번호,사고일시,요일,시군구,사고내용,사망자수,중상자수,경상자수,부상신고자수,사고유형,법규위반,노면상태,기상상태,도로형태,가해운전자 차종,가해운전자 성별,가해운전자 연령,가해운전자 상해정도,피해운전자 차종,피해운전자 성별,피해운전자 연령,피해운전자 상해정도
2022081700100174,2022년 8월 17일 10시,수요일,충청남도 천안시 동남구 목천읍,중상사고,0,1,0,0,차대사람 - 기타,신호위반,건조,맑음,교차로 - 교차로횡단보도내,승용,남,61세,상해없음,보행자,여,78세,중상
2022081700100197,2022년 8월 17일 11시,수요일,충청남도 논산시 강경읍,중상사고,0,1,0,0,차대차 - 측면충돌,중앙선침범,건조,맑음,기타 - 기타,화물,남,73세,상해없음,이륜,여,78세,중상
2022081700100198,2022년 8월 17일 11시,수요일,충청남도 당진시 채운동,경상사고,0,0,3,0,차대차 - 추돌,안전운전불이행,건조,맑음,주차장 - 주차장,승용,여,49세,경상,승용,남,56세,경상
2022081700100231,2022년 8월 17일 12시,수요일,충청남도 논산시 은진면,경상사고,0,0,1,0,차대사람 - 기타,안전운전불이행,건조,맑음,기타 - 기타,화물,남,59세,상해없음,보행자,남,54세,경상
2022081700100272,2022년 8월 17일 13시,수요일,충청남도 아산시 음봉면,중상사고,0,1,0,0,차대차 - 추돌,안전운전불이행,건조,맑음,단일로 - 기타,화물,남,28세,상해없음,이륜,남,35세,중상
2022081700100377,2022년 8월 17일 16시,수요일,충청남도 천안시 서북구 두정동,중상사고,0,1,0,0,차대사람 - 횡단중,보행자보호의무위반,건조,맑음,단일로 - 기타,승용,여,23세,상해없음,보행자,여,12세,중상
2022081700100378,2022년 8월 17일 16시,수요일,충청남도 보령시 신흑동,경상사고,0,0,2,0,차대차 - 측면충돌,안전운전불이행,건조,맑음,단일로 - 기타,승합,남,57세,상해없음,승용,여,27세,경상
2022081700100429,2022년 8월 17일 17시,수요일,충청남도 부여군 부여읍,경상사고,0,0,1,0,차대차 - 추돌,안전운전불이행,건조,맑음,교차로 - 교차로부근,승용,남,32세,상해없음,승용,남,50세,경상
2022081700100528,2022년 8월 17일 19시,수요일,충청남도 천안시 서북구 두정동,경상사고,0,0,1,0,차대사람 - 기타,안전운전불이행,건조,맑음,기타 - 기타,승용,여,47세,상해없음,보행자,남,51세,경상
2022081700100529,2022년 8월 17일 19시,수요일,충청남도 당진시 송산면,부상신고사고,0,0,0,1,차대차 - 기타,기타,건조,맑음,교차로 - 교차로안,승용,남,22세,부상신고,승용,남,55세,상해없음
2022081700100554,2022년 8월 17일 20시,수요일,충청남도 논산시 대교동,중상사고,0,1,0,0,차대사람 - 기타,안전운전불이행,건조,맑음,기타 - 기타,화물,남,69세,상해없음,보행자,남,61세,중상
2022081700100555,2022년 8월 17일 20시,수요일,충청남도 보령시 주산면,중상사고,0,1,0,0,차대차 - 추돌,안전운전불이행,기타,맑음,기타 - 기타,승용,남,49세,상해없음,자전거,남,55세,중상
2022081800100047,2022년 8월 18일 06시,목요일,충청남도 천안시 동남구 목천읍,경상사고,0,0,1,0,차대사람 - 기타,기타,건조,맑음,기타 - 기타,승용,남,21세,상해없음,보행자,남,43세,경상
2022081800100093,2022년 8월 18일 08시,목요일,충청남도 서산시 동문동,중상사고,0,1,0,0,차대사람 - 횡단중,안전운전불이행,건조,맑음,기타 - 기타,화물,남,51세,상해없음,보행자,여,81세,중상
2022081800100094,2022년 8월 18일 08시,목요일,충청남도 천안시 서북구 불당동,경상사고,0,0,1,0,차대차 - 측면충돌,신호위반,건조,맑음,교차로 - 교차로안,승용,여,24세,상해없음,승용,여,29세,경상
2022081800100095,2022년 8월 18일 08시,목요일,충청남도 금산군 금산읍,중상사고,0,1,0,0,차량단독 - 도로외이탈 - 기타,안전운전불이행,건조,맑음,단일로 - 기타,승용,여,68세,중상,,,,
2022081800100128,2022년 8월 18일 09시,목요일,충청남도 천안시 서북구 성정동,중상사고,0,1,0,0,차대차 - 측면충돌,안전운전불이행,건조,맑음,교차로 - 교차로안,승용,남,34세,상해없음,승용,여,47세,중상
2022081800100129,2022년 8월 18일 09시,목요일,충청남도 공주시 산성동,중상사고,0,1,3,0,차대차 - 측면충돌,안전운전불이행,건조,맑음,교차로 - 교차로안,승용,남,82세,기타불명,승용,남,65세,경상
2022081800100164,2022년 8월 18일 10시,목요일,충청남도 천안시 동남구 신방동,경상사고,0,0,1,0,차대차 - 측면충돌,안전운전불이행,건조,맑음,교차로 - 교차로안,건설기계,남,49세,상해없음,자전거,남,77세,경상
2022081800100235,2022년 8월 18일 12시,목요일,충청남도 서산시 동문동,경상사고,0,0,1,0,차대사람 - 기타,안전운전불이행,건조,맑음,단일로 - 기타,이륜,남,55세,상해없음,보행자,여,83세,경상
2022081800100265,2022년 8월 18일 13시,목요일,충청남도 공주시 이인면,중상사고,0,1,0,0,차대차 - 정면충돌,안전운전불이행,건조,맑음,단일로 - 기타,화물,남,52세,상해없음,사륜오토바이(ATV),여,73세,중상
2022081800100266,2022년 8월 18일 13시,목요일,충청남도 금산군 추부면,중상사고,0,2,0,0,차대차 - 측면충돌,안전운전불이행,건조,맑음,단일로 - 기타,화물,남,64세,상해없음,승용,남,70세,중상
2022081800100267,2022년 8월 18일 13시,목요일,충청남도 천안시 동남구 신부동,경상사고,0,0,1,0,차대차 - 측면충돌,차로위반,건조,맑음,단일로 - 기타,승용,남,26세,상해없음,승용,남,34세,경상
2022081800100302,2022년 8월 18일 14시,목요일,충청남도 천안시 서북구 불당동,경상사고,0,0,1,0,차대차 - 기타,안전거리미확보,건조,맑음,교차로 - 교차로부근,승용,남,61세,상해없음,원동기,남,21세,경상
2022081800100303,2022년 8월 18일 14시,목요일,충청남도 천안시 서북구 백석동,경상사고,0,0,1,0,차대차 - 기타,신호위반,건조,맑음,교차로 - 교차로부근,승용,여,50세,상해없음,자전거,남,9세,경상
2022081800100304,2022년 8월 18일 14시,목요일,충청남도 아산시 배방읍,경상사고,0,0,1,0,차대차 - 정면충돌,중앙선침범,건조,맑음,단일로 - 기타,화물,남,41세,상해없음,승용,남,40세,경상
2022081800100329,2022년 8월 18일 15시,목요일,충청남도 공주시 산성동,경상사고,0,0,1,0,차대사람 - 기타,안전운전불이행,건조,맑음,단일로 - 기타,승용,여,23세,상해없음,보행자,여,36세,경상
2022081800100330,2022년 8월 18일 15시,목요일,충청남도 부여군 구룡면,중상사고,0,1,0,0,차대사람 - 기타,안전운전불이행,건조,맑음,단일로 - 기타,승용,여,64세,상해없음,보행자,남,4세,중상
2022081800100331,2022년 8월 18일 15시,목요일,충청남도 당진시 송악읍,부상신고사고,0,0,0,1,차대차 - 추돌,안전운전불이행,건조,맑음,단일로 - 기타,승용,남,66세,상해없음,승용,남,40세,부상신고
2022081800100400,2022년 8월 18일 17시,목요일,충청남도 천안시 동남구 원성동,경상사고,0,0,4,0,차대차 - 추돌,안전운전불이행,건조,맑음,단일로 - 기타,승용,여,55세,상해없음,승합,남,67세,경상
2022081800100443,2022년 8월 18일 18시,목요일,충청남도 아산시 배방읍,경상사고,0,0,1,0,차대차 - 추돌,안전운전불이행,건조,맑음,단일로 - 기타,특수,남,36세,상해없음,특수,남,27세,경상
2022081800100444,2022년 8월 18일 18시,목요일,충청남도 천안시 동남구 청당동,경상사고,0,0,1,0,차대차 - 정면충돌,신호위반,건조,맑음,교차로 - 교차로안,승용,남,61세,상해없음,화물,남,58세,경상
2022081800100489,2022년 8월 18일 19시,목요일,충청남도 천안시 서북구 성성동,부상신고사고,0,0,0,1,차대차 - 측면충돌,신호위반,건조,맑음,교차로 - 교차로부근,이륜,남,45세,부상신고,승용,여,32세,상해없음
2022081800100516,2022년 8월 18일 20시,목요일,충청남도 천안시 서북구 불당동,경상사고,0,0,1,0,차대차 - 측면충돌,안전거리미확보,건조,맑음,단일로 - 기타,승용,남,43세,상해없음,승용,남,37세,경상
2022081800100540,2022년 8월 18일 21시,목요일,충청남도 당진시 송악읍,경상사고,0,0,1,0,차대차 - 측면충돌,중앙선침범,건조,맑음,단일로 - 기타,승용,여,41세,상해없음,승용,여,24세,경상
2022081800100541,2022년 8월 18일 21시,목요일,충청남도 천안시 동남구 청수동,중상사고,0,1,0,0,차량단독 - 공작물충돌,중앙선침범,건조,맑음,단일로 - 기타,승용,남,48세,중상,,,,
2022081900100011,2022년 8월 19일 00시,금요일,충청남도 천안시 서북구 성정동,부상신고사고,0,0,0,1,차대차 - 추돌,안전거리미확보,건조,맑음,교차로 - 교차로안,이륜,남,26세,상해없음,이륜,남,27세,부상신고
2022081900100050,2022년 8월 19일 06시,금요일,충청남도 천안시 서북구 두정동,중상사고,0,1,0,0,차대사람 - 횡단중,안전운전불이행,건조,맑음,단일로 - 기타,승용,남,43세,상해없음,보행자,여,31세,중상
2022081900100051,2022년 8월 19일 06시,금요일,충청남도 금산군 제원면,경상사고,0,0,1,2,차대차 - 기타,안전운전불이행,건조,맑음,단일로 - 기타,승합,남,60세,상해없음,승용,남,50세,경상
2022081900100067,2022년 8월 19일 07시,금요일,충청남도 당진시 송악읍,경상사고,0,0,5,0,차대차 - 기타,안전운전불이행,건조,맑음,단일로 - 기타,승용,남,58세,상해없음,승용,여,45세,경상
2022081900100097,2022년 8월 19일 08시,금요일,충청남도 아산시 탕정면,경상사고,0,0,1,0,차대차 - 기타,신호위반,건조,맑음,교차로 - 교차로안,승용,남,61세,기타불명,승용,여,43세,경상
2022081900100163,2022년 8월 19일 10시,금요일,충청남도 천안시 서북구 쌍용동,중상사고,0,1,0,0,차대사람 - 횡단중,안전운전불이행,건조,맑음,단일로 - 기타,승용,남,51세,상해없음,보행자,여,64세,중상
2022081900100238,2022년 8월 19일 12시,금요일,충청남도 금산군 금산읍,중상사고,0,1,0,0,차대사람 - 기타,안전운전불이행,건조,맑음,기타 - 기타,승용,여,50세,상해없음,보행자,여,92세,중상
2022081900100274,2022년 8월 19일 13시,금요일,충청남도 논산시 양촌면,중상사고,0,1,0,0,차대차 - 측면충돌,중앙선침범,건조,맑음,기타 - 기타,승용,남,66세,상해없음,사륜오토바이(ATV),남,81세,중상
2022081900100275,2022년 8월 19일 13시,금요일,충청남도 공주시 신관동,경상사고,0,0,1,0,차대사람 - 횡단중,안전운전불이행,건조,흐림,교차로 - 교차로안,승용,남,43세,상해없음,보행자,여,61세,경상
2022081900100304,2022년 8월 19일 14시,금요일,충청남도 천안시 동남구 신부동,경상사고,0,0,1,0,차대차 - 측면충돌,안전운전불이행,건조,맑음,단일로 - 기타,승합,남,53세,상해없음,승용,남,57세,상해없음
2022081900100368,2022년 8월 19일 16시,금요일,충청남도 천안시 서북구 백석동,경상사고,0,0,1,0,차대차 - 추돌,안전운전불이행,건조,맑음,교차로 - 교차로부근,승용,남,54세,상해없음,승용,여,33세,경상
2022081900100369,2022년 8월 19일 16시,금요일,충청남도 아산시 염치읍,중상사고,0,1,1,0,차대차 - 측면충돌,안전운전불이행,건조,맑음,교차로 - 교차로부근,승합,남,68세,상해없음,승용,여,35세,중상
2022081900100513,2022년 8월 19일 19시,금요일,충청남도 보령시 대천동,중상사고,0,1,0,0,차대사람 - 횡단중,보행자보호의무위반,건조,맑음,단일로 - 기타,승용,남,47세,상해없음,보행자,남,69세,중상
2022081900100548,2022년 8월 19일 20시,금요일,충청남도 천안시 동남구 병천면,중상사고,0,1,0,0,차대차 - 추돌,안전운전불이행,건조,맑음,단일로 - 기타,화물,남,42세,상해없음,농기계,남,87세,중상
2022081900100581,2022년 8월 19일 21시,금요일,충청남도 예산군 오가면,경상사고,0,0,2,0,차대차 - 추돌,안전운전불이행,건조,맑음,교차로 - 교차로부근,승용,남,65세,경상,승용,여,25세,경상
2022081900100582,2022년 8월 19일 21시,금요일,충청남도 당진시 읍내동,경상사고,0,0,1,0,차대차 - 측면충돌,신호위반,젖음/습기,비,교차로 - 교차로안,승용,남,53세,상해없음,승용,남,37세,경상
2022081900100603,2022년 8월 19일 22시,금요일,충청남도 아산시 둔포면,경상사고,0,0,1,0,차대차 - 기타,안전운전불이행,건조,맑음,단일로 - 기타,승용,남,29세,상해없음,자전거,남,24세,경상
2022081900100621,2022년 8월 19일 23시,금요일,충청남도 부여군 홍산면,경상사고,0,0,1,0,차량단독 - 공작물충돌,안전운전불이행,건조,맑음,교차로 - 교차로안,승용,남,47세,경상,,,,
2022082000100024,2022년 8월 20일 01시,토요일,충청남도 논산시 연무읍,경상사고,0,0,1,0,차량단독 - 공작물충돌,안전운전불이행,건조,맑음,교차로 - 교차로부근,원동기,남,18세,상해없음,,,,
2022082000100035,2022년 8월 20일 02시,토요일,충청남도 천안시 서북구 두정동,부상신고사고,0,0,0,1,차대사람 - 기타,불법유턴,젖음/습기,흐림,기타 - 기타,승용,남,27세,상해없음,보행자,남,24세,부상신고
2022082000100048,2022년 8월 20일 03시,토요일,충청남도 천안시 서북구 두정동,경상사고,0,0,1,0,차대사람 - 기타,안전운전불이행,젖음/습기,비,단일로 - 기타,승용,여,38세,상해없음,보행자,남,26세,경상
2022082000100049,2022년 8월 20일 03시,토요일,충청남도 아산시 염치읍,경상사고,0,0,1,0,차대차 - 기타,안전운전불이행,젖음/습기,비,단일로 - 기타,승용,남,29세,상해없음,건설기계,남,41세,경상
2022082000100060,2022년 8월 20일 04시,토요일,충청남도 아산시 염치읍,경상사고,0,0,1,0,차대차 - 기타,안전운전불이행,젖음/습기,흐림,기타 - 기타,화물,남,44세,상해없음,승용,남,52세,경상
2022082000100073,2022년 8월 20일 06시,토요일,충청남도 천안시 서북구 두정동,경상사고,0,0,1,0,차대차 - 측면충돌,안전거리미확보,젖음/습기,흐림,교차로 - 교차로부근,승용,남,60세,상해없음,승용,여,51세,경상
2022082000100146,2022년 8월 20일 10시,토요일,충청남도 아산시 도고면,경상사고,0,0,3,0,차대차 - 추돌,안전운전불이행,건조,맑음,단일로 - 기타,승용,남,23세,상해없음,화물,남,60세,경상
2022082000100147,2022년 8월 20일 10시,토요일,충청남도 아산시 배방읍,경상사고,0,0,1,0,차대차 - 기타,안전거리미확보,건조,맑음,단일로 - 기타,건설기계,남,33세,상해없음,승용,남,38세,경상
2022082000100184,2022년 8월 20일 11시,토요일,충청남도 천안시 서북구 성환읍,경상사고,0,0,1,0,차대차 - 측면충돌,안전운전불이행,건조,맑음,단일로 - 기타,승용,남,61세,상해없음,이륜,남,41세,경상
2022082000100185,2022년 8월 20일 11시,토요일,충청남도 보령시 웅천읍,경상사고,0,0,2,0,차대차 - 후진중충돌,안전운전불이행,건조,맑음,교차로 - 교차로부근,승합,남,63세,상해없음,승용,남,31세,경상
2022082000100186,2022년 8월 20일 11시,토요일,충청남도 당진시 순성면,경상사고,0,0,1,0,차대차 - 후진중충돌,안전운전불이행,건조,맑음,단일로 - 기타,화물,남,59세,상해없음,승용,여,64세,경상
2022082000100230,2022년 8월 20일 12시,토요일,충청남도 서산시 대산읍,경상사고,0,0,2,0,차대차 - 측면충돌,교차로운행방법위반,건조,맑음,교차로 - 교차로부근,화물,남,49세,경상,승용,남,55세,경상
2022082000100231,2022년 8월 20일 12시,토요일,충청남도 아산시 온천동,경상사고,0,0,2,0,차대차 - 기타,교차로운행방법위반,건조,맑음,교차로 - 교차로안,승용,여,47세,경상,승용,여,57세,경상
2022082000100279,2022년 8월 20일 13시,토요일,충청남도 예산군 예산읍,경상사고,0,0,1,0,차량단독 - 공작물충돌,안전운전불이행,건조,맑음,단일로 - 기타,승용,남,43세,상해없음,,,,
2022082000100321,2022년 8월 20일 14시,토요일,충청남도 천안시 서북구 불당동,경상사고,0,0,2,0,차대차 - 측면충돌,안전운전불이행,건조,맑음,단일로 - 기타,승용,남,36세,상해없음,승용,남,33세,경상
2022082000100322,2022년 8월 20일 14시,토요일,충청남도 논산시 반월동,중상사고,0,1,0,0,차대차 - 측면충돌,기타,건조,맑음,교차로 - 교차로안,이륜,남,26세,중상,승용,남,54세,상해없음
2022082000100323,2022년 8월 20일 14시,토요일,충청남도 아산시 온천동,경상사고,0,0,1,0,차대차 - 측면충돌,기타,건조,맑음,교차로 - 교차로안,이륜,남,45세,상해없음,승용,남,53세,경상
2022082000100443,2022년 8월 20일 17시,토요일,충청남도 논산시 부적면,중상사고,0,1,4,0,차대차 - 측면충돌,교차로운행방법위반,건조,맑음,교차로 - 교차로안,승용,여,51세,상해없음,이륜,남,53세,중상
2022082000100444,2022년 8월 20일 17시,토요일,충청남도 예산군 덕산면,중상사고,0,1,2,0,차대차 - 추돌,안전거리미확보,건조,맑음,교차로 - 교차로부근,승용,남,64세,상해없음,승용,남,48세,경상
2022082000100445,2022년 8월 20일 17시,토요일,충청남도 태안군 안면읍,경상사고,0,0,2,0,차대차 - 추돌,안전운전불이행,건조,맑음,단일로 - 기타,화물,남,66세,경상,농기계,남,47세,경상
2022082000100476,2022년 8월 20일 18시,토요일,충청남도 논산시 은진면,중상사고,0,1,0,0,차대사람 - 기타,안전운전불이행,건조,맑음,단일로 - 기타,승용,남,38세,상해없음,보행자,남,39세,중상
2022082000100477,2022년 8월 20일 18시,토요일,충청남도 아산시 배방읍,경상사고,0,0,2,0,차대차 - 측면충돌,안전운전불이행,건조,맑음,교차로 - 교차로부근,승용,남,52세,상해없음,승용,남,21세,경상
2022082000100512,2022년 8월 20일 19시,토요일,충청남도 아산시 용화동,경상사고,0,0,1,0,차대차 - 측면충돌,안전운전불이행,건조,맑음,교차로 - 교차로안,승용,여,50세,상해없음,이륜,남,45세,경상
2022082000100513,2022년 8월 20일 19시,토요일,충청남도 예산군 고덕면,중상사고,0,1,0,0,차대사람 - 기타,안전운전불이행,건조,맑음,교차로 - 교차로부근,승용,여,60세,상해없음,보행자,남,55세,중상
2022082000100514,2022년 8월 20일 19시,토요일,충청남도 천안시 동남구 신부동,경상사고,0,0,1,0,차대차 - 기타,안전운전불이행,젖음/습기,비,단일로 - 기타,기타불명,기타불명,미분류,기타불명,승용,남,38세,경상
2022082000100535,2022년 8월 20일 20시,토요일,충청남도 천안시 서북구 성정동,경상사고,0,0,1,0,차대사람 - 차도통행중,안전운전불이행,건조,맑음,단일로 - 기타,승용,남,28세,상해없음,보행자,여,47세,경상
2022082000100536,2022년 8월 20일 20시,토요일,충청남도 예산군 예산읍,경상사고,0,0,1,0,차대차 - 기타,중앙선침범,건조,맑음,교차로 - 교차로부근,이륜,남,40세,경상,승용,남,69세,상해없음
2022082000100600,2022년 8월 20일 22시,토요일,충청남도 천안시 서북구 두정동,경상사고,0,0,1,0,차대사람 - 기타,안전운전불이행,건조,맑음,단일로 - 기타,승용,여,27세,기타불명,보행자,남,29세,경상
2022082000100601,2022년 8월 20일 22시,토요일,충청남도 아산시 염치읍,중상사고,0,1,0,1,차대차 - 기타,안전운전불이행,건조,맑음,기타 - 기타,승용,여,39세,부상신고,승용,남,18세,중상
2022082000100602,2022년 8월 20일 22시,토요일,충청남도 아산시 배방읍,경상사고,0,0,2,0,차대차 - 기타,안전운전불이행,건조,맑음,교차로 - 교차로안,승합,남,35세,상해없음,승용,여,52세,경상
2022082000100603,2022년 8월 20일 22시,토요일,충청남도 공주시 신관동,경상사고,0,0,1,0,차대차 - 추돌,안전운전불이행,건조,맑음,교차로 - 교차로안,화물,남,46세,상해없음,승용,남,38세,경상
2022082000100628,2022년 8월 20일 23시,토요일,충청남도 서산시 동문동,경상사고,0,0,1,0,차대사람 - 기타,안전운전불이행,건조,맑음,교차로 - 교차로안,화물,남,21세,상해없음,보행자,남,45세,경상
2022082000100629,2022년 8월 20일 23시,토요일,충청남도 서산시 예천동,경상사고,0,0,3,0,차대차 - 추돌,안전운전불이행,건조,맑음,교차로 - 교차로안,승용,여,36세,상해없음,승용,여,20세,경상
2022082100100039,2022년 8월 21일 03시,일요일,충청남도 천안시 서북구 두정동,경상사고,0,0,1,0,차대차 - 측면충돌,안전운전불이행,건조,맑음,단일로 - 기타,기타불명,기타불명,미분류,기타불명,승용,남,61세,경상
2022082100100046,2022년 8월 21일 04시,일요일,충청남도 아산시 온천동,경상사고,0,0,3,0,차대사람 - 기타,안전운전불이행,건조,맑음,단일로 - 기타,승용,남,54세,상해없음,보행자,여,27세,경상
2022082100100071,2022년 8월 21일 08시,일요일,충청남도 아산시 신동,중상사고,0,1,0,0,차량단독 - 공작물충돌,안전운전불이행,건조,맑음,단일로 - 기타,승용,여,64세,중상,,,,
2022082100100103,2022년 8월 21일 10시,일요일,충청남도 아산시 선장면,중상사고,0,1,0,0,차량단독 - 도로외이탈 - 추락,안전운전불이행,건조,맑음,기타 - 기타,이륜,남,79세,중상,,,,
2022082100100105,2022년 8월 21일 10시,일요일,충청남도 천안시 동남구 봉명동,중상사고,0,1,0,0,차대사람 - 횡단중,안전운전불이행,건조,맑음,교차로 - 교차로안,승용,여,66세,상해없음,보행자,여,77세,중상
2022082100100151,2022년 8월 21일 12시,일요일,충청남도 서산시 팔봉면,중상사고,0,2,0,0,차량단독 - 공작물충돌,안전운전불이행,건조,맑음,단일로 - 기타,화물,남,77세,중상,,,,
2022082100100152,2022년 8월 21일 12시,일요일,충청남도 서산시 대산읍,경상사고,0,0,1,0,차대사람 - 기타,안전운전불이행,건조,맑음,기타 - 기타,승용,여,62세,상해없음,보행자,남,6세,경상
2022082100100153,2022년 8월 21일 12시,일요일,충청남도 서천군 종천면,중상사고,0,2,1,0,차대차 - 측면충돌,신호위반,건조,맑음,교차로 - 교차로안,승용,남,65세,중상,승용,남,56세,경상
2022082100100154,2022년 8월 21일 12시,일요일,충청남도 서천군 마서면,경상사고,0,0,1,0,차대차 - 추돌,안전거리미확보,건조,맑음,교차로 - 교차로안,승용,남,30세,상해없음,승용,남,26세,경상
2022082100100155,2022년 8월 21일 12시,일요일,충청남도 금산군 금성면,사망사고,1,0,0,0,차량단독 - 도로외이탈 - 추락,안전운전불이행,건조,맑음,단일로 - 기타,이륜,남,70세,사망,,,,
2022082100100191,2022년 8월 21일 13시,일요일,충청남도 부여군 구룡면,경상사고,0,0,1,0,차대차 - 추돌,안전운전불이행,건조,맑음,교차로 - 교차로부근,승용,여,56세,상해없음,승용,남,72세,경상
2022082100100246,2022년 8월 21일 15시,일요일,충청남도 태안군 근흥면,부상신고사고,0,0,0,2,차대차 - 측면충돌,안전운전불이행,건조,맑음,단일로 - 기타,화물,남,65세,상해없음,승용,남,56세,부상신고
2022082100100278,2022년 8월 21일 16시,일요일,충청남도 천안시 동남구 원성동,경상사고,0,0,1,0,차대차 - 측면충돌,차로위반,건조,맑음,단일로 - 기타,승용,남,43세,상해없음,승용,남,21세,경상
2022082100100332,2022년 8월 21일 18시,일요일,충청남도 홍성군 홍성읍,경상사고,0,0,1,0,차대사람 - 차도통행중,안전운전불이행,건조,맑음,단일로 - 기타,승용,남,54세,상해없음,보행자,남,32세,경상
2022082100100380,2022년 8월 21일 20시,일요일,충청남도 아산시 탕정면,경상사고,0,0,2,0,차대차 - 추돌,안전운전불이행,건조,흐림,기타 - 기타,승용,남,54세,상해없음,승용,남,58세,경상
2022082100100407,2022년 8월 21일 21시,일요일,충청남도 논산시 취암동,중상사고,0,5,1,0,차대차 - 추돌,안전운전불이행,건조,맑음,교차로 - 교차로부근,화물,남,51세,상해없음,승용,남,44세,중상
2022082100100408,2022년 8월 21일 21시,일요일,충청남도 서천군 서면,경상사고,0,0,1,0,차대사람 - 기타,안전운전불이행,건조,맑음,단일로 - 기타,화물,남,51세,상해없음,보행자,남,37세,경상
2022082100100426,2022년 8월 21일 22시,일요일,충청남도 아산시 인주면,중상사고,0,1,1,0,차대차 - 측면충돌,신호위반,건조,맑음,기타 - 기타,승용,남,70세,상해없음,승용,남,34세,경상
2022082100100442,2022년 8월 21일 23시,일요일,충청남도 천안시 서북구 성정동,중상사고,0,1,0,0,차대차 - 기타,기타,건조,맑음,기타 - 기타,화물,남,29세,기타불명,개인형이동수단(PM),남,17세,중상
2022082200100060,2022년 8월 22일 07시,월요일,충청남도 당진시 합덕읍,경상사고,0,0,2,0,차대차 - 추돌,안전운전불이행,건조,맑음,단일로 - 기타,승용,남,40세,상해없음,승용,남,37세,경상
2022082200100182,2022년 8월 22일 10시,월요일,충청남도 천안시 서북구 성정동,경상사고,0,0,1,0,차대사람 - 기타,기타,건조,맑음,단일로 - 기타,개인형이동수단(PM),여,22세,상해없음,보행자,남,26세,경상
2022082200100183,2022년 8월 22일 10시,월요일,충청남도 당진시 송악읍,경상사고,0,0,2,0,차대차 - 추돌,안전운전불이행,건조,맑음,단일로 - 기타,승용,여,53세,상해없음,화물,남,61세,경상
2022082200100215,2022년 8월 22일 11시,월요일,충청남도 천안시 서북구 불당동,경상사고,0,0,1,0,차대차 - 측면충돌,안전운전불이행,건조,맑음,단일로 - 기타,승용,남,36세,상해없음,승용,여,28세,경상
2022082200100269,2022년 8월 22일 13시,월요일,충청남도 아산시 온천동,중상사고,0,1,0,0,차대차 - 기타,안전거리미확보,건조,맑음,교차로 - 교차로부근,승용,남,37세,상해없음,승합,남,53세,상해없음
2022082200100270,2022년 8월 22일 13시,월요일,충청남도 예산군 대흥면,중상사고,0,1,0,0,차대차 - 추돌,안전운전불이행,건조,맑음,단일로 - 기타,승용,여,51세,상해없음,화물,남,54세,기타불명
2022082200100271,2022년 8월 22일 13시,월요일,충청남도 공주시 정안면,부상신고사고,0,0,0,2,차대차 - 기타,안전거리미확보,건조,맑음,기타 - 기타,승용,남,28세,상해없음,승용,남,31세,부상신고
2022082200100295,2022년 8월 22일 14시,월요일,충청남도 아산시 득산동,중상사고,0,1,0,0,차대사람 - 횡단중,신호위반,건조,맑음,교차로 - 교차로횡단보도내,승용,여,63세,상해없음,보행자,여,19세,중상
2022082200100328,2022년 8월 22일 15시,월요일,충청남도 서산시 읍내동,경상사고,0,0,1,0,차대사람 - 기타,안전운전불이행,건조,흐림,단일로 - 기타,승합,남,66세,상해없음,보행자,여,26세,경상
2022082200100417,2022년 8월 22일 18시,월요일,충청남도 서산시 해미면,중상사고,0,1,1,0,차대차 - 정면충돌,중앙선침범,건조,맑음,단일로 - 기타,승용,여,59세,경상,승용,남,61세,중상
2022082200100418,2022년 8월 22일 18시,월요일,충청남도 천안시 동남구 신방동,경상사고,0,0,1,0,차대차 - 측면충돌,교차로운행방법위반,건조,맑음,교차로 - 교차로안,승용,여,26세,상해없음,승용,남,55세,경상
2022082200100419,2022년 8월 22일 18시,월요일,충청남도 천안시 동남구 유량동,부상신고사고,0,0,0,1,차대차 - 정면충돌,안전운전불이행,건조,맑음,교차로 - 교차로안,승용,남,61세,상해없음,승용,여,38세,부상신고
2022082200100450,2022년 8월 22일 19시,월요일,충청남도 부여군 홍산면,중상사고,0,3,0,0,차대사람 - 길가장자리구역통행중,안전운전불이행,건조,맑음,단일로 - 기타,승용,여,75세,상해없음,보행자,여,58세,중상
2022082200100451,2022년 8월 22일 19시,월요일,충청남도 청양군 청양읍,경상사고,0,0,1,0,차대차 - 측면충돌,안전운전불이행,건조,맑음,단일로 - 기타,승합,남,53세,상해없음,승용,여,59세,경상
2022082200100502,2022년 8월 22일 21시,월요일,충청남도 천안시 서북구 불당동,경상사고,0,0,1,0,차대차 - 추돌,안전운전불이행,건조,맑음,단일로 - 기타,승용,여,39세,상해없음,승용,남,51세,경상
2022082200100503,2022년 8월 22일 21시,월요일,충청남도 천안시 서북구 성정동,중상사고,0,1,0,0,차대사람 - 횡단중,신호위반,건조,맑음,단일로 - 기타,승용,여,30세,상해없음,보행자,남,47세,중상