사고번호,사고일시,요일,시군구,사고내용,사망자수,중상자수,경상자수,부상신고자수,사고유형,법규위반,노면상태,기상상태,도로형태,가해운전자 차종,가해운전자 성별,가해운전자 연령,가해운전자 상해정도,피해운전자 차종,피해운전자 성별,피해운전자 연령,피해운전자 상해정도
2022082200100525,2022년 8월 22일 22시,월요일,충청남도 천안시 서북구 성환읍,중상사고,0,1,0,0,차대차 - 측면충돌,안전거리미확보,건조,맑음,교차로 - 교차로안,승용,남,40세,상해없음,이륜,남,30세,중상
2022082200100540,2022년 8월 22일 23시,월요일,충청남도 보령시 신흑동,중상사고,0,1,0,0,차대사람 - 기타,안전운전불이행,건조,맑음,기타 - 기타,승용,여,19세,상해없음,보행자,남,28세,중상
2022082200100541,2022년 8월 22일 23시,월요일,충청남도 천안시 동남구 청수동,경상사고,0,0,1,0,차대사람 - 횡단중,신호위반,건조,맑음,단일로 - 기타,이륜,남,34세,상해없음,보행자,남,26세,경상
2022082300100021,2022년 8월 23일 01시,화요일,충청남도 천안시 서북구 성거읍,경상사고,0,0,1,0,차대사람 - 기타,안전운전불이행,건조,맑음,단일로 - 기타,승용,남,52세,상해없음,보행자,남,25세,경상
2022082300100026,2022년 8월 23일 02시,화요일,충청남도 천안시 서북구 성거읍,중상사고,0,1,0,0,차대사람 - 기타,안전운전불이행,건조,맑음,교차로 - 교차로부근,승용,남,58세,상해없음,보행자,남,51세,중상
2022082300100054,2022년 8월 23일 06시,화요일,충청남도 서산시 고북면,중상사고,0,1,0,0,차대사람 - 기타,안전운전불이행,건조,맑음,기타 - 기타,기타불명,남,42세,상해없음,보행자,남,37세,중상
2022082300100055,2022년 8월 23일 06시,화요일,충청남도 천안시 서북구 두정동,경상사고,0,0,2,0,차대차 - 기타,교차로운행방법위반,건조,맑음,교차로 - 교차로안,승용,남,22세,상해없음,승용,남,23세,경상
2022082300100056,2022년 8월 23일 06시,화요일,충청남도 아산시 배방읍,경상사고,0,0,1,0,차대차 - 측면충돌,안전운전불이행,건조,맑음,교차로 - 교차로부근,승용,여,68세,상해없음,승용,남,24세,경상
2022082300100070,2022년 8월 23일 07시,화요일,충청남도 천안시 서북구 두정동,부상신고사고,0,0,0,1,차대사람 - 기타,안전운전불이행,건조,맑음,교차로 - 교차로부근,승용,남,56세,상해없음,보행자,남,21세,부상신고
2022082300100071,2022년 8월 23일 07시,화요일,충청남도 천안시 서북구 입장면,경상사고,0,0,1,0,차대차 - 측면충돌,신호위반,젖음/습기,비,교차로 - 교차로안,승용,남,53세,상해없음,승용,남,22세,경상
2022082300100098,2022년 8월 23일 08시,화요일,충청남도 천안시 서북구 두정동,경상사고,0,0,1,0,차대차 - 기타,신호위반,젖음/습기,비,단일로 - 기타,승합,남,49세,상해없음,화물,남,63세,경상
2022082300100099,2022년 8월 23일 08시,화요일,충청남도 아산시 배방읍,경상사고,0,0,1,0,차대차 - 기타,안전운전불이행,건조,맑음,단일로 - 기타,승용,남,35세,상해없음,승용,여,51세,경상
2022082300100100,2022년 8월 23일 08시,화요일,충청남도 당진시 순성면,경상사고,0,0,2,0,차대차 - 기타,교차로운행방법위반,건조,맑음,교차로 - 교차로안,승용,여,36세,상해없음,화물,남,59세,경상
2022082300100160,2022년 8월 23일 10시,화요일,충청남도 예산군 덕산면,경상사고,0,0,1,0,차대차 - 정면충돌,직진우회전진행방해,젖음/습기,비,교차로 - 교차로안,승용,남,51세,상해없음,이륜,남,62세,경상
2022082300100211,2022년 8월 23일 12시,화요일,충청남도 보령시 명천동,경상사고,0,0,1,0,차대차 - 측면충돌,안전운전불이행,젖음/습기,비,단일로 - 기타,승용,남,49세,상해없음,이륜,남,34세,경상
2022082300100212,2022년 8월 23일 12시,화요일,충청남도 당진시 읍내동,경상사고,0,0,1,0,차대차 - 측면충돌,안전운전불이행,건조,맑음,단일로 - 기타,승용,남,40세,상해없음,승용,여,53세,경상
2022082300100213,2022년 8월 23일 12시,화요일,충청남도 천안시 동남구 대흥동,경상사고,0,0,1,0,차대차 - 측면충돌,안전운전불이행,건조,맑음,교차로 - 교차로안,승용,남,82세,상해없음,자전거,남,65세,경상
2022082300100259,2022년 8월 23일 13시,화요일,충청남도 천안시 서북구 입장면,경상사고,0,0,1,0,차대차 - 기타,안전운전불이행,젖음/습기,흐림,단일로 - 기타,화물,남,48세,상해없음,승용,남,61세,경상
2022082300100336,2022년 8월 23일 15시,화요일,충청남도 보령시 웅천읍,경상사고,0,0,1,0,차대차 - 기타,신호위반,젖음/습기,흐림,교차로 - 교차로부근,승용,남,58세,상해없음,승합,남,48세,상해없음
2022082300100378,2022년 8월 23일 16시,화요일,충청남도 천안시 서북구 성정동,경상사고,0,0,1,0,차대차 - 기타,안전운전불이행,건조,맑음,단일로 - 기타,기타불명,기타불명,미분류,기타불명,이륜,남,28세,경상
2022082300100430,2022년 8월 23일 17시,화요일,충청남도 천안시 서북구 성거읍,경상사고,0,0,1,0,차대차 - 추돌,안전운전불이행,건조,맑음,교차로 - 교차로안,승용,남,36세,상해없음,승용,여,31세,경상
2022082300100431,2022년 8월 23일 17시,화요일,충청남도 천안시 동남구 신부동,중상사고,0,1,0,0,차대차 - 기타,안전운전불이행,건조,맑음,기타 - 기타,승용,남,62세,상해없음,자전거,남,21세,중상
2022082300100518,2022년 8월 23일 19시,화요일,충청남도 천안시 서북구 성성동,경상사고,0,0,1,0,차대차 - 측면충돌,안전운전불이행,건조,맑음,단일로 - 기타,승용,여,40세,상해없음,승용,남,28세,경상
2022082300100519,2022년 8월 23일 19시,화요일,충청남도 예산군 신양면,경상사고,0,0,1,0,차대차 - 측면충돌,안전운전불이행,건조,맑음,교차로 - 교차로부근,화물,남,60세,상해없음,승합,남,67세,경상
2022082300100553,2022년 8월 23일 20시,화요일,충청남도 홍성군 구항면,중상사고,0,1,0,0,차대차 - 추돌,안전운전불이행,건조,맑음,단일로 - 기타,승용,남,51세,상해없음,화물,남,55세,중상
2022082300100581,2022년 8월 23일 21시,화요일,충청남도 아산시 온천동,경상사고,0,0,1,0,차대차 - 기타,안전운전불이행,건조,맑음,교차로 - 교차로안,승용,남,61세,상해없음,승용,여,53세,경상
2022082400100020,2022년 8월 24일 01시,수요일,충청남도 천안시 서북구 성거읍,중상사고,0,1,0,0,차대차 - 추돌,안전운전불이행,건조,맑음,단일로 - 기타,승용,남,22세,중상,화물,남,52세,상해없음
2022082400100070,2022년 8월 24일 07시,수요일,충청남도 천안시 서북구 직산읍,경상사고,0,0,1,0,차대차 - 측면충돌,안전거리미확보,건조,맑음,단일로 - 기타,승용,남,35세,상해없음,승용,남,32세,경상
2022082400100071,2022년 8월 24일 07시,수요일,충청남도 아산시 인주면,경상사고,0,0,1,0,차대차 - 기타,안전운전불이행,건조,맑음,기타 - 기타,화물,남,65세,상해없음,화물,남,69세,경상
2022082400100102,2022년 8월 24일 08시,수요일,충청남도 천안시 서북구 백석동,경상사고,0,0,2,0,차대차 - 추돌,안전운전불이행,건조,맑음,단일로 - 고가도로위,화물,남,42세,상해없음,승용,남,35세,상해없음
2022082400100103,2022년 8월 24일 08시,수요일,충청남도 천안시 서북구 불당동,경상사고,0,0,2,0,차대차 - 기타,교차로운행방법위반,건조,맑음,교차로 - 교차로안,승용,여,36세,기타불명,승용,여,28세,경상
2022082400100145,2022년 8월 24일 09시,수요일,충청남도 아산시 배방읍,경상사고,0,0,1,0,차대사람 - 기타,기타,건조,맑음,기타 - 기타,승합,남,53세,상해없음,보행자,남,28세,경상
2022082400100182,2022년 8월 24일 10시,수요일,충청남도 논산시 반월동,경상사고,0,0,1,0,차대사람 - 차도통행중,안전운전불이행,건조,맑음,단일로 - 기타,승용,남,71세,상해없음,보행자,여,75세,경상
2022082400100183,2022년 8월 24일 10시,수요일,충청남도 천안시 동남구 청당동,부상신고사고,0,0,0,1,차대차 - 측면충돌,안전거리미확보,건조,맑음,단일로 - 기타,자전거,남,78세,부상신고,승용,여,68세,상해없음
2022082400100217,2022년 8월 24일 11시,수요일,충청남도 아산시 풍기동,경상사고,0,0,1,0,차대사람 - 횡단중,안전운전불이행,건조,맑음,교차로 - 교차로횡단보도내,승용,여,37세,상해없음,보행자,남,82세,경상
2022082400100218,2022년 8월 24일 11시,수요일,충청남도 청양군 장평면,경상사고,0,0,1,0,차대차 - 측면충돌,직진우회전진행방해,건조,맑음,교차로 - 교차로안,승용,여,56세,상해없음,이륜,남,37세,경상
2022082400100287,2022년 8월 24일 13시,수요일,충청남도 아산시 남동,경상사고,0,0,1,0,차대차 - 기타,안전운전불이행,건조,맑음,단일로 - 기타,승용,여,41세,상해없음,승용,남,74세,경상
2022082400100317,2022년 8월 24일 14시,수요일,충청남도 천안시 서북구 불당동,경상사고,0,0,1,0,차대차 - 기타,신호위반,건조,맑음,교차로 - 교차로안,승용,남,52세,상해없음,이륜,남,23세,경상
2022082400100339,2022년 8월 24일 15시,수요일,충청남도 천안시 동남구 목천읍,경상사고,0,0,1,0,차대차 - 후진중충돌,안전운전불이행,건조,맑음,교차로 - 교차로부근,승용,여,26세,상해없음,승용,남,58세,경상
2022082400100379,2022년 8월 24일 16시,수요일,충청남도 천안시 서북구 불당동,경상사고,0,0,1,0,차대차 - 추돌,안전운전불이행,건조,맑음,단일로 - 기타,이륜,남,28세,상해없음,이륜,남,33세,경상
2022082400100380,2022년 8월 24일 16시,수요일,충청남도 당진시 송악읍,경상사고,0,0,1,0,차대차 - 측면충돌,안전운전불이행,건조,맑음,교차로 - 교차로안,특수,남,66세,상해없음,승용,남,30세,경상
2022082400100426,2022년 8월 24일 17시,수요일,충청남도 서천군 장항읍,경상사고,0,0,1,0,차대차 - 기타,기타,건조,맑음,교차로 - 교차로안,이륜,남,22세,경상,승용,남,50세,상해없음
2022082400100427,2022년 8월 24일 17시,수요일,충청남도 천안시 동남구 봉명동,경상사고,0,0,1,0,차대차 - 후진중충돌,안전운전불이행,건조,맑음,단일로 - 기타,승용,남,62세,상해없음,승용,남,44세,경상
2022082400100504,2022년 8월 24일 19시,수요일,충청남도 천안시 동남구 풍세면,경상사고,0,0,1,0,차대차 - 기타,신호위반,건조,맑음,단일로 - 기타,승용,여,29세,상해없음,승용,남,54세,경상
2022082400100567,2022년 8월 24일 21시,수요일,충청남도 아산시 탕정면,경상사고,0,0,1,0,차량단독 - 기타,기타,건조,맑음,기타 - 기타,개인형이동수단(PM),남,40세,경상,,,,
2022082400100593,2022년 8월 24일 22시,수요일,충청남도 천안시 동남구 신부동,중상사고,0,1,1,0,차대차 - 측면충돌,교차로운행방법위반,건조,맑음,교차로 - 교차로안,승용,남,25세,경상,이륜,남,17세,중상
2022082400100612,2022년 8월 24일 23시,수요일,충청남도 천안시 서북구 쌍용동,경상사고,0,0,1,0,차대차 - 측면충돌,안전운전불이행,건조,맑음,교차로 - 교차로안,승용,남,37세,상해없음,이륜,남,30세,경상
2022082400100613,2022년 8월 24일 23시,수요일,충청남도 아산시 배방읍,경상사고,0,0,1,0,차대차 - 측면충돌,안전거리미확보,건조,맑음,단일로 - 기타,승용,남,71세,상해없음,승용,남,60세,경상
2022082400100614,2022년 8월 24일 23시,수요일,충청남도 당진시 읍내동,경상사고,0,0,1,0,차대차 - 기타,안전운전불이행,건조,맑음,교차로 - 교차로안,승합,남,33세,상해없음,승용,남,34세,경상
2022082500100035,2022년 8월 25일 05시,목요일,충청남도 홍성군 홍북읍,경상사고,0,0,1,0,차대차 - 측면충돌,신호위반,건조,맑음,교차로 - 교차로안,승용,여,46세,상해없음,승용,남,46세,경상
2022082500100064,2022년 8월 25일 07시,목요일,충청남도 천안시 서북구 백석동,경상사고,0,0,1,0,차대차 - 기타,안전운전불이행,건조,맑음,단일로 - 기타,승용,남,44세,상해없음,자전거,남,47세,경상
2022082500100118,2022년 8월 25일 09시,목요일,충청남도 당진시 읍내동,중상사고,0,1,0,0,차대사람 - 횡단중,안전운전불이행,건조,맑음,교차로 - 교차로부근,화물,남,48세,상해없음,보행자,남,84세,중상
2022082500100119,2022년 8월 25일 09시,목요일,충청남도 태안군 태안읍,경상사고,0,0,1,0,차대사람 - 기타,안전운전불이행,건조,맑음,단일로 - 기타,화물,남,42세,상해없음,보행자,여,60세,경상
2022082500100150,2022년 8월 25일 10시,목요일,충청남도 서산시 석림동,경상사고,0,0,1,0,차대차 - 추돌,안전운전불이행,건조,맑음,교차로 - 교차로안,화물,남,57세,상해없음,승용,여,63세,경상
2022082500100151,2022년 8월 25일 10시,목요일,충청남도 천안시 동남구 쌍용동,경상사고,0,0,1,0,차대차 - 기타,신호위반,건조,맑음,기타 - 기타,승용,여,46세,상해없음,승용,여,48세,경상
2022082500100152,2022년 8월 25일 10시,목요일,충청남도 천안시 동남구 구성동,경상사고,0,0,1,0,차대사람 - 차도통행중,안전운전불이행,건조,맑음,주차장 - 주차장,화물,남,48세,상해없음,보행자,남,56세,경상
2022082500100180,2022년 8월 25일 11시,목요일,충청남도 서산시 예천동,경상사고,0,0,1,0,차대차 - 추돌,안전거리미확보,건조,맑음,교차로 - 교차로부근,승용,남,77세,상해없음,승용,남,75세,상해없음
2022082500100181,2022년 8월 25일 11시,목요일,충청남도 천안시 동남구 사직동,경상사고,0,0,1,0,차대사람 - 횡단중,안전운전불이행,건조,맑음,교차로 - 교차로부근,승용,남,75세,기타불명,보행자,남,60세,경상
2022082500100218,2022년 8월 25일 12시,목요일,충청남도 청양군 비봉면,중상사고,0,1,0,0,차대사람 - 길가장자리구역통행중,안전운전불이행,기타,흐림,교차로 - 교차로안,화물,남,69세,상해없음,보행자,여,85세,중상
2022082500100219,2022년 8월 25일 12시,목요일,충청남도 천안시 동남구 목천읍,사망사고,1,0,0,0,차대사람 - 차도통행중,기타,건조,맑음,단일로 - 기타,승용,남,41세,상해없음,보행자,남,50세,사망
2022082500100220,2022년 8월 25일 12시,목요일,충청남도 천안시 동남구 신부동,경상사고,0,0,1,0,차대차 - 측면충돌,안전운전불이행,건조,맑음,교차로 - 교차로안,승용,여,38세,기타불명,승용,여,59세,경상
2022082500100257,2022년 8월 25일 13시,목요일,충청남도 천안시 서북구 불당동,경상사고,0,0,2,0,차대차 - 측면충돌,안전거리미확보,건조,맑음,단일로 - 기타,승용,여,51세,경상,승용,여,51세,상해없음
2022082500100258,2022년 8월 25일 13시,목요일,충청남도 천안시 서북구 성성동,경상사고,0,0,1,0,차대차 - 기타,안전운전불이행,건조,맑음,단일로 - 기타,특수,남,62세,상해없음,승용,남,60세,경상
2022082500100259,2022년 8월 25일 13시,목요일,충청남도 아산시 온천동,중상사고,0,1,0,0,차대사람 - 횡단중,보행자보호의무위반,건조,흐림,교차로 - 교차로안,승용,여,59세,상해없음,보행자,여,69세,중상
2022082500100260,2022년 8월 25일 13시,목요일,충청남도 금산군 군북면,중상사고,0,1,0,0,차량단독 - 도로외이탈 - 기타,안전운전불이행,건조,맑음,단일로 - 기타,승용,여,68세,중상,,,,
2022082500100288,2022년 8월 25일 14시,목요일,충청남도 공주시 정안면,중상사고,0,1,0,0,차대차 - 측면충돌,중앙선침범,건조,흐림,단일로 - 기타,승용,남,50세,기타불명,승용,남,33세,중상
2022082500100357,2022년 8월 25일 16시,목요일,충청남도 논산시 노성면,경상사고,0,0,1,0,차대차 - 기타,교차로운행방법위반,건조,맑음,교차로 - 교차로안,화물,남,66세,상해없음,화물,남,55세,경상
2022082500100358,2022년 8월 25일 16시,목요일,충청남도 공주시 신관동,경상사고,0,0,1,0,차대차 - 측면충돌,안전운전불이행,건조,맑음,교차로 - 교차로부근,자전거,남,17세,경상,자전거,남,15세,상해없음
2022082500100392,2022년 8월 25일 17시,목요일,충청남도 천안시 서북구 성환읍,중상사고,0,1,0,0,차대차 - 정면충돌,중앙선침범,건조,맑음,단일로 - 기타,승용,남,26세,상해없음,이륜,남,62세,중상
2022082500100425,2022년 8월 25일 18시,목요일,충청남도 아산시 배방읍,경상사고,0,0,1,0,차대차 - 기타,기타,건조,맑음,교차로 - 교차로안,승용,남,68세,상해없음,승용,남,45세,경상
2022082500100497,2022년 8월 25일 20시,목요일,충청남도 금산군 남이면,경상사고,0,0,2,0,차대차 - 측면충돌,안전운전불이행,건조,맑음,단일로 - 기타,화물,남,68세,상해없음,승용,여,58세,경상
2022082500100525,2022년 8월 25일 21시,목요일,충청남도 천안시 서북구 쌍용동,경상사고,0,0,2,0,차대차 - 기타,신호위반,건조,맑음,교차로 - 교차로횡단보도내,승용,남,68세,경상,개인형이동수단(PM),남,17세,경상
2022082500100526,2022년 8월 25일 21시,목요일,충청남도 당진시 채운동,경상사고,0,0,1,0,차대차 - 후진중충돌,안전운전불이행,건조,맑음,교차로 - 교차로부근,화물,남,69세,상해없음,이륜,남,43세,경상
2022082500100573,2022년 8월 25일 23시,목요일,충청남도 천안시 서북구 두정동,사망사고,1,0,0,0,차대사람 - 기타,안전운전불이행,건조,맑음,단일로 - 기타,승용,남,37세,상해없음,보행자,남,40세,사망
2022082600100020,2022년 8월 26일 01시,금요일,충청남도 당진시 합덕읍,중상사고,0,1,1,0,차대차 - 정면충돌,안전운전불이행,건조,맑음,단일로 - 기타,승용,남,19세,상해없음,승용,남,52세,중상
2022082600100028,2022년 8월 26일 02시,금요일,충청남도 논산시 내동,중상사고,0,1,0,0,차량단독 - 전도전복 - 전도,안전운전불이행,건조,맑음,단일로 - 기타,이륜,남,21세,중상,,,,
2022082600100045,2022년 8월 26일 05시,금요일,충청남도 천안시 서북구 성환읍,사망사고,1,0,0,0,차대사람 - 기타,안전운전불이행,건조,맑음,교차로 - 교차로부근,승용,남,34세,상해없음,보행자,남,73세,사망
2022082600100057,2022년 8월 26일 06시,금요일,충청남도 천안시 서북구 성정동,부상신고사고,0,0,0,1,차대사람 - 기타,안전운전불이행,건조,흐림,기타 - 기타,이륜,남,21세,부상신고,보행자,여,75세,상해없음
2022082600100074,2022년 8월 26일 07시,금요일,충청남도 공주시 유구읍,중상사고,0,1,1,0,차대차 - 측면충돌,안전운전불이행,건조,맑음,교차로 - 교차로안,승용,남,81세,기타불명,승용,여,57세,경상
2022082600100110,2022년 8월 26일 08시,금요일,충청남도 서산시 성연면,경상사고,0,0,1,0,차대차 - 기타,중앙선침범,건조,맑음,교차로 - 교차로부근,승용,남,28세,상해없음,승용,남,35세,경상
2022082600100142,2022년 8월 26일 09시,금요일,충청남도 천안시 동남구 신부동,경상사고,0,0,1,0,차대차 - 측면충돌,안전운전불이행,건조,맑음,교차로 - 교차로안,승용,남,47세,상해없음,승용,남,75세,경상
2022082600100234,2022년 8월 26일 12시,금요일,충청남도 홍성군 은하면,사망사고,1,1,1,0,차대차 - 정면충돌,중앙선침범,건조,맑음,단일로 - 기타,이륜,남,41세,사망,승용,남,71세,경상
2022082600100235,2022년 8월 26일 12시,금요일,충청남도 공주시 반포면,중상사고,0,2,0,0,차량단독 - 기타,안전운전불이행,건조,맑음,단일로 - 기타,이륜,남,65세,중상,,,,
2022082600100266,2022년 8월 26일 13시,금요일,충청남도 천안시 동남구 병천면,경상사고,0,0,1,0,차대차 - 측면충돌,중앙선침범,건조,맑음,단일로 - 기타,화물,남,49세,상해없음,승합,남,55세,경상
2022082600100332,2022년 8월 26일 15시,금요일,충청남도 서산시 예천동,경상사고,0,0,3,0,차대차 - 추돌,안전운전불이행,건조,맑음,단일로 - 기타,화물,남,40세,상해없음,승용,여,49세,경상
2022082600100334,2022년 8월 26일 15시,금요일,충청남도 태안군 태안읍,사망사고,2,0,0,0,차대차 - 기타,신호위반,건조,맑음,교차로 - 교차로안,건설기계,남,56세,상해없음,이륜,남,68세,사망
2022082600100335,2022년 8월 26일 15시,금요일,충청남도 천안시 동남구 안서동,경상사고,0,0,2,0,차대차 - 추돌,안전운전불이행,건조,맑음,단일로 - 기타,승합,남,52세,상해없음,승용,여,52세,경상
2022082600100379,2022년 8월 26일 16시,금요일,충청남도 서산시 잠홍동,경상사고,0,0,1,0,차대사람 - 횡단중,보행자보호의무위반,건조,맑음,교차로 - 교차로부근,승합,남,56세,상해없음,보행자,남,63세,경상
2022082600100380,2022년 8월 26일 16시,금요일,충청남도 천안시 서북구 성거읍,경상사고,0,0,1,0,차대차 - 측면충돌,안전거리미확보,건조,맑음,단일로 - 기타,화물,남,48세,상해없음,승용,여,35세,경상
2022082600100422,2022년 8월 26일 17시,금요일,충청남도 부여군 부여읍,중상사고,0,5,1,0,차대차 - 측면충돌,기타,건조,맑음,교차로 - 교차로안,승용,남,58세,중상,승용,남,33세,경상
2022082600100480,2022년 8월 26일 18시,금요일,충청남도 천안시 동남구 용곡동,경상사고,0,0,1,0,차대차 - 측면충돌,교차로운행방법위반,건조,맑음,교차로 - 교차로안,승용,여,50세,상해없음,자전거,남,46세,경상
2022082600100528,2022년 8월 26일 19시,금요일,충청남도 서천군 서천읍,경상사고,0,0,2,0,차대사람 - 길가장자리구역통행중,교차로운행방법위반,건조,맑음,교차로 - 교차로안,이륜,남,31세,경상,보행자,여,62세,경상
2022082600100570,2022년 8월 26일 20시,금요일,충청남도 천안시 서북구 쌍용동,경상사고,0,0,1,0,차대차 - 측면충돌,신호위반,건조,맑음,교차로 - 교차로안,이륜,남,17세,상해없음,이륜,남,39세,경상
2022082600100595,2022년 8월 26일 21시,금요일,충청남도 홍성군 홍성읍,경상사고,0,0,1,0,차대사람 - 기타,안전운전불이행,건조,맑음,단일로 - 기타,승용,여,45세,상해없음,보행자,남,39세,경상
2022082600100622,2022년 8월 26일 22시,금요일,충청남도 천안시 서북구 불당동,경상사고,0,0,3,0,차대차 - 추돌,안전운전불이행,건조,맑음,교차로 - 교차로부근,승용,여,29세,상해없음,승용,남,24세,경상
2022082600100643,2022년 8월 26일 23시,금요일,충청남도 예산군 덕산면,경상사고,0,0,2,0,차대차 - 기타,중앙선침범,건조,맑음,교차로 - 교차로부근,승용,남,48세,상해없음,승용,남,42세,경상
2022082600100644,2022년 8월 26일 23시,금요일,충청남도 천안시 동남구 성남면,중상사고,0,1,0,0,차대차 - 기타,안전운전불이행,건조,맑음,단일로 - 기타,승용,남,39세,상해없음,승용,남,57세,중상
2022082700100010,2022년 8월 27일 00시,토요일,충청남도 서산시 지곡면,경상사고,0,0,1,0,차대차 - 후진중충돌,안전운전불이행,건조,맑음,주차장 - 주차장,화물,남,42세,상해없음,승용,남,61세,경상
2022082700100035,2022년 8월 27일 02시,토요일,충청남도 천안시 서북구 쌍용동,경상사고,0,0,1,0,차대차 - 기타,안전운전불이행,건조,맑음,교차로 - 교차로부근,승용,여,29세,상해없음,이륜,남,38세,경상
2022082700100036,2022년 8월 27일 02시,토요일,충청남도 당진시 읍내동,경상사고,0,0,1,0,차대차 - 측면충돌,안전운전불이행,건조,맑음,교차로 - 교차로안,승용,남,62세,경상,승용,여,56세,기타불명
2022082700100078,2022년 8월 27일 06시,토요일,충청남도 예산군 봉산면,경상사고,0,0,1,0,차량단독 - 도로외이탈 - 추락,안전운전불이행,건조,맑음,단일로 - 기타,농기계,남,87세,경상,,,,
2022082700100109,2022년 8월 27일 08시,토요일,충청남도 천안시 서북구 성환읍,중상사고,0,3,0,0,차대차 - 추돌,안전운전불이행,건조,맑음,단일로 - 기타,승용,남,66세,중상,승용,남,46세,기타불명
2022082700100135,2022년 8월 27일 09시,토요일,충청남도 아산시 배방읍,경상사고,0,0,1,0,차대차 - 기타,차로위반,건조,맑음,단일로 - 기타,화물,남,59세,상해없음,승용,남,43세,경상
2022082700100136,2022년 8월 27일 09시,토요일,충청남도 천안시 동남구 신방동,경상사고,0,0,2,0,차대차 - 측면충돌,차로위반,건조,맑음,기타 - 기타,승용,여,27세,상해없음,승용,남,24세,경상
2022082700100206,2022년 8월 27일 11시,토요일,충청남도 천안시 동남구 삼룡동,경상사고,0,0,1,0,차대차 - 기타,신호위반,건조,맑음,교차로 - 교차로부근,승용,남,69세,상해없음,화물,남,39세,상해없음
2022082700100243,2022년 8월 27일 12시,토요일,충청남도 예산군 대흥면,경상사고,0,0,2,0,차대차 - 측면충돌,중앙선침범,건조,맑음,단일로 - 기타,농기계,남,60세,상해없음,승용,여,26세,경상
2022082700100244,2022년 8월 27일 12시,토요일,충청남도 청양군 청양읍,경상사고,0,0,1,0,차대차 - 측면충돌,신호위반,건조,맑음,교차로 - 교차로안,승용,남,84세,상해없음,승용,남,66세,경상
2022082700100245,2022년 8월 27일 12시,토요일,충청남도 천안시 동남구 봉명동,경상사고,0,0,1,0,차대차 - 측면충돌,안전운전불이행,건조,맑음,단일로 - 기타,승용,여,47세,상해없음,승용,여,57세,경상
2022082700100297,2022년 8월 27일 13시,토요일,충청남도 보령시 대천동,경상사고,0,0,1,0,차대차 - 측면충돌,안전운전불이행,건조,맑음,단일로 - 기타,승용,여,58세,상해없음,이륜,남,54세,경상
2022082700100298,2022년 8월 27일 13시,토요일,충청남도 공주시 중동,경상사고,0,0,1,0,차대차 - 측면충돌,안전거리미확보,건조,맑음,교차로 - 교차로부근,승용,남,61세,상해없음,승용,남,39세,경상
2022082700100341,2022년 8월 27일 14시,토요일,충청남도 보령시 신흑동,중상사고,0,1,0,0,차대차 - 측면충돌,교차로운행방법위반,건조,맑음,교차로 - 교차로안,승용,남,59세,상해없음,화물,남,27세,중상
2022082700100342,2022년 8월 27일 14시,토요일,충청남도 태안군 소원면,경상사고,0,0,2,0,차대차 - 기타,안전운전불이행,건조,맑음,단일로 - 기타,승용,여,46세,상해없음,승용,남,43세,경상
2022082700100378,2022년 8월 27일 15시,토요일,충청남도 천안시 서북구 쌍용동,경상사고,0,0,1,0,차량단독 - 전도전복 - 전도,안전운전불이행,건조,맑음,단일로 - 기타,개인형이동수단(PM),남,31세,경상,,,,
2022082700100379,2022년 8월 27일 15시,토요일,충청남도 공주시 신관동,경상사고,0,0,2,0,차대차 - 측면충돌,안전운전불이행,건조,맑음,단일로 - 기타,승용,여,42세,상해없음,승용,여,39세,경상
2022082700100380,2022년 8월 27일 15시,토요일,충청남도 당진시 신평면,경상사고,0,0,1,0,차대차 - 추돌,안전운전불이행,건조,맑음,단일로 - 기타,승용,남,26세,상해없음,승용,여,34세,경상
2022082700100381,2022년 8월 27일 15시,토요일,충청남도 천안시 동남구 원성동,경상사고,0,0,1,0,차대차 - 측면충돌,안전운전불이행,건조,맑음,교차로 - 교차로안,승용,남,52세,상해없음,승용,남,38세,경상
2022082700100382,2022년 8월 27일 15시,토요일,충청남도 태안군 태안읍,중상사고,0,1,0,0,차대차 - 추돌,안전운전불이행,건조,맑음,단일로 - 기타,승용,남,60세,상해없음,승용,남,42세,상해없음
2022082700100427,2022년 8월 27일 16시,토요일,충청남도 천안시 서북구 쌍용동,경상사고,0,0,1,0,차대차 - 측면충돌,안전운전불이행,건조,맑음,교차로 - 교차로안,승용,여,61세,상해없음,이륜,남,27세,경상
2022082700100428,2022년 8월 27일 16시,토요일,충청남도 홍성군 홍북읍,경상사고,0,0,1,0,차대차 - 측면충돌,중앙선침범,건조,맑음,교차로 - 교차로횡단보도내,승용,남,61세,상해없음,승용,남,23세,경상
2022082700100429,2022년 8월 27일 16시,토요일,충청남도 당진시 읍내동,경상사고,0,0,1,0,차대차 - 추돌,중앙선침범,건조,맑음,교차로 - 교차로부근,승용,여,54세,상해없음,이륜,남,42세,경상
2022082700100430,2022년 8월 27일 16시,토요일,충청남도 당진시 신평면,중상사고,0,1,3,0,차대차 - 추돌,안전운전불이행,건조,맑음,단일로 - 기타,승용,남,58세,상해없음,승용,남,34세,중상
2022082700100511,2022년 8월 27일 18시,토요일,충청남도 공주시 반포면,경상사고,0,0,1,0,차대차 - 측면충돌,차로위반,건조,맑음,단일로 - 기타,승용,남,23세,상해없음,승용,여,53세,경상