사고번호,사고일시,요일,시군구,사고내용,사망자수,중상자수,경상자수,부상신고자수,사고유형,법규위반,노면상태,기상상태,도로형태,가해운전자 차종,가해운전자 성별,가해운전자 연령,가해운전자 상해정도,피해운전자 차종,피해운전자 성별,피해운전자 연령,피해운전자 상해정도
2022090100100462,2022년 9월 1일 17시,목요일,충청남도 아산시 인주면,경상사고,0,0,4,0,차대차 - 추돌,안전운전불이행,건조,맑음,단일로 - 기타,승용,남,44세,상해없음,승용,남,36세,경상
2022090100100463,2022년 9월 1일 17시,목요일,충청남도 예산군 신암면,경상사고,0,0,2,0,차대차 - 측면충돌,기타,건조,맑음,교차로 - 교차로안,승합,남,61세,상해없음,화물,남,58세,경상
2022090100100464,2022년 9월 1일 17시,목요일,충청남도 천안시 동남구 안서동,경상사고,0,0,1,0,차대사람 - 기타,안전운전불이행,건조,맑음,단일로 - 기타,승용,여,26세,상해없음,보행자,여,20세,경상
2022090100100465,2022년 9월 1일 17시,목요일,충청남도 천안시 동남구 청당동,경상사고,0,0,1,0,차대차 - 추돌,안전운전불이행,건조,맑음,단일로 - 기타,승용,여,43세,상해없음,이륜,여,29세,경상
2022090100100501,2022년 9월 1일 18시,목요일,충청남도 천안시 서북구 신당동,경상사고,0,0,1,0,차대차 - 기타,안전거리미확보,건조,맑음,교차로 - 교차로안,승용,여,48세,기타불명,승용,남,37세,경상
2022090100100502,2022년 9월 1일 18시,목요일,충청남도 아산시 탕정면,경상사고,0,0,1,0,차대차 - 추돌,안전운전불이행,건조,맑음,단일로 - 기타,승용,남,52세,상해없음,화물,남,55세,경상
2022090100100503,2022년 9월 1일 18시,목요일,충청남도 보령시 천북면,중상사고,0,1,0,0,차대사람 - 기타,안전운전불이행,건조,맑음,단일로 - 기타,승용,남,65세,상해없음,보행자,여,71세,중상
2022090100100538,2022년 9월 1일 19시,목요일,충청남도 천안시 서북구 쌍용동,경상사고,0,0,1,0,차대차 - 측면충돌,안전운전불이행,건조,맑음,교차로 - 교차로부근,승합,남,48세,상해없음,승합,남,63세,상해없음
2022090100100539,2022년 9월 1일 19시,목요일,충청남도 논산시 연산면,경상사고,0,0,1,0,차대차 - 측면충돌,교차로운행방법위반,건조,맑음,교차로 - 교차로안,원동기,남,53세,상해없음,원동기,여,31세,경상
2022090100100575,2022년 9월 1일 20시,목요일,충청남도 천안시 서북구 불당동,경상사고,0,0,1,0,차대차 - 기타,안전운전불이행,건조,맑음,단일로 - 기타,승용,여,48세,상해없음,승용,남,49세,경상
2022090100100605,2022년 9월 1일 21시,목요일,충청남도 천안시 동남구 신방동,경상사고,0,0,1,0,차대차 - 기타,중앙선침범,건조,맑음,교차로 - 교차로부근,자전거,남,67세,경상,승용,남,29세,상해없음
2022090100100618,2022년 9월 1일 22시,목요일,충청남도 금산군 금산읍,중상사고,0,1,1,0,차대차 - 기타,안전운전불이행,건조,맑음,단일로 - 기타,원동기,남,17세,경상,승용,남,51세,상해없음
2022090100100635,2022년 9월 1일 23시,목요일,충청남도 천안시 서북구 쌍용동,중상사고,0,2,2,0,차대차 - 정면충돌,중앙선침범,건조,맑음,교차로 - 교차로부근,승용,남,32세,상해없음,승용,남,53세,중상
2022090200100030,2022년 9월 2일 03시,금요일,충청남도 천안시 동남구 목천읍,경상사고,0,0,2,0,차대차 - 추돌,안전운전불이행,건조,맑음,단일로 - 기타,화물,남,58세,상해없음,승용,남,28세,경상
2022090200100051,2022년 9월 2일 05시,금요일,충청남도 서산시 대산읍,사망사고,1,0,1,0,차대차 - 추돌,안전운전불이행,젖음/습기,안개,단일로 - 기타,승용,여,60세,경상,농기계,남,74세,사망
2022090200100062,2022년 9월 2일 06시,금요일,충청남도 서산시 동문동,중상사고,0,1,0,0,차대사람 - 기타,안전운전불이행,건조,맑음,교차로 - 교차로안,승용,여,40세,상해없음,보행자,남,62세,중상
2022090200100082,2022년 9월 2일 07시,금요일,충청남도 당진시 채운동,경상사고,0,0,1,0,차대차 - 측면충돌,안전운전불이행,건조,맑음,교차로 - 교차로안,승용,여,61세,상해없음,승용,남,35세,경상
2022090200100125,2022년 9월 2일 08시,금요일,충청남도 논산시 취암동,경상사고,0,0,1,0,차대차 - 측면충돌,안전운전불이행,건조,맑음,교차로 - 교차로안,이륜,남,66세,경상,승용,남,48세,상해없음
2022090200100126,2022년 9월 2일 08시,금요일,충청남도 아산시 권곡동,경상사고,0,0,1,0,차대차 - 측면충돌,교차로운행방법위반,건조,맑음,교차로 - 교차로안,승용,남,50세,상해없음,승용,남,45세,경상
2022090200100210,2022년 9월 2일 10시,금요일,충청남도 천안시 서북구 쌍용동,경상사고,0,0,1,0,차대차 - 기타,안전운전불이행,건조,맑음,단일로 - 기타,승용,여,29세,상해없음,승용,여,53세,경상
2022090200100243,2022년 9월 2일 11시,금요일,충청남도 부여군 장암면,중상사고,0,1,2,0,차대차 - 기타,중앙선침범,건조,맑음,교차로 - 교차로부근,화물,남,81세,상해없음,승용,남,55세,경상
2022090200100244,2022년 9월 2일 11시,금요일,충청남도 천안시 동남구 청수동,중상사고,0,1,0,0,차대차 - 정면충돌,안전운전불이행,건조,맑음,교차로 - 교차로안,승용,여,45세,상해없음,이륜,남,42세,중상
2022090200100306,2022년 9월 2일 13시,금요일,충청남도 천안시 서북구 성거읍,경상사고,0,0,1,0,차대차 - 기타,신호위반,건조,맑음,교차로 - 교차로안,승용,남,26세,경상,화물,남,53세,상해없음
2022090200100347,2022년 9월 2일 14시,금요일,충청남도 아산시 음봉면,경상사고,0,0,4,0,차대차 - 추돌,안전운전불이행,젖음/습기,맑음,단일로 - 기타,승용,남,59세,상해없음,화물,남,32세,경상
2022090200100348,2022년 9월 2일 14시,금요일,충청남도 아산시 음봉면,경상사고,0,0,2,0,차대차 - 추돌,안전운전불이행,건조,맑음,교차로 - 교차로부근,승용,여,23세,기타불명,승용,남,37세,경상
2022090200100349,2022년 9월 2일 14시,금요일,충청남도 예산군 고덕면,경상사고,0,0,1,0,차대차 - 측면충돌,차로위반,건조,맑음,단일로 - 기타,승용,남,74세,상해없음,화물,남,27세,경상
2022090200100350,2022년 9월 2일 14시,금요일,충청남도 천안시 동남구 광덕면,경상사고,0,0,3,0,차대차 - 추돌,안전운전불이행,건조,맑음,단일로 - 터널,승합,남,27세,상해없음,승용,여,71세,경상
2022090200100392,2022년 9월 2일 15시,금요일,충청남도 천안시 동남구 원성동,경상사고,0,0,1,0,차대사람 - 횡단중,신호위반,건조,맑음,교차로 - 교차로횡단보도내,자전거,남,15세,상해없음,보행자,여,21세,경상
2022090200100393,2022년 9월 2일 15시,금요일,충청남도 태안군 원북면,중상사고,0,1,0,0,차대사람 - 기타,안전운전불이행,건조,맑음,단일로 - 기타,승용,남,49세,상해없음,보행자,남,59세,중상
2022090200100445,2022년 9월 2일 16시,금요일,충청남도 서산시 읍내동,중상사고,0,2,0,0,차대차 - 측면충돌,직진우회전진행방해,건조,맑음,교차로 - 교차로안,이륜,남,75세,중상,승용,남,71세,상해없음
2022090200100446,2022년 9월 2일 16시,금요일,충청남도 부여군 초촌면,경상사고,0,0,1,0,차대차 - 기타,직진우회전진행방해,건조,맑음,교차로 - 교차로안,원동기,남,59세,경상,승용,남,40세,상해없음
2022090200100496,2022년 9월 2일 17시,금요일,충청남도 홍성군 장곡면,중상사고,0,1,0,0,차대차 - 측면충돌,안전운전불이행,건조,맑음,교차로 - 교차로안,화물,남,71세,상해없음,승용,남,49세,중상
2022090200100497,2022년 9월 2일 17시,금요일,충청남도 아산시 배방읍,경상사고,0,0,2,0,차대차 - 기타,안전운전불이행,건조,맑음,단일로 - 기타,승용,남,67세,상해없음,승용,남,49세,경상
2022090200100498,2022년 9월 2일 17시,금요일,충청남도 천안시 동남구 북면,부상신고사고,0,0,0,1,차대차 - 추돌,안전운전불이행,건조,맑음,교차로 - 교차로안,화물,남,25세,상해없음,승용,남,28세,부상신고
2022090200100552,2022년 9월 2일 18시,금요일,충청남도 아산시 배방읍,경상사고,0,0,1,0,차대차 - 측면충돌,안전운전불이행,건조,맑음,교차로 - 교차로부근,승합,남,21세,상해없음,이륜,남,32세,경상
2022090200100553,2022년 9월 2일 18시,금요일,충청남도 예산군 대흥면,경상사고,0,0,1,0,차대차 - 측면충돌,직진우회전진행방해,건조,맑음,교차로 - 교차로안,승용,남,78세,상해없음,화물,남,64세,경상
2022090200100609,2022년 9월 2일 19시,금요일,충청남도 아산시 탕정면,경상사고,0,0,3,0,차대차 - 추돌,안전운전불이행,건조,맑음,단일로 - 기타,승용,남,33세,상해없음,승용,여,35세,경상
2022090200100610,2022년 9월 2일 19시,금요일,충청남도 태안군 태안읍,중상사고,0,1,0,0,차대사람 - 차도통행중,신호위반,건조,맑음,단일로 - 기타,화물,남,59세,상해없음,보행자,남,78세,중상
2022090200100645,2022년 9월 2일 20시,금요일,충청남도 천안시 서북구 성환읍,중상사고,0,1,0,0,차대차 - 기타,신호위반,건조,맑음,교차로 - 교차로안,승용,여,57세,상해없음,승용,남,30세,중상
2022090200100646,2022년 9월 2일 20시,금요일,충청남도 당진시 송악읍,경상사고,0,0,1,0,차대차 - 측면충돌,안전운전불이행,건조,맑음,교차로 - 교차로안,승용,여,69세,상해없음,승용,남,80세,경상
2022090300100009,2022년 9월 3일 00시,토요일,충청남도 천안시 서북구 두정동,경상사고,0,0,2,0,차대차 - 기타,안전운전불이행,건조,맑음,교차로 - 교차로안,승용,남,42세,상해없음,승용,남,56세,경상
2022090300100010,2022년 9월 3일 00시,토요일,충청남도 아산시 둔포면,경상사고,0,0,1,0,차대차 - 추돌,안전운전불이행,건조,맑음,단일로 - 기타,승용,남,25세,상해없음,승용,남,39세,경상
2022090300100011,2022년 9월 3일 00시,토요일,충청남도 아산시 배방읍,중상사고,0,1,1,0,차대차 - 기타,신호위반,건조,맑음,교차로 - 교차로안,승용,남,34세,경상,승용,남,25세,중상
2022090300100113,2022년 9월 3일 08시,토요일,충청남도 홍성군 홍성읍,경상사고,0,0,1,0,차대차 - 측면충돌,안전운전불이행,건조,맑음,교차로 - 교차로안,승용,남,68세,상해없음,사륜오토바이(ATV),남,57세,경상
2022090300100114,2022년 9월 3일 08시,토요일,충청남도 당진시 구룡동,사망사고,1,0,0,0,차대차 - 측면충돌,안전운전불이행,건조,맑음,단일로 - 기타,승용,여,63세,기타불명,이륜,남,75세,사망
2022090300100115,2022년 9월 3일 08시,토요일,충청남도 청양군 목면,중상사고,0,2,0,0,차대차 - 정면충돌,중앙선침범,건조,맑음,단일로 - 기타,승용,남,28세,중상,승용,남,59세,중상
2022090300100146,2022년 9월 3일 09시,토요일,충청남도 홍성군 홍성읍,사망사고,1,0,0,0,차대차 - 정면충돌,안전운전불이행,건조,맑음,단일로 - 기타,승용,남,81세,사망,승용,남,38세,기타불명
2022090300100176,2022년 9월 3일 10시,토요일,충청남도 논산시 광석면,경상사고,0,0,2,0,차대차 - 측면충돌,안전운전불이행,건조,맑음,단일로 - 기타,화물,남,68세,상해없음,승용,여,58세,경상
2022090300100219,2022년 9월 3일 11시,토요일,충청남도 천안시 서북구 두정동,경상사고,0,0,2,0,차대차 - 기타,신호위반,건조,맑음,교차로 - 교차로안,승용,남,52세,상해없음,승용,여,33세,경상
2022090300100220,2022년 9월 3일 11시,토요일,충청남도 청양군 화성면,중상사고,0,1,0,0,차대차 - 추돌,안전운전불이행,건조,맑음,교차로 - 교차로안,승합,남,50세,상해없음,승용,여,39세,중상
2022090300100258,2022년 9월 3일 12시,토요일,충청남도 천안시 서북구 성환읍,경상사고,0,0,1,0,차대차 - 기타,안전거리미확보,건조,맑음,단일로 - 기타,승용,남,76세,상해없음,승용,여,42세,경상
2022090300100259,2022년 9월 3일 12시,토요일,충청남도 천안시 서북구 성정동,중상사고,0,1,0,0,차대사람 - 차도통행중,안전운전불이행,건조,맑음,교차로 - 교차로안,이륜,남,33세,기타불명,보행자,남,76세,중상
2022090300100260,2022년 9월 3일 12시,토요일,충청남도 아산시 온천동,경상사고,0,0,2,0,차대차 - 기타,안전운전불이행,건조,맑음,교차로 - 교차로부근,승용,여,29세,상해없음,승용,여,39세,경상
2022090300100261,2022년 9월 3일 12시,토요일,충청남도 당진시 사기소동,중상사고,0,2,2,0,차대차 - 정면충돌,안전운전불이행,건조,맑음,교차로 - 교차로안,승용,남,33세,중상,승용,남,48세,경상
2022090300100302,2022년 9월 3일 13시,토요일,충청남도 천안시 동남구 원성동,경상사고,0,0,1,0,차대사람 - 기타,안전운전불이행,건조,맑음,기타 - 기타,승합,남,53세,상해없음,보행자,여,43세,경상
2022090300100348,2022년 9월 3일 14시,토요일,충청남도 천안시 동남구 목천읍,경상사고,0,0,2,0,차대차 - 후진중충돌,불법유턴,건조,맑음,기타 - 기타,화물,남,64세,상해없음,승용,남,32세,경상
2022090300100382,2022년 9월 3일 15시,토요일,충청남도 예산군 대술면,중상사고,0,1,0,0,차량단독 - 전도전복 - 전도,안전운전불이행,건조,맑음,단일로 - 기타,농기계,남,79세,중상,,,,
2022090300100383,2022년 9월 3일 15시,토요일,충청남도 천안시 동남구 봉명동,경상사고,0,0,1,0,차대차 - 측면충돌,교차로운행방법위반,건조,맑음,교차로 - 교차로안,승용,남,55세,상해없음,자전거,남,45세,경상
2022090300100417,2022년 9월 3일 16시,토요일,충청남도 공주시 신관동,중상사고,0,1,0,0,차대사람 - 횡단중,보행자보호의무위반,건조,맑음,교차로 - 교차로횡단보도내,승용,여,24세,상해없음,보행자,남,81세,중상
2022090300100418,2022년 9월 3일 16시,토요일,충청남도 당진시 면천면,경상사고,0,0,3,0,차대차 - 추돌,기타,건조,맑음,교차로 - 교차로안,승용,남,34세,상해없음,승용,남,48세,경상
2022090300100492,2022년 9월 3일 18시,토요일,충청남도 아산시 탕정면,경상사고,0,0,1,0,차대차 - 추돌,안전운전불이행,건조,맑음,교차로 - 교차로부근,승용,남,24세,상해없음,승용,남,32세,경상
2022090300100522,2022년 9월 3일 19시,토요일,충청남도 공주시 신관동,경상사고,0,0,1,0,차대사람 - 차도통행중,안전운전불이행,건조,맑음,단일로 - 기타,이륜,남,19세,상해없음,보행자,남,52세,경상
2022090300100571,2022년 9월 3일 21시,토요일,충청남도 보령시 죽정동,사망사고,1,0,0,0,차대차 - 기타,기타,건조,맑음,교차로 - 교차로안,승용,남,49세,상해없음,이륜,남,42세,사망
2022090300100596,2022년 9월 3일 22시,토요일,충청남도 천안시 서북구 성정동,경상사고,0,0,5,0,차대차 - 추돌,안전운전불이행,건조,맑음,단일로 - 기타,승용,남,28세,상해없음,승용,여,45세,경상
2022090300100597,2022년 9월 3일 22시,토요일,충청남도 아산시 배방읍,중상사고,0,1,0,0,차대사람 - 기타,기타,건조,맑음,교차로 - 교차로안,승용,남,37세,상해없음,보행자,여,60세,중상
2022090400100077,2022년 9월 4일 08시,일요일,충청남도 당진시 순성면,중상사고,0,2,0,0,차대차 - 추돌,기타,젖음/습기,비,기타 - 기타,승용,남,35세,상해없음,승용,남,46세,중상
2022090400100092,2022년 9월 4일 09시,일요일,충청남도 천안시 서북구 두정동,중상사고,0,1,0,0,차대차 - 측면충돌,중앙선침범,건조,맑음,단일로 - 기타,승용,남,22세,상해없음,승용,남,57세,중상
2022090400100164,2022년 9월 4일 12시,일요일,충청남도 천안시 서북구 신당동,경상사고,0,0,1,0,차대차 - 기타,차로위반,건조,맑음,단일로 - 기타,승용,여,31세,상해없음,승용,남,28세,상해없음
2022090400100165,2022년 9월 4일 12시,일요일,충청남도 논산시 강경읍,경상사고,0,0,2,0,차대차 - 측면충돌,기타,건조,맑음,교차로 - 교차로안,승용,남,46세,상해없음,승용,남,56세,경상
2022090400100192,2022년 9월 4일 13시,일요일,충청남도 천안시 동남구 신방동,중상사고,0,1,0,0,차대차 - 측면충돌,안전운전불이행,건조,맑음,단일로 - 기타,승용,여,74세,상해없음,승용,남,42세,중상
2022090400100226,2022년 9월 4일 14시,일요일,충청남도 청양군 청양읍,중상사고,0,1,2,0,차대차 - 추돌,안전운전불이행,건조,맑음,단일로 - 기타,승용,남,67세,경상,승용,남,68세,중상
2022090400100227,2022년 9월 4일 14시,일요일,충청남도 태안군 안면읍,중상사고,0,1,1,0,차대차 - 기타,신호위반,건조,맑음,교차로 - 교차로안,화물,여,66세,상해없음,승용,남,36세,중상
2022090400100256,2022년 9월 4일 15시,일요일,충청남도 천안시 서북구 불당동,경상사고,0,0,1,0,차대차 - 추돌,안전운전불이행,젖음/습기,흐림,교차로 - 교차로부근,승용,남,43세,상해없음,승용,남,57세,경상
2022090400100257,2022년 9월 4일 15시,일요일,충청남도 예산군 예산읍,경상사고,0,0,1,0,차대차 - 측면충돌,직진우회전진행방해,건조,맑음,교차로 - 교차로안,승용,남,51세,상해없음,승용,남,29세,경상
2022090400100299,2022년 9월 4일 16시,일요일,충청남도 천안시 서북구 쌍용동,경상사고,0,0,1,0,차대차 - 측면충돌,안전운전불이행,건조,맑음,단일로 - 기타,승용,여,48세,상해없음,승용,남,46세,상해없음
2022090400100353,2022년 9월 4일 18시,일요일,충청남도 서천군 서면,경상사고,0,0,1,0,차량단독 - 기타,안전운전불이행,젖음/습기,흐림,단일로 - 기타,원동기,남,27세,경상,,,,
2022090400100354,2022년 9월 4일 18시,일요일,충청남도 당진시 송산면,경상사고,0,0,4,0,차대차 - 추돌,안전운전불이행,젖음/습기,비,단일로 - 기타,승용,남,26세,상해없음,승용,남,48세,경상
2022090400100382,2022년 9월 4일 19시,일요일,충청남도 천안시 서북구 백석동,부상신고사고,0,0,0,2,차대차 - 측면충돌,안전거리미확보,젖음/습기,비,단일로 - 기타,승용,남,58세,부상신고,승용,남,39세,부상신고
2022090400100412,2022년 9월 4일 20시,일요일,충청남도 아산시 배방읍,경상사고,0,0,1,0,차대차 - 기타,안전운전불이행,젖음/습기,비,단일로 - 기타,승용,남,42세,상해없음,이륜,남,48세,경상
2022090400100413,2022년 9월 4일 20시,일요일,충청남도 예산군 신양면,경상사고,0,0,3,0,차대차 - 추돌,안전운전불이행,젖음/습기,비,교차로 - 교차로부근,승용,남,61세,상해없음,승용,남,53세,경상
2022090400100445,2022년 9월 4일 21시,일요일,충청남도 아산시 방축동,중상사고,0,1,0,0,차대사람 - 기타,안전운전불이행,젖음/습기,비,단일로 - 기타,승용,남,45세,상해없음,보행자,남,63세,중상
2022090400100446,2022년 9월 4일 21시,일요일,충청남도 아산시 배방읍,중상사고,0,1,0,0,차대사람 - 보도통행중,안전운전불이행,젖음/습기,비,단일로 - 기타,승용,여,58세,상해없음,보행자,남,54세,중상
2022090400100447,2022년 9월 4일 21시,일요일,충청남도 공주시 우성면,경상사고,0,0,1,0,차대차 - 정면충돌,신호위반,젖음/습기,비,교차로 - 교차로안,승용,남,42세,상해없음,승용,남,47세,경상
2022090500100006,2022년 9월 5일 00시,월요일,충청남도 천안시 서북구 불당동,중상사고,0,1,0,0,차대차 - 측면충돌,신호위반,젖음/습기,비,교차로 - 교차로안,승용,남,31세,상해없음,원동기,남,44세,중상
2022090500100022,2022년 9월 5일 02시,월요일,충청남도 천안시 동남구 신방동,경상사고,0,0,1,0,차대차 - 기타,안전운전불이행,건조,맑음,교차로 - 교차로안,승용,여,42세,상해없음,승합,남,40세,경상
2022090500100030,2022년 9월 5일 04시,월요일,충청남도 천안시 동남구 안서동,사망사고,1,0,0,0,차대사람 - 기타,기타,젖음/습기,비,단일로 - 기타,승용,남,52세,상해없음,보행자,남,20세,사망
2022090500100036,2022년 9월 5일 05시,월요일,충청남도 천안시 서북구 백석동,경상사고,0,0,2,0,차대차 - 측면충돌,직진우회전진행방해,건조,맑음,교차로 - 교차로안,승용,남,35세,상해없음,승용,남,50세,경상
2022090500100037,2022년 9월 5일 05시,월요일,충청남도 천안시 동남구 청당동,경상사고,0,0,1,0,차대차 - 측면충돌,안전운전불이행,젖음/습기,비,교차로 - 교차로부근,화물,남,71세,상해없음,승용,남,51세,경상
2022090500100050,2022년 9월 5일 06시,월요일,충청남도 아산시 음봉면,경상사고,0,0,2,0,차대차 - 기타,신호위반,젖음/습기,비,교차로 - 교차로안,승용,남,53세,상해없음,승용,남,47세,경상
2022090500100069,2022년 9월 5일 07시,월요일,충청남도 천안시 서북구 불당동,경상사고,0,0,1,0,차대차 - 측면충돌,신호위반,젖음/습기,비,교차로 - 교차로안,승용,여,65세,상해없음,승용,여,24세,경상
2022090500100070,2022년 9월 5일 07시,월요일,충청남도 보령시 웅천읍,경상사고,0,0,1,0,차대차 - 측면충돌,직진우회전진행방해,건조,맑음,교차로 - 교차로안,사륜오토바이(ATV),여,63세,경상,승용,남,61세,상해없음
2022090500100146,2022년 9월 5일 09시,월요일,충청남도 천안시 서북구 직산읍,경상사고,0,0,1,0,차대차 - 기타,안전거리미확보,젖음/습기,비,단일로 - 기타,승용,여,56세,상해없음,승용,여,59세,경상
2022090500100147,2022년 9월 5일 09시,월요일,충청남도 천안시 서북구 불당동,경상사고,0,0,1,0,차대차 - 기타,안전거리미확보,젖음/습기,흐림,단일로 - 기타,승용,남,69세,상해없음,승용,여,46세,경상
2022090500100148,2022년 9월 5일 09시,월요일,충청남도 논산시 내동,중상사고,0,1,0,0,차대사람 - 횡단중,보행자보호의무위반,젖음/습기,비,교차로 - 교차로안,승용,남,73세,상해없음,보행자,남,71세,중상
2022090500100205,2022년 9월 5일 11시,월요일,충청남도 논산시 연산면,중상사고,0,2,0,0,차대차 - 측면충돌,신호위반,건조,흐림,교차로 - 교차로안,화물,남,78세,상해없음,화물,남,62세,중상
2022090500100263,2022년 9월 5일 13시,월요일,충청남도 천안시 서북구 두정동,중상사고,0,1,0,0,차대차 - 기타,불법유턴,건조,맑음,단일로 - 기타,승용,남,68세,상해없음,이륜,남,42세,중상
2022090500100292,2022년 9월 5일 14시,월요일,충청남도 천안시 서북구 불당동,경상사고,0,0,1,0,차대차 - 기타,안전운전불이행,젖음/습기,비,교차로 - 교차로안,승용,여,43세,상해없음,승용,남,60세,경상
2022090500100314,2022년 9월 5일 15시,월요일,충청남도 천안시 서북구 두정동,경상사고,0,0,1,0,차대차 - 측면충돌,신호위반,젖음/습기,비,교차로 - 교차로안,승합,남,52세,상해없음,승합,남,40세,경상
2022090500100386,2022년 9월 5일 17시,월요일,충청남도 논산시 연무읍,경상사고,0,0,1,0,차대차 - 정면충돌,교차로운행방법위반,건조,맑음,교차로 - 교차로안,화물,남,53세,상해없음,승용,남,61세,경상
2022090500100387,2022년 9월 5일 17시,월요일,충청남도 홍성군 금마면,중상사고,0,1,0,0,차대사람 - 횡단중,안전거리미확보,젖음/습기,비,단일로 - 기타,승용,여,62세,상해없음,보행자,여,86세,중상
2022090500100440,2022년 9월 5일 18시,월요일,충청남도 천안시 서북구 두정동,경상사고,0,0,1,0,차대차 - 측면충돌,안전운전불이행,젖음/습기,비,교차로 - 교차로안,승용,여,43세,상해없음,승용,남,33세,경상
2022090500100509,2022년 9월 5일 19시,월요일,충청남도 아산시 음봉면,중상사고,0,1,0,0,차대차 - 기타,안전운전불이행,젖음/습기,비,기타 - 기타,승용,남,63세,상해없음,승용,남,25세,중상
2022090500100551,2022년 9월 5일 20시,월요일,충청남도 서산시 예천동,경상사고,0,0,2,0,차대차 - 추돌,안전거리미확보,젖음/습기,비,교차로 - 교차로부근,승용,남,28세,상해없음,승용,여,64세,경상
2022090500100552,2022년 9월 5일 20시,월요일,충청남도 서천군 서천읍,경상사고,0,0,2,0,차대차 - 추돌,안전운전불이행,젖음/습기,비,교차로 - 교차로부근,승용,남,53세,상해없음,승용,남,46세,경상
2022090500100652,2022년 9월 5일 23시,월요일,충청남도 부여군 부여읍,경상사고,0,0,1,0,차대차 - 기타,중앙선침범,건조,맑음,단일로 - 기타,승용,남,35세,상해없음,승용,남,25세,경상
2022090600100043,2022년 9월 6일 03시,화요일,충청남도 천안시 서북구 백석동,중상사고,0,1,1,0,차대차 - 측면충돌,신호위반,젖음/습기,맑음,교차로 - 교차로안,화물,남,41세,상해없음,승용,남,39세,중상
2022090600100092,2022년 9월 6일 08시,화요일,충청남도 천안시 서북구 성정동,경상사고,0,0,2,0,차대차 - 기타,안전운전불이행,건조,맑음,교차로 - 교차로안,승용,남,24세,상해없음,승용,남,30세,경상
2022090600100156,2022년 9월 6일 11시,화요일,충청남도 당진시 읍내동,중상사고,0,1,0,0,차대차 - 기타,안전운전불이행,건조,맑음,단일로 - 기타,승용,여,60세,상해없음,승합,남,45세,상해없음
2022090600100157,2022년 9월 6일 11시,화요일,충청남도 태안군 소원면,중상사고,0,2,0,0,차량단독 - 기타,안전운전불이행,건조,맑음,단일로 - 기타,이륜,여,70세,중상,,,,
2022090600100185,2022년 9월 6일 12시,화요일,충청남도 예산군 예산읍,경상사고,0,0,1,0,차대차 - 추돌,안전거리미확보,건조,맑음,단일로 - 기타,승용,남,78세,상해없음,승용,여,45세,상해없음
2022090600100186,2022년 9월 6일 12시,화요일,충청남도 천안시 동남구 신방동,경상사고,0,0,1,0,차대차 - 추돌,안전거리미확보,건조,맑음,교차로 - 교차로부근,화물,남,52세,상해없음,승용,남,22세,경상
2022090600100187,2022년 9월 6일 12시,화요일,충청남도 천안시 동남구 병천면,경상사고,0,0,1,0,차대차 - 기타,안전운전불이행,건조,맑음,교차로 - 교차로안,승용,남,76세,상해없음,화물,남,53세,경상
2022090600100297,2022년 9월 6일 15시,화요일,충청남도 천안시 서북구 성정동,경상사고,0,0,1,0,차대차 - 기타,안전운전불이행,건조,맑음,단일로 - 기타,기타불명,기타불명,미분류,기타불명,승용,여,54세,경상
2022090600100336,2022년 9월 6일 16시,화요일,충청남도 천안시 서북구 성거읍,경상사고,0,0,1,0,차대차 - 기타,안전거리미확보,건조,맑음,기타 - 기타,화물,남,63세,상해없음,자전거,남,84세,경상
2022090600100337,2022년 9월 6일 16시,화요일,충청남도 홍성군 홍성읍,경상사고,0,0,1,0,차대차 - 기타,안전운전불이행,건조,맑음,단일로 - 기타,승용,여,58세,상해없음,승용,남,63세,경상
2022090600100338,2022년 9월 6일 16시,화요일,충청남도 서천군 서천읍,경상사고,0,0,1,0,차대차 - 추돌,안전운전불이행,건조,맑음,단일로 - 기타,승용,남,27세,상해없음,화물,남,50세,경상
2022090600100448,2022년 9월 6일 18시,화요일,충청남도 천안시 서북구 불당동,경상사고,0,0,1,0,차대차 - 측면충돌,안전운전불이행,건조,맑음,단일로 - 기타,승용,남,29세,상해없음,승용,남,59세,경상
2022090600100449,2022년 9월 6일 18시,화요일,충청남도 금산군 금산읍,경상사고,0,0,1,0,차대사람 - 횡단중,안전운전불이행,건조,맑음,단일로 - 기타,승용,여,59세,상해없음,보행자,남,70세,경상
2022090600100490,2022년 9월 6일 19시,화요일,충청남도 금산군 금산읍,경상사고,0,0,1,0,차대차 - 측면충돌,안전운전불이행,건조,맑음,단일로 - 교량,승용,남,91세,상해없음,자전거,남,83세,경상
2022090600100522,2022년 9월 6일 20시,화요일,충청남도 논산시 부창동,경상사고,0,0,1,0,차대사람 - 기타,안전운전불이행,건조,맑음,단일로 - 기타,승용,남,59세,상해없음,보행자,여,68세,경상
2022090600100523,2022년 9월 6일 20시,화요일,충청남도 당진시 합덕읍,경상사고,0,0,1,0,차대사람 - 기타,안전운전불이행,건조,흐림,단일로 - 기타,승용,남,64세,상해없음,보행자,남,56세,경상
2022090600100540,2022년 9월 6일 21시,화요일,충청남도 천안시 서북구 쌍용동,경상사고,0,0,1,0,차대차 - 기타,신호위반,건조,맑음,교차로 - 교차로안,자전거,남,13세,경상,승용,남,28세,상해없음
2022090600100600,2022년 9월 6일 23시,화요일,충청남도 당진시 시곡동,경상사고,0,0,1,0,차대차 - 추돌,기타,건조,맑음,단일로 - 기타,승용,남,35세,상해없음,승용,남,27세,경상