사고번호,사고일시,요일,시군구,사고내용,사망자수,중상자수,경상자수,부상신고자수,사고유형,법규위반,노면상태,기상상태,도로형태,가해운전자 차종,가해운전자 성별,가해운전자 연령,가해운전자 상해정도,피해운전자 차종,피해운전자 성별,피해운전자 연령,피해운전자 상해정도
2022090700100018,2022년 9월 7일 01시,수요일,충청남도 천안시 동남구 봉명동,중상사고,0,1,0,0,차대사람 - 차도통행중,안전운전불이행,건조,맑음,교차로 - 교차로부근,승용,여,50세,상해없음,보행자,남,44세,중상
2022090700100030,2022년 9월 7일 02시,수요일,충청남도 천안시 서북구 두정동,중상사고,0,1,1,0,차대사람 - 기타,안전운전불이행,건조,맑음,기타 - 기타,이륜,남,27세,중상,보행자,남,44세,경상
2022090700100036,2022년 9월 7일 03시,수요일,충청남도 예산군 예산읍,경상사고,0,0,2,0,차대차 - 측면충돌,신호위반,건조,맑음,교차로 - 교차로안,승용,여,29세,상해없음,승용,남,36세,경상
2022090700100050,2022년 9월 7일 05시,수요일,충청남도 당진시 합덕읍,중상사고,0,1,0,0,차대차 - 기타,안전운전불이행,건조,맑음,교차로 - 교차로안,특수,남,63세,상해없음,승용,남,62세,중상
2022090700100085,2022년 9월 7일 07시,수요일,충청남도 서산시 석림동,중상사고,0,1,1,0,차대차 - 측면충돌,신호위반,건조,맑음,교차로 - 교차로안,원동기,남,66세,중상,승용,여,60세,경상
2022090700100086,2022년 9월 7일 07시,수요일,충청남도 천안시 서북구 차암동,경상사고,0,0,1,0,차대차 - 기타,안전운전불이행,건조,맑음,단일로 - 기타,승용,여,44세,상해없음,승용,남,43세,경상
2022090700100087,2022년 9월 7일 07시,수요일,충청남도 아산시 둔포면,중상사고,0,1,0,0,차대차 - 측면충돌,중앙선침범,건조,맑음,기타 - 기타,승용,남,38세,상해없음,이륜,남,17세,중상
2022090700100088,2022년 9월 7일 07시,수요일,충청남도 아산시 탕정면,중상사고,0,1,0,0,차대차 - 정면충돌,신호위반,건조,맑음,교차로 - 교차로안,승용,남,46세,기타불명,승용,남,28세,중상
2022090700100089,2022년 9월 7일 07시,수요일,충청남도 아산시 신창면,경상사고,0,0,1,0,차대차 - 기타,안전운전불이행,건조,맑음,교차로 - 교차로안,승용,남,38세,상해없음,승합,남,61세,경상
2022090700100090,2022년 9월 7일 07시,수요일,충청남도 부여군 부여읍,경상사고,0,0,1,0,차대사람 - 횡단중,보행자보호의무위반,건조,맑음,단일로 - 기타,화물,남,60세,상해없음,보행자,여,75세,경상
2022090700100091,2022년 9월 7일 07시,수요일,충청남도 당진시 채운동,사망사고,1,0,0,0,차대차 - 기타,안전운전불이행,건조,맑음,단일로 - 기타,이륜,남,79세,사망,승용,남,47세,상해없음
2022090700100131,2022년 9월 7일 08시,수요일,충청남도 예산군 예산읍,경상사고,0,0,1,0,차대차 - 추돌,안전운전불이행,건조,맑음,교차로 - 교차로안,승용,여,31세,상해없음,승용,여,43세,경상
2022090700100132,2022년 9월 7일 08시,수요일,충청남도 천안시 동남구 영성동,중상사고,0,1,0,0,차대차 - 기타,교차로운행방법위반,건조,맑음,교차로 - 교차로안,화물,남,45세,상해없음,이륜,남,72세,중상
2022090700100231,2022년 9월 7일 10시,수요일,충청남도 천안시 서북구 성정동,경상사고,0,0,1,0,차량단독 - 기타,안전운전불이행,건조,맑음,교차로 - 교차로부근,승합,남,54세,상해없음,,,,
2022090700100232,2022년 9월 7일 10시,수요일,충청남도 천안시 서북구 성환읍,경상사고,0,0,1,0,차대차 - 추돌,안전운전불이행,건조,맑음,교차로 - 교차로부근,화물,남,56세,상해없음,승용,남,25세,경상
2022090700100233,2022년 9월 7일 10시,수요일,충청남도 아산시 선장면,경상사고,0,0,3,0,차대차 - 기타,신호위반,건조,맑음,교차로 - 교차로부근,승용,남,78세,상해없음,승용,남,32세,경상
2022090700100234,2022년 9월 7일 10시,수요일,충청남도 예산군 예산읍,경상사고,0,0,1,0,차대차 - 측면충돌,안전운전불이행,건조,맑음,단일로 - 기타,승용,남,67세,상해없음,승용,여,55세,경상
2022090700100274,2022년 9월 7일 11시,수요일,충청남도 천안시 서북구 성성동,경상사고,0,0,1,0,차대차 - 측면충돌,직진우회전진행방해,건조,맑음,교차로 - 교차로부근,화물,남,49세,상해없음,승용,여,30세,경상
2022090700100306,2022년 9월 7일 12시,수요일,충청남도 논산시 가야곡면,중상사고,0,1,0,0,차대차 - 후진중충돌,안전운전불이행,건조,맑음,교차로 - 교차로안,화물,남,64세,상해없음,원동기,여,69세,중상
2022090700100374,2022년 9월 7일 14시,수요일,충청남도 서산시 동문동,경상사고,0,0,1,0,차대차 - 측면충돌,안전거리미확보,건조,맑음,교차로 - 교차로안,승용,남,66세,상해없음,이륜,남,41세,경상
2022090700100408,2022년 9월 7일 15시,수요일,충청남도 아산시 음봉면,중상사고,0,1,0,0,차대차 - 기타,기타,건조,맑음,교차로 - 교차로안,화물,남,38세,상해없음,승용,여,48세,중상
2022090700100456,2022년 9월 7일 16시,수요일,충청남도 천안시 서북구 성정동,경상사고,0,0,2,0,차대차 - 추돌,안전운전불이행,건조,맑음,단일로 - 기타,승용,남,50세,상해없음,승용,여,30세,경상
2022090700100457,2022년 9월 7일 16시,수요일,충청남도 천안시 서북구 백석동,중상사고,0,1,0,0,차대차 - 측면충돌,신호위반,건조,맑음,교차로 - 교차로횡단보도내,승용,여,46세,상해없음,자전거,남,10세,중상
2022090700100458,2022년 9월 7일 16시,수요일,충청남도 천안시 서북구 두정동,부상신고사고,0,0,0,1,차대차 - 기타,중앙선침범,건조,맑음,단일로 - 기타,자전거,여,11세,부상신고,승용,여,52세,상해없음
2022090700100509,2022년 9월 7일 17시,수요일,충청남도 논산시 강산동,경상사고,0,0,1,0,차대차 - 측면충돌,차로위반,건조,맑음,교차로 - 교차로안,승용,남,61세,상해없음,승용,남,41세,경상
2022090700100510,2022년 9월 7일 17시,수요일,충청남도 논산시 취암동,중상사고,0,1,0,0,차대차 - 측면충돌,직진우회전진행방해,건조,맑음,교차로 - 교차로안,승용,남,60세,상해없음,이륜,남,50세,중상
2022090700100511,2022년 9월 7일 17시,수요일,충청남도 천안시 동남구 다가동,경상사고,0,0,2,0,차대차 - 기타,교차로운행방법위반,건조,맑음,교차로 - 교차로안,승용,남,76세,상해없음,승용,남,48세,경상
2022090700100563,2022년 9월 7일 18시,수요일,충청남도 천안시 서북구 두정동,경상사고,0,0,1,0,차대차 - 측면충돌,중앙선침범,건조,맑음,단일로 - 기타,승용,남,30세,상해없음,이륜,남,22세,경상
2022090700100647,2022년 9월 7일 20시,수요일,충청남도 아산시 둔포면,중상사고,0,1,1,0,차대차 - 추돌,안전운전불이행,건조,맑음,단일로 - 기타,승용,남,19세,상해없음,화물,남,66세,경상
2022090700100648,2022년 9월 7일 20시,수요일,충청남도 당진시 송악읍,경상사고,0,0,1,0,차대차 - 추돌,안전운전불이행,건조,맑음,교차로 - 교차로안,승용,남,44세,상해없음,승용,남,29세,경상
2022090700100681,2022년 9월 7일 21시,수요일,충청남도 아산시 배방읍,경상사고,0,0,2,0,차대차 - 기타,안전운전불이행,건조,맑음,교차로 - 교차로안,승용,여,39세,상해없음,승용,여,41세,경상
2022090700100682,2022년 9월 7일 21시,수요일,충청남도 천안시 동남구 신부동,중상사고,0,1,0,0,차대차 - 측면충돌,교차로운행방법위반,건조,맑음,교차로 - 교차로안,이륜,남,61세,중상,승용,남,29세,상해없음
2022090700100707,2022년 9월 7일 22시,수요일,충청남도 당진시 읍내동,중상사고,0,1,0,0,차대사람 - 기타,안전운전불이행,건조,맑음,교차로 - 교차로안,승용,남,42세,상해없음,보행자,남,59세,중상
2022090700100738,2022년 9월 7일 23시,수요일,충청남도 천안시 서북구 성정동,부상신고사고,0,0,0,2,차대차 - 기타,안전운전불이행,건조,맑음,단일로 - 기타,이륜,남,46세,부상신고,이륜,남,41세,부상신고
2022090800100103,2022년 9월 8일 08시,목요일,충청남도 아산시 권곡동,사망사고,1,0,0,0,차대사람 - 기타,안전운전불이행,건조,맑음,교차로 - 교차로부근,화물,남,52세,상해없음,보행자,남,78세,사망
2022090800100147,2022년 9월 8일 09시,목요일,충청남도 서산시 부석면,경상사고,0,0,1,0,차대차 - 측면충돌,중앙선침범,건조,맑음,단일로 - 기타,승용,여,56세,상해없음,원동기,남,83세,경상
2022090800100195,2022년 9월 8일 10시,목요일,충청남도 보령시 대천동,경상사고,0,0,1,0,차대차 - 측면충돌,안전운전불이행,건조,맑음,단일로 - 기타,승용,남,83세,상해없음,화물,여,43세,경상
2022090800100196,2022년 9월 8일 10시,목요일,충청남도 당진시 송산면,경상사고,0,0,1,0,차대차 - 측면충돌,교차로운행방법위반,건조,맑음,교차로 - 교차로안,승용,남,59세,상해없음,원동기,남,38세,경상
2022090800100234,2022년 9월 8일 11시,목요일,충청남도 예산군 예산읍,경상사고,0,0,1,0,차대사람 - 차도통행중,안전운전불이행,건조,맑음,교차로 - 교차로부근,이륜,남,68세,상해없음,보행자,여,62세,경상
2022090800100235,2022년 9월 8일 11시,목요일,충청남도 당진시 수청동,경상사고,0,0,1,0,차대차 - 측면충돌,안전운전불이행,건조,맑음,단일로 - 기타,승용,여,53세,상해없음,이륜,남,30세,경상
2022090800100236,2022년 9월 8일 11시,목요일,충청남도 태안군 소원면,경상사고,0,0,2,0,차대차 - 기타,신호위반,건조,맑음,교차로 - 교차로안,승용,남,77세,상해없음,승용,남,75세,경상
2022090800100278,2022년 9월 8일 12시,목요일,충청남도 천안시 동남구 원성동,경상사고,0,0,1,0,차대사람 - 횡단중,안전운전불이행,건조,맑음,교차로 - 교차로안,승용,여,69세,상해없음,보행자,남,65세,경상
2022090800100312,2022년 9월 8일 13시,목요일,충청남도 천안시 서북구 직산읍,경상사고,0,0,2,0,차대차 - 추돌,안전거리미확보,건조,맑음,단일로 - 기타,승용,남,30세,상해없음,승용,남,60세,경상
2022090800100313,2022년 9월 8일 13시,목요일,충청남도 아산시 온천동,중상사고,0,1,3,0,차대차 - 기타,안전운전불이행,건조,맑음,교차로 - 교차로안,승합,남,57세,상해없음,승용,남,59세,경상
2022090800100314,2022년 9월 8일 13시,목요일,충청남도 서천군 서천읍,중상사고,0,1,2,0,차대차 - 기타,안전운전불이행,건조,맑음,교차로 - 교차로부근,화물,남,66세,경상,승용,여,58세,경상
2022090800100315,2022년 9월 8일 13시,목요일,충청남도 청양군 정산면,중상사고,0,1,0,0,차대사람 - 길가장자리구역통행중,안전운전불이행,건조,맑음,단일로 - 기타,승용,남,89세,상해없음,보행자,여,62세,중상
2022090800100364,2022년 9월 8일 14시,목요일,충청남도 천안시 서북구 불당동,경상사고,0,0,1,0,차대차 - 추돌,안전운전불이행,건조,맑음,단일로 - 기타,승용,남,52세,상해없음,승용,여,48세,경상
2022090800100365,2022년 9월 8일 14시,목요일,충청남도 천안시 서북구 백석동,경상사고,0,0,1,0,차대차 - 측면충돌,기타,건조,맑음,교차로 - 교차로안,승용,남,30세,상해없음,화물,남,60세,경상
2022090800100418,2022년 9월 8일 15시,목요일,충청남도 서산시 수석동,중상사고,0,1,0,0,차대사람 - 횡단중,보행자보호의무위반,건조,맑음,교차로 - 교차로안,화물,남,65세,상해없음,보행자,여,75세,중상
2022090800100419,2022년 9월 8일 15시,목요일,충청남도 천안시 서북구 성환읍,경상사고,0,0,1,1,차대차 - 정면충돌,중앙선침범,건조,맑음,단일로 - 기타,원동기,남,62세,부상신고,승용,남,42세,경상
2022090800100420,2022년 9월 8일 15시,목요일,충청남도 홍성군 광천읍,경상사고,0,0,1,0,차대차 - 기타,중앙선침범,건조,맑음,교차로 - 교차로부근,승용,남,77세,상해없음,승용,남,63세,경상
2022090800100421,2022년 9월 8일 15시,목요일,충청남도 천안시 동남구 신방동,경상사고,0,0,1,0,차대차 - 정면충돌,안전운전불이행,건조,맑음,교차로 - 교차로안,화물,남,57세,상해없음,승용,남,58세,상해없음
2022090800100487,2022년 9월 8일 16시,목요일,충청남도 천안시 서북구 두정동,경상사고,0,0,1,0,차대차 - 측면충돌,신호위반,건조,맑음,교차로 - 교차로부근,승용,남,86세,상해없음,승용,여,52세,경상
2022090800100488,2022년 9월 8일 16시,목요일,충청남도 청양군 청양읍,경상사고,0,0,1,0,차대차 - 기타,안전운전불이행,건조,맑음,교차로 - 교차로부근,승용,남,80세,상해없음,승용,여,45세,기타불명
2022090800100570,2022년 9월 8일 17시,목요일,충청남도 천안시 서북구 성정동,중상사고,0,2,1,0,차대차 - 측면충돌,안전거리미확보,건조,맑음,교차로 - 교차로부근,승용,남,56세,상해없음,승용,남,32세,경상
2022090800100571,2022년 9월 8일 17시,목요일,충청남도 계룡시 금암동,경상사고,0,0,2,0,차대차 - 측면충돌,차로위반,건조,맑음,교차로 - 교차로부근,승용,여,57세,경상,승용,남,53세,경상
2022090800100572,2022년 9월 8일 17시,목요일,충청남도 천안시 동남구 쌍용동,중상사고,0,1,0,0,차대차 - 기타,교차로운행방법위반,건조,맑음,교차로 - 교차로안,승용,남,62세,상해없음,자전거,남,70세,중상
2022090800100640,2022년 9월 8일 18시,목요일,충청남도 천안시 서북구 백석동,경상사고,0,0,1,0,차대차 - 정면충돌,불법유턴,건조,맑음,단일로 - 기타,승용,남,40세,상해없음,이륜,남,42세,경상
2022090800100641,2022년 9월 8일 18시,목요일,충청남도 아산시 배방읍,경상사고,0,0,1,0,차대차 - 기타,신호위반,건조,맑음,교차로 - 교차로안,승합,남,53세,상해없음,승용,남,38세,상해없음
2022090800100642,2022년 9월 8일 18시,목요일,충청남도 당진시 송악읍,경상사고,0,0,2,0,차대차 - 측면충돌,교차로운행방법위반,건조,맑음,교차로 - 교차로안,승용,남,41세,상해없음,승용,남,52세,경상
2022090800100694,2022년 9월 8일 19시,목요일,충청남도 서산시 지곡면,경상사고,0,0,1,0,차대사람 - 횡단중,교차로운행방법위반,건조,맑음,교차로 - 교차로안,승용,여,52세,상해없음,보행자,여,74세,경상
2022090800100695,2022년 9월 8일 19시,목요일,충청남도 아산시 배방읍,경상사고,0,0,1,0,차대차 - 기타,안전운전불이행,건조,맑음,단일로 - 기타,승용,남,39세,상해없음,승용,여,52세,경상
2022090800100725,2022년 9월 8일 20시,목요일,충청남도 아산시 온천동,중상사고,0,1,0,0,차대사람 - 기타,안전운전불이행,건조,맑음,단일로 - 기타,승용,여,21세,상해없음,보행자,여,53세,중상
2022090800100762,2022년 9월 8일 21시,목요일,충청남도 예산군 대술면,경상사고,0,0,2,0,차대차 - 정면충돌,중앙선침범,건조,맑음,단일로 - 기타,승용,남,48세,상해없음,승용,남,60세,경상
2022090800100763,2022년 9월 8일 21시,목요일,충청남도 천안시 동남구 목천읍,경상사고,0,0,6,0,차대차 - 측면충돌,안전운전불이행,건조,맑음,단일로 - 기타,승용,남,26세,상해없음,승용,남,38세,경상
2022090800100764,2022년 9월 8일 21시,목요일,충청남도 서산시 고북면,경상사고,0,0,2,0,차대차 - 추돌,안전운전불이행,건조,맑음,단일로 - 기타,승용,남,73세,상해없음,승용,남,61세,경상
2022090800100802,2022년 9월 8일 22시,목요일,충청남도 아산시 배방읍,중상사고,0,1,0,0,차대차 - 기타,안전운전불이행,건조,맑음,단일로 - 기타,화물,남,30세,상해없음,이륜,남,34세,중상
2022090800100803,2022년 9월 8일 22시,목요일,충청남도 보령시 동대동,경상사고,0,0,1,0,차대차 - 정면충돌,불법유턴,건조,맑음,단일로 - 기타,승용,남,22세,상해없음,승용,여,25세,경상
2022090900100009,2022년 9월 9일 00시,금요일,충청남도 논산시 취암동,중상사고,0,1,0,0,차대사람 - 기타,보행자보호의무위반,건조,맑음,단일로 - 기타,승용,남,33세,상해없음,보행자,남,65세,중상
2022090900100035,2022년 9월 9일 02시,금요일,충청남도 천안시 서북구 불당동,중상사고,0,2,0,0,차대차 - 정면충돌,기타,건조,맑음,교차로 - 교차로안,승용,남,32세,상해없음,승용,여,48세,중상
2022090900100084,2022년 9월 9일 07시,금요일,충청남도 공주시 계룡면,경상사고,0,0,3,0,차대차 - 정면충돌,중앙선침범,건조,맑음,단일로 - 기타,승용,남,55세,경상,자전거,남,51세,경상
2022090900100099,2022년 9월 9일 08시,금요일,충청남도 홍성군 홍동면,중상사고,0,1,0,0,차대차 - 기타,안전운전불이행,건조,맑음,교차로 - 교차로부근,승용,남,47세,상해없음,승용,남,29세,중상
2022090900100100,2022년 9월 9일 08시,금요일,충청남도 청양군 운곡면,중상사고,0,1,0,0,차대사람 - 기타,기타,건조,맑음,기타 - 기타,승용,남,47세,상해없음,보행자,남,64세,중상
2022090900100119,2022년 9월 9일 09시,금요일,충청남도 천안시 서북구 두정동,경상사고,0,0,3,0,차대차 - 측면충돌,안전운전불이행,건조,맑음,교차로 - 교차로부근,승용,남,37세,경상,승용,여,32세,경상
2022090900100120,2022년 9월 9일 09시,금요일,충청남도 아산시 둔포면,중상사고,0,1,0,0,차대차 - 측면충돌,신호위반,건조,맑음,교차로 - 교차로안,승용,남,37세,상해없음,이륜,남,82세,중상
2022090900100121,2022년 9월 9일 09시,금요일,충청남도 예산군 예산읍,경상사고,0,0,1,0,차대차 - 정면충돌,불법유턴,건조,맑음,교차로 - 교차로부근,원동기,남,62세,경상,승용,남,29세,상해없음
2022090900100171,2022년 9월 9일 11시,금요일,충청남도 홍성군 홍성읍,경상사고,0,0,3,0,차대차 - 측면충돌,안전운전불이행,건조,맑음,단일로 - 기타,승용,남,50세,경상,승용,여,42세,경상
2022090900100172,2022년 9월 9일 11시,금요일,충청남도 서천군 장항읍,경상사고,0,0,1,0,차대차 - 측면충돌,안전운전불이행,건조,맑음,교차로 - 교차로안,승용,남,63세,상해없음,승용,여,26세,경상
2022090900100212,2022년 9월 9일 12시,금요일,충청남도 논산시 강경읍,경상사고,0,0,1,0,차대차 - 추돌,안전운전불이행,건조,맑음,단일로 - 교량,승용,남,62세,상해없음,화물,남,65세,경상
2022090900100213,2022년 9월 9일 12시,금요일,충청남도 공주시 유구읍,경상사고,0,0,1,0,차대차 - 측면충돌,안전운전불이행,건조,맑음,교차로 - 교차로안,원동기,남,62세,경상,승용,남,44세,상해없음
2022090900100214,2022년 9월 9일 12시,금요일,충청남도 공주시 신관동,중상사고,0,1,0,0,차대차 - 측면충돌,신호위반,건조,맑음,교차로 - 교차로안,승용,여,62세,상해없음,승용,여,69세,중상
2022090900100244,2022년 9월 9일 13시,금요일,충청남도 홍성군 홍성읍,경상사고,0,0,1,0,차대차 - 측면충돌,안전운전불이행,건조,맑음,교차로 - 교차로안,화물,남,75세,상해없음,승용,남,70세,경상
2022090900100321,2022년 9월 9일 15시,금요일,충청남도 천안시 서북구 직산읍,경상사고,0,0,1,0,차대차 - 기타,안전운전불이행,건조,맑음,단일로 - 기타,기타불명,기타불명,미분류,기타불명,승용,남,37세,경상
2022090900100322,2022년 9월 9일 15시,금요일,충청남도 아산시 도고면,중상사고,0,1,0,0,차대차 - 기타,안전운전불이행,건조,맑음,단일로 - 기타,승용,남,68세,상해없음,승용,남,63세,중상
2022090900100323,2022년 9월 9일 15시,금요일,충청남도 아산시 신창면,경상사고,0,0,3,0,차대차 - 추돌,안전운전불이행,건조,맑음,단일로 - 기타,이륜,남,48세,경상,승용,여,43세,경상
2022090900100324,2022년 9월 9일 15시,금요일,충청남도 태안군 원북면,중상사고,0,1,1,0,차대차 - 추돌,중앙선침범,건조,맑음,단일로 - 기타,승용,여,68세,중상,화물,남,50세,경상
2022090900100325,2022년 9월 9일 15시,금요일,충청남도 논산시 연무읍,경상사고,0,0,1,0,차대차 - 측면충돌,안전거리미확보,건조,맑음,기타 - 기타,화물,남,57세,상해없음,승용,여,53세,경상
2022090900100374,2022년 9월 9일 17시,금요일,충청남도 예산군 삽교읍,경상사고,0,0,3,0,차대차 - 추돌,안전운전불이행,건조,맑음,교차로 - 교차로부근,승용,남,73세,상해없음,승용,여,59세,경상
2022090900100400,2022년 9월 9일 18시,금요일,충청남도 천안시 서북구 두정동,경상사고,0,0,1,0,차대차 - 측면충돌,신호위반,건조,맑음,교차로 - 교차로안,승용,남,54세,상해없음,승용,남,31세,경상
2022090900100401,2022년 9월 9일 18시,금요일,충청남도 서천군 종천면,경상사고,0,0,1,0,차대차 - 측면충돌,안전운전불이행,건조,맑음,교차로 - 교차로안,승용,남,59세,상해없음,승용,남,56세,경상
2022090900100402,2022년 9월 9일 18시,금요일,충청남도 천안시 동남구 구성동,경상사고,0,0,1,0,차대차 - 기타,안전운전불이행,건조,맑음,교차로 - 교차로안,승용,남,46세,상해없음,개인형이동수단(PM),여,16세,경상
2022090900100479,2022년 9월 9일 21시,금요일,충청남도 논산시 양촌면,경상사고,0,0,1,0,차대차 - 측면충돌,안전운전불이행,건조,맑음,기타 - 기타,승용,남,54세,상해없음,승용,남,57세,경상
2022090900100480,2022년 9월 9일 21시,금요일,충청남도 금산군 금산읍,경상사고,0,0,3,0,차대차 - 측면충돌,안전운전불이행,건조,맑음,단일로 - 기타,승용,남,63세,경상,승용,여,29세,경상
2022091000100011,2022년 9월 10일 01시,토요일,충청남도 아산시 영인면,중상사고,0,1,0,0,차대차 - 추돌,안전운전불이행,건조,맑음,단일로 - 기타,승용,남,27세,상해없음,원동기,남,34세,중상
2022091000100012,2022년 9월 10일 01시,토요일,충청남도 금산군 군북면,중상사고,0,1,1,0,차량단독 - 전도전복 - 전도,안전운전불이행,젖음/습기,비,단일로 - 기타,원동기,남,21세,경상,,,,
2022091000100025,2022년 9월 10일 02시,토요일,충청남도 논산시 연무읍,사망사고,1,0,0,0,차대사람 - 기타,안전운전불이행,건조,맑음,단일로 - 기타,승용,남,55세,상해없음,보행자,남,61세,사망
2022091000100030,2022년 9월 10일 03시,토요일,충청남도 보령시 궁촌동,사망사고,1,0,0,0,차대사람 - 기타,안전운전불이행,건조,맑음,단일로 - 기타,승용,여,22세,상해없음,보행자,남,55세,사망
2022091000100038,2022년 9월 10일 04시,토요일,충청남도 태안군 태안읍,경상사고,0,0,1,0,차대차 - 추돌,안전운전불이행,건조,맑음,교차로 - 교차로부근,승용,남,37세,상해없음,승용,남,62세,경상
2022091000100129,2022년 9월 10일 11시,토요일,충청남도 공주시 의당면,경상사고,0,0,9,0,차대차 - 측면충돌,신호위반,건조,맑음,단일로 - 기타,승합,남,67세,상해없음,승용,남,32세,경상
2022091000100130,2022년 9월 10일 11시,토요일,충청남도 예산군 오가면,경상사고,0,0,1,0,차대차 - 추돌,안전운전불이행,건조,맑음,단일로 - 기타,화물,남,65세,상해없음,승용,남,71세,상해없음
2022091000100179,2022년 9월 10일 13시,토요일,충청남도 아산시 인주면,중상사고,0,1,0,0,차량단독 - 도로외이탈 - 추락,안전운전불이행,건조,맑음,단일로 - 기타,승용,여,69세,기타불명,,,,
2022091000100206,2022년 9월 10일 14시,토요일,충청남도 공주시 정안면,경상사고,0,0,3,0,차대차 - 기타,안전운전불이행,건조,맑음,단일로 - 기타,승용,남,50세,상해없음,승용,여,24세,경상
2022091000100232,2022년 9월 10일 15시,토요일,충청남도 태안군 안면읍,중상사고,0,1,0,0,차대차 - 기타,직진우회전진행방해,건조,맑음,교차로 - 교차로안,화물,남,60세,상해없음,자전거,남,67세,중상
2022091000100289,2022년 9월 10일 18시,토요일,충청남도 청양군 정산면,경상사고,0,0,3,0,차대차 - 측면충돌,직진우회전진행방해,건조,맑음,교차로 - 교차로안,승용,여,28세,상해없음,승용,남,30세,경상
2022091000100345,2022년 9월 10일 21시,토요일,충청남도 당진시 채운동,경상사고,0,0,3,0,차대차 - 기타,교차로운행방법위반,건조,맑음,교차로 - 교차로안,승용,남,47세,상해없음,승용,여,55세,경상
2022091000100346,2022년 9월 10일 21시,토요일,충청남도 당진시 송악읍,경상사고,0,0,3,0,차대차 - 추돌,안전운전불이행,건조,맑음,단일로 - 기타,승용,남,54세,상해없음,승용,남,46세,경상
2022091000100364,2022년 9월 10일 22시,토요일,충청남도 천안시 동남구 청당동,경상사고,0,0,1,0,차대차 - 기타,안전운전불이행,건조,맑음,교차로 - 교차로안,승용,남,53세,상해없음,승용,여,33세,경상
2022091100100056,2022년 9월 11일 08시,일요일,충청남도 아산시 풍기동,중상사고,0,1,2,0,차대차 - 기타,안전운전불이행,건조,맑음,교차로 - 교차로부근,화물,남,57세,상해없음,승합,남,49세,경상
2022091100100119,2022년 9월 11일 12시,일요일,충청남도 공주시 신관동,경상사고,0,0,2,0,차대차 - 측면충돌,안전거리미확보,건조,맑음,단일로 - 기타,승합,남,53세,상해없음,승용,남,37세,경상
2022091100100144,2022년 9월 11일 13시,일요일,충청남도 천안시 동남구 대흥동,경상사고,0,0,1,0,차대사람 - 횡단중,신호위반,건조,맑음,교차로 - 교차로안,승용,남,62세,상해없음,보행자,남,51세,경상
2022091100100195,2022년 9월 11일 15시,일요일,충청남도 아산시 음봉면,경상사고,0,0,1,0,차대차 - 기타,안전운전불이행,건조,맑음,교차로 - 교차로부근,승용,남,54세,상해없음,승용,남,36세,경상
2022091100100196,2022년 9월 11일 15시,일요일,충청남도 예산군 응봉면,경상사고,0,0,1,0,차대차 - 측면충돌,직진우회전진행방해,건조,맑음,교차로 - 교차로안,승용,남,66세,상해없음,자전거,남,42세,경상
2022091100100252,2022년 9월 11일 17시,일요일,충청남도 아산시 배방읍,경상사고,0,0,1,0,차대차 - 추돌,안전운전불이행,건조,맑음,교차로 - 교차로부근,승용,남,48세,상해없음,승용,여,32세,경상
2022091100100253,2022년 9월 11일 17시,일요일,충청남도 서천군 서면,중상사고,0,1,0,0,차대사람 - 횡단중,안전운전불이행,건조,맑음,단일로 - 기타,승용,여,30세,상해없음,보행자,남,4세,중상
2022091100100278,2022년 9월 11일 18시,일요일,충청남도 예산군 덕산면,경상사고,0,0,2,0,차대차 - 추돌,안전운전불이행,건조,맑음,단일로 - 기타,화물,남,57세,상해없음,승용,여,45세,경상
2022091100100279,2022년 9월 11일 18시,일요일,충청남도 부여군 부여읍,중상사고,0,1,5,0,차대차 - 추돌,안전운전불이행,건조,맑음,단일로 - 기타,화물,남,40세,상해없음,승용,남,70세,경상
2022091100100303,2022년 9월 11일 19시,일요일,충청남도 천안시 서북구 성정동,경상사고,0,0,1,0,차대사람 - 횡단중,보행자보호의무위반,건조,맑음,교차로 - 교차로안,승용,남,24세,상해없음,보행자,남,54세,경상
2022091100100342,2022년 9월 11일 21시,일요일,충청남도 공주시 이인면,경상사고,0,0,4,4,차대차 - 기타,안전운전불이행,건조,맑음,단일로 - 기타,승용,남,37세,상해없음,승용,남,35세,경상
2022091100100358,2022년 9월 11일 22시,일요일,충청남도 보령시 천북면,경상사고,0,0,2,0,차대차 - 추돌,안전운전불이행,건조,맑음,단일로 - 기타,승용,남,33세,상해없음,승용,남,56세,경상
2022091200100006,2022년 9월 12일 00시,월요일,충청남도 천안시 동남구 목천읍,경상사고,0,0,4,0,차대차 - 측면충돌,안전운전불이행,건조,맑음,교차로 - 교차로안,승용,남,25세,상해없음,화물,남,61세,경상
2022091200100022,2022년 9월 12일 01시,월요일,충청남도 부여군 규암면,중상사고,0,1,0,0,차량단독 - 도로외이탈 - 추락,중앙선침범,건조,맑음,단일로 - 기타,승용,남,17세,상해없음,,,,
2022091200100038,2022년 9월 12일 02시,월요일,충청남도 천안시 서북구 쌍용동,중상사고,0,1,0,0,차대차 - 측면충돌,교차로운행방법위반,건조,맑음,교차로 - 교차로안,승용,남,50세,상해없음,승용,남,40세,중상
2022091200100039,2022년 9월 12일 02시,월요일,충청남도 아산시 모종동,중상사고,0,1,0,0,차대차 - 추돌,안전운전불이행,건조,맑음,교차로 - 교차로부근,승용,남,21세,상해없음,화물,남,51세,중상