사고번호,사고일시,요일,시군구,사고내용,사망자수,중상자수,경상자수,부상신고자수,사고유형,법규위반,노면상태,기상상태,도로형태,가해운전자 차종,가해운전자 성별,가해운전자 연령,가해운전자 상해정도,피해운전자 차종,피해운전자 성별,피해운전자 연령,피해운전자 상해정도
2022091200100047,2022년 9월 12일 03시,월요일,충청남도 논산시 취암동,경상사고,0,0,2,0,차대차 - 측면충돌,안전거리미확보,젖음/습기,비,교차로 - 교차로안,승용,남,21세,상해없음,승용,남,61세,경상
2022091200100098,2022년 9월 12일 10시,월요일,충청남도 예산군 대흥면,경상사고,0,0,1,0,차대차 - 측면충돌,안전운전불이행,건조,맑음,교차로 - 교차로안,자전거,남,41세,경상,화물,남,53세,상해없음
2022091200100099,2022년 9월 12일 10시,월요일,충청남도 태안군 태안읍,중상사고,0,1,0,0,차대차 - 기타,신호위반,건조,맑음,교차로 - 교차로안,승용,여,48세,상해없음,승용,여,51세,중상
2022091200100119,2022년 9월 12일 11시,월요일,충청남도 부여군 임천면,중상사고,0,1,0,0,차대차 - 측면충돌,안전운전불이행,젖음/습기,맑음,교차로 - 교차로안,승용,남,38세,상해없음,농기계,여,80세,중상
2022091200100166,2022년 9월 12일 13시,월요일,충청남도 서산시 음암면,경상사고,0,0,1,0,차대차 - 측면충돌,신호위반,건조,맑음,교차로 - 교차로안,승용,남,41세,기타불명,농기계,남,79세,경상
2022091200100191,2022년 9월 12일 14시,월요일,충청남도 천안시 서북구 성환읍,경상사고,0,0,1,0,차대차 - 추돌,안전운전불이행,건조,맑음,교차로 - 교차로부근,승합,남,54세,상해없음,승용,여,46세,경상
2022091200100192,2022년 9월 12일 14시,월요일,충청남도 논산시 부창동,경상사고,0,0,4,0,차대차 - 측면충돌,교차로운행방법위반,건조,맑음,교차로 - 교차로안,승용,남,68세,상해없음,승용,남,45세,경상
2022091200100193,2022년 9월 12일 14시,월요일,충청남도 보령시 대천동,중상사고,0,1,0,0,차대차 - 측면충돌,차로위반,건조,맑음,교차로 - 교차로부근,승용,남,59세,상해없음,승합,남,29세,상해없음
2022091200100194,2022년 9월 12일 14시,월요일,충청남도 천안시 동남구 신부동,부상신고사고,0,0,0,3,차대차 - 측면충돌,안전거리미확보,건조,맑음,교차로 - 교차로부근,승용,여,45세,상해없음,승용,남,36세,부상신고
2022091200100195,2022년 9월 12일 14시,월요일,충청남도 천안시 동남구 신부동,경상사고,0,0,5,0,차대차 - 추돌,안전운전불이행,건조,맑음,단일로 - 기타,승용,남,58세,상해없음,승용,남,21세,경상
2022091200100248,2022년 9월 12일 16시,월요일,충청남도 천안시 동남구 신부동,경상사고,0,0,1,0,차대차 - 측면충돌,교차로운행방법위반,건조,맑음,교차로 - 교차로안,승용,남,60세,상해없음,승용,남,51세,경상
2022091200100295,2022년 9월 12일 18시,월요일,충청남도 천안시 서북구 성정동,경상사고,0,0,1,0,차대사람 - 횡단중,안전운전불이행,건조,맑음,교차로 - 교차로부근,승용,여,57세,상해없음,보행자,여,70세,경상
2022091200100324,2022년 9월 12일 19시,월요일,충청남도 부여군 규암면,중상사고,0,1,1,0,차대차 - 정면충돌,중앙선침범,건조,맑음,단일로 - 기타,이륜,남,27세,경상,이륜,남,49세,중상
2022091200100325,2022년 9월 12일 19시,월요일,충청남도 천안시 동남구 다가동,경상사고,0,0,1,0,차대차 - 측면충돌,중앙선침범,건조,맑음,단일로 - 기타,승용,남,52세,상해없음,승용,여,77세,경상
2022091200100355,2022년 9월 12일 20시,월요일,충청남도 천안시 서북구 쌍용동,경상사고,0,0,3,0,차대차 - 측면충돌,안전거리미확보,건조,맑음,교차로 - 교차로안,화물,남,28세,상해없음,승용,여,63세,경상
2022091200100377,2022년 9월 12일 21시,월요일,충청남도 천안시 서북구 성환읍,사망사고,1,0,1,0,차대사람 - 기타,기타,건조,맑음,단일로 - 기타,승용,남,25세,사망,보행자,여,23세,경상
2022091200100378,2022년 9월 12일 21시,월요일,충청남도 공주시 유구읍,경상사고,0,0,1,0,차량단독 - 전도전복 - 전도,안전운전불이행,건조,맑음,단일로 - 기타,원동기,남,49세,경상,,,,
2022091200100392,2022년 9월 12일 22시,월요일,충청남도 아산시 배방읍,경상사고,0,0,1,0,차대차 - 기타,신호위반,건조,맑음,교차로 - 교차로안,이륜,남,18세,상해없음,승용,남,40세,경상
2022091200100402,2022년 9월 12일 23시,월요일,충청남도 금산군 추부면,중상사고,0,1,0,0,차대사람 - 길가장자리구역통행중,안전운전불이행,건조,맑음,단일로 - 기타,승용,남,55세,상해없음,보행자,여,18세,중상
2022091300100079,2022년 9월 13일 08시,화요일,충청남도 서산시 읍내동,경상사고,0,0,1,0,차대사람 - 횡단중,안전운전불이행,젖음/습기,비,교차로 - 교차로부근,승용,남,66세,상해없음,보행자,여,23세,경상
2022091300100080,2022년 9월 13일 08시,화요일,충청남도 천안시 동남구 성황동,중상사고,0,1,0,0,차량단독 - 전도전복 - 전도,기타,건조,맑음,교차로 - 교차로부근,자전거,남,52세,중상,,,,
2022091300100168,2022년 9월 13일 11시,화요일,충청남도 천안시 서북구 성정동,경상사고,0,0,1,0,차대차 - 추돌,안전운전불이행,건조,맑음,단일로 - 기타,승용,여,33세,상해없음,승용,남,30세,경상
2022091300100169,2022년 9월 13일 11시,화요일,충청남도 태안군 태안읍,중상사고,0,1,0,0,차대차 - 기타,신호위반,건조,맑음,교차로 - 교차로안,건설기계,남,53세,상해없음,화물,남,76세,중상
2022091300100201,2022년 9월 13일 12시,화요일,충청남도 보령시 궁촌동,중상사고,0,1,0,0,차대차 - 측면충돌,안전운전불이행,건조,맑음,단일로 - 기타,화물,남,59세,상해없음,이륜,남,83세,중상
2022091300100226,2022년 9월 13일 13시,화요일,충청남도 천안시 서북구 불당동,경상사고,0,0,1,0,차대차 - 측면충돌,신호위반,건조,맑음,교차로 - 교차로안,승용,여,56세,상해없음,이륜,남,21세,경상
2022091300100227,2022년 9월 13일 13시,화요일,충청남도 공주시 산성동,중상사고,0,1,0,0,차대사람 - 횡단중,안전운전불이행,건조,맑음,단일로 - 기타,승용,여,57세,상해없음,보행자,남,85세,중상
2022091300100228,2022년 9월 13일 13시,화요일,충청남도 공주시 유구읍,중상사고,0,1,0,0,차대사람 - 기타,안전운전불이행,건조,맑음,단일로 - 기타,승용,여,71세,상해없음,보행자,남,65세,중상
2022091300100251,2022년 9월 13일 14시,화요일,충청남도 아산시 모종동,경상사고,0,0,1,0,차대사람 - 기타,안전운전불이행,건조,맑음,단일로 - 기타,화물,남,74세,상해없음,보행자,남,48세,경상
2022091300100252,2022년 9월 13일 14시,화요일,충청남도 공주시 유구읍,경상사고,0,0,1,0,차대차 - 측면충돌,신호위반,건조,맑음,교차로 - 교차로안,승용,남,26세,상해없음,승용,여,63세,경상
2022091300100253,2022년 9월 13일 14시,화요일,충청남도 예산군 고덕면,경상사고,0,0,1,0,차대차 - 측면충돌,안전거리미확보,건조,흐림,교차로 - 교차로부근,이륜,남,80세,경상,승용,남,62세,상해없음
2022091300100254,2022년 9월 13일 14시,화요일,충청남도 금산군 복수면,중상사고,0,1,0,0,차대사람 - 횡단중,안전운전불이행,건조,맑음,단일로 - 기타,이륜,남,73세,상해없음,보행자,여,82세,중상
2022091300100255,2022년 9월 13일 14시,화요일,충청남도 태안군 남면,중상사고,0,1,1,0,차대차 - 기타,안전운전불이행,건조,맑음,교차로 - 교차로안,승용,남,76세,경상,화물,남,73세,중상
2022091300100256,2022년 9월 13일 14시,화요일,충청남도 금산군 군북면,경상사고,0,0,1,0,차대차 - 측면충돌,안전운전불이행,건조,맑음,주차장 - 주차장,승용,여,45세,상해없음,승용,여,36세,경상
2022091300100294,2022년 9월 13일 15시,화요일,충청남도 홍성군 홍성읍,경상사고,0,0,1,0,차대차 - 기타,중앙선침범,건조,맑음,단일로 - 기타,승용,여,48세,상해없음,승용,남,24세,경상
2022091300100295,2022년 9월 13일 15시,화요일,충청남도 아산시 송악면,중상사고,0,1,0,0,차대차 - 추돌,안전운전불이행,건조,맑음,단일로 - 기타,화물,남,49세,기타불명,화물,남,70세,중상
2022091300100296,2022년 9월 13일 15시,화요일,충청남도 천안시 동남구 다가동,중상사고,0,1,0,0,차대사람 - 기타,안전운전불이행,건조,맑음,단일로 - 기타,승용,남,41세,상해없음,보행자,여,77세,중상
2022091300100360,2022년 9월 13일 17시,화요일,충청남도 아산시 온천동,경상사고,0,0,3,0,차대차 - 후진중충돌,안전운전불이행,건조,맑음,단일로 - 기타,승용,남,67세,상해없음,승용,남,25세,경상
2022091300100431,2022년 9월 13일 19시,화요일,충청남도 천안시 서북구 불당동,경상사고,0,0,2,0,차대차 - 측면충돌,안전운전불이행,건조,맑음,교차로 - 교차로부근,승용,남,24세,경상,승용,여,39세,경상
2022091300100458,2022년 9월 13일 20시,화요일,충청남도 천안시 서북구 쌍용동,부상신고사고,0,0,0,1,차대사람 - 차도통행중,안전운전불이행,건조,맑음,교차로 - 교차로부근,개인형이동수단(PM),여,14세,상해없음,보행자,남,44세,부상신고
2022091300100459,2022년 9월 13일 20시,화요일,충청남도 아산시 둔포면,경상사고,0,0,3,0,차대차 - 측면충돌,신호위반,젖음/습기,비,교차로 - 교차로안,승용,남,55세,상해없음,승용,여,32세,경상
2022091300100460,2022년 9월 13일 20시,화요일,충청남도 천안시 동남구 청수동,경상사고,0,0,1,0,차대차 - 기타,안전운전불이행,건조,맑음,교차로 - 교차로안,승용,여,44세,상해없음,이륜,남,34세,경상
2022091300100479,2022년 9월 13일 21시,화요일,충청남도 천안시 서북구 두정동,경상사고,0,0,1,0,차대차 - 후진중충돌,안전운전불이행,건조,맑음,기타 - 기타,승용,남,58세,상해없음,승용,남,31세,경상
2022091300100480,2022년 9월 13일 21시,화요일,충청남도 아산시 배방읍,경상사고,0,0,4,1,차대차 - 측면충돌,신호위반,젖음/습기,흐림,교차로 - 교차로안,승용,여,26세,부상신고,승합,남,70세,상해없음
2022091300100502,2022년 9월 13일 22시,화요일,충청남도 서산시 예천동,중상사고,0,1,0,1,차대차 - 측면충돌,직진우회전진행방해,건조,맑음,교차로 - 교차로안,승용,남,41세,상해없음,승용,남,19세,부상신고
2022091300100503,2022년 9월 13일 22시,화요일,충청남도 논산시 취암동,경상사고,0,0,1,0,차대사람 - 횡단중,보행자보호의무위반,건조,맑음,교차로 - 교차로횡단보도내,승용,남,48세,상해없음,보행자,남,55세,경상
2022091300100516,2022년 9월 13일 23시,화요일,충청남도 천안시 서북구 쌍용동,중상사고,0,1,2,0,차대차 - 추돌,안전운전불이행,건조,맑음,단일로 - 고가도로위,승용,여,24세,상해없음,화물,남,47세,경상
2022091400100006,2022년 9월 14일 00시,수요일,충청남도 천안시 동남구 원성동,경상사고,0,0,1,0,차대차 - 추돌,안전운전불이행,건조,맑음,교차로 - 교차로부근,승용,남,37세,상해없음,승용,남,36세,경상
2022091400100020,2022년 9월 14일 04시,수요일,충청남도 서산시 음암면,중상사고,0,1,0,0,차대차 - 측면충돌,중앙선침범,건조,맑음,단일로 - 기타,특수,남,45세,상해없음,승용,남,50세,중상
2022091400100027,2022년 9월 14일 05시,수요일,충청남도 당진시 읍내동,경상사고,0,0,1,0,차대차 - 기타,안전운전불이행,건조,맑음,교차로 - 교차로횡단보도내,승용,여,57세,상해없음,자전거,남,79세,경상
2022091400100092,2022년 9월 14일 08시,수요일,충청남도 계룡시 금암동,경상사고,0,0,1,0,차량단독 - 기타,안전운전불이행,건조,맑음,단일로 - 기타,승합,남,67세,상해없음,,,,
2022091400100136,2022년 9월 14일 09시,수요일,충청남도 천안시 동남구 봉명동,중상사고,0,1,0,0,차대차 - 기타,안전운전불이행,건조,흐림,기타 - 기타,승용,여,36세,상해없음,자전거,여,60세,중상
2022091400100162,2022년 9월 14일 10시,수요일,충청남도 천안시 동남구 목천읍,중상사고,0,1,0,0,차대사람 - 기타,안전운전불이행,건조,맑음,기타 - 기타,화물,남,40세,상해없음,보행자,남,62세,중상
2022091400100193,2022년 9월 14일 11시,수요일,충청남도 서천군 서천읍,경상사고,0,0,1,0,차대차 - 기타,안전운전불이행,건조,맑음,교차로 - 교차로안,승용,남,79세,상해없음,승합,남,67세,상해없음
2022091400100194,2022년 9월 14일 11시,수요일,충청남도 공주시 금학동,경상사고,0,0,3,0,차대차 - 측면충돌,신호위반,건조,맑음,교차로 - 교차로안,이륜,남,28세,상해없음,승용,여,57세,경상
2022091400100222,2022년 9월 14일 12시,수요일,충청남도 천안시 서북구 두정동,중상사고,0,1,0,0,차대차 - 기타,중앙선침범,건조,맑음,기타 - 기타,승용,여,58세,상해없음,이륜,남,28세,중상
2022091400100223,2022년 9월 14일 12시,수요일,충청남도 천안시 서북구 쌍용동,경상사고,0,0,1,0,차대사람 - 기타,안전운전불이행,건조,맑음,단일로 - 기타,승용,여,32세,상해없음,보행자,여,66세,경상
2022091400100224,2022년 9월 14일 12시,수요일,충청남도 아산시 온천동,경상사고,0,0,1,0,차대사람 - 횡단중,안전운전불이행,건조,맑음,교차로 - 교차로안,승용,여,37세,기타불명,보행자,여,78세,경상
2022091400100253,2022년 9월 14일 13시,수요일,충청남도 천안시 서북구 두정동,경상사고,0,0,1,0,차대차 - 추돌,안전운전불이행,건조,맑음,교차로 - 교차로부근,화물,남,48세,상해없음,승용,남,40세,경상
2022091400100305,2022년 9월 14일 15시,수요일,충청남도 천안시 서북구 성정동,중상사고,0,1,0,0,차대차 - 기타,안전운전불이행,건조,맑음,교차로 - 교차로안,승용,남,25세,상해없음,이륜,남,25세,중상
2022091400100376,2022년 9월 14일 17시,수요일,충청남도 서천군 종천면,경상사고,0,0,1,0,차대차 - 기타,안전운전불이행,건조,맑음,단일로 - 기타,자전거,여,69세,경상,화물,남,60세,상해없음
2022091400100377,2022년 9월 14일 17시,수요일,충청남도 서천군 장항읍,경상사고,0,0,1,0,차대차 - 측면충돌,안전운전불이행,건조,맑음,기타 - 기타,화물,남,61세,상해없음,승용,여,45세,경상
2022091400100414,2022년 9월 14일 18시,수요일,충청남도 천안시 서북구 성정동,경상사고,0,0,1,0,차대차 - 기타,안전운전불이행,건조,맑음,단일로 - 기타,자전거,남,10세,경상,승용,여,53세,상해없음
2022091400100416,2022년 9월 14일 18시,수요일,충청남도 논산시 가야곡면,경상사고,0,0,2,0,차대차 - 측면충돌,직진우회전진행방해,건조,맑음,교차로 - 교차로안,이륜,여,22세,경상,승용,남,29세,경상
2022091400100488,2022년 9월 14일 20시,수요일,충청남도 예산군 예산읍,경상사고,0,0,2,0,차대차 - 측면충돌,안전운전불이행,건조,맑음,교차로 - 교차로안,승용,여,32세,상해없음,승용,남,49세,경상
2022091400100489,2022년 9월 14일 20시,수요일,충청남도 청양군 화성면,중상사고,0,3,0,0,차대차 - 추돌,안전운전불이행,건조,맑음,단일로 - 기타,승용,남,37세,상해없음,화물,남,28세,중상
2022091500100006,2022년 9월 15일 00시,목요일,충청남도 아산시 둔포면,경상사고,0,0,2,0,차대차 - 추돌,안전운전불이행,건조,맑음,단일로 - 기타,승용,남,34세,상해없음,승용,남,32세,경상
2022091500100093,2022년 9월 15일 08시,목요일,충청남도 홍성군 홍북읍,중상사고,0,1,1,0,차대차 - 정면충돌,신호위반,건조,맑음,교차로 - 교차로안,승용,남,25세,상해없음,승용,남,65세,경상
2022091500100094,2022년 9월 15일 08시,목요일,충청남도 천안시 동남구 용곡동,경상사고,0,0,1,0,차대차 - 추돌,안전운전불이행,건조,맑음,단일로 - 기타,승용,여,31세,상해없음,승합,여,46세,경상
2022091500100131,2022년 9월 15일 09시,목요일,충청남도 천안시 동남구 광덕면,경상사고,0,0,1,0,차대차 - 추돌,안전운전불이행,건조,맑음,기타 - 기타,승용,남,37세,상해없음,승용,여,49세,경상
2022091500100155,2022년 9월 15일 10시,목요일,충청남도 천안시 서북구 성환읍,경상사고,0,0,1,0,차대차 - 측면충돌,교차로운행방법위반,건조,맑음,교차로 - 교차로안,화물,남,64세,상해없음,승용,여,64세,경상
2022091500100156,2022년 9월 15일 10시,목요일,충청남도 서천군 비인면,중상사고,0,1,1,0,차대차 - 추돌,안전운전불이행,건조,맑음,교차로 - 교차로부근,건설기계,남,69세,상해없음,화물,남,24세,경상
2022091500100157,2022년 9월 15일 10시,목요일,충청남도 태안군 안면읍,부상신고사고,0,0,0,1,차량단독 - 기타,안전운전불이행,건조,맑음,단일로 - 기타,이륜,남,18세,기타불명,,,,
2022091500100186,2022년 9월 15일 11시,목요일,충청남도 예산군 대흥면,경상사고,0,0,3,0,차대차 - 측면충돌,중앙선침범,건조,맑음,단일로 - 기타,화물,남,74세,상해없음,승용,여,42세,경상
2022091500100211,2022년 9월 15일 12시,목요일,충청남도 서천군 서천읍,중상사고,0,1,0,0,차대사람 - 차도통행중,안전운전불이행,건조,맑음,단일로 - 기타,승용,여,55세,상해없음,보행자,여,70세,중상
2022091500100262,2022년 9월 15일 14시,목요일,충청남도 천안시 서북구 불당동,경상사고,0,0,1,0,차대차 - 측면충돌,안전운전불이행,건조,맑음,단일로 - 기타,승용,여,35세,상해없음,승용,남,33세,경상
2022091500100283,2022년 9월 15일 15시,목요일,충청남도 천안시 서북구 성정동,중상사고,0,1,0,0,차대사람 - 횡단중,보행자보호의무위반,건조,맑음,교차로 - 교차로안,원동기,남,17세,상해없음,보행자,여,68세,중상
2022091500100284,2022년 9월 15일 15시,목요일,충청남도 계룡시 엄사면,중상사고,0,1,0,0,차대사람 - 차도통행중,교차로운행방법위반,건조,맑음,교차로 - 교차로안,승용,남,77세,상해없음,보행자,남,76세,중상
2022091500100323,2022년 9월 15일 16시,목요일,충청남도 천안시 서북구 불당동,부상신고사고,0,0,0,1,차량단독 - 전도전복 - 전복,안전운전불이행,건조,맑음,단일로 - 기타,자전거,남,22세,부상신고,,,,
2022091500100356,2022년 9월 15일 17시,목요일,충청남도 공주시 신관동,경상사고,0,0,1,0,차대차 - 측면충돌,안전운전불이행,건조,맑음,교차로 - 교차로부근,화물,남,50세,상해없음,승용,남,66세,경상
2022091500100396,2022년 9월 15일 18시,목요일,충청남도 천안시 동남구 삼룡동,경상사고,0,0,1,0,차대차 - 측면충돌,신호위반,건조,맑음,교차로 - 교차로안,승용,남,73세,상해없음,승용,여,53세,경상
2022091500100438,2022년 9월 15일 19시,목요일,충청남도 천안시 서북구 불당동,중상사고,0,1,0,0,차대차 - 측면충돌,안전운전불이행,건조,맑음,단일로 - 기타,승용,남,60세,상해없음,자전거,남,40세,중상
2022091500100439,2022년 9월 15일 19시,목요일,충청남도 보령시 화산동,중상사고,0,2,2,0,차대차 - 기타,직진우회전진행방해,건조,맑음,교차로 - 교차로부근,승용,남,48세,경상,화물,남,59세,경상
2022091500100526,2022년 9월 15일 23시,목요일,충청남도 천안시 서북구 불당동,경상사고,0,0,2,0,차대차 - 기타,안전거리미확보,건조,맑음,교차로 - 교차로안,승용,남,38세,상해없음,승용,남,36세,경상
2022091500100527,2022년 9월 15일 23시,목요일,충청남도 보령시 신흑동,경상사고,0,0,1,0,차대차 - 기타,직진우회전진행방해,건조,맑음,기타 - 기타,승용,남,21세,상해없음,승용,여,55세,경상
2022091600100037,2022년 9월 16일 04시,금요일,충청남도 서산시 음암면,사망사고,1,0,0,0,차대차 - 추돌,안전운전불이행,건조,맑음,단일로 - 기타,화물,남,53세,상해없음,원동기,남,78세,사망
2022091600100047,2022년 9월 16일 05시,금요일,충청남도 천안시 서북구 성환읍,사망사고,1,0,0,0,차대사람 - 횡단중,보행자보호의무위반,건조,맑음,단일로 - 기타,승용,여,53세,상해없음,보행자,남,80세,사망
2022091600100078,2022년 9월 16일 07시,금요일,충청남도 아산시 염치읍,경상사고,0,0,2,0,차대차 - 정면충돌,안전운전불이행,건조,맑음,기타 - 기타,승합,남,69세,기타불명,승용,남,43세,경상
2022091600100118,2022년 9월 16일 08시,금요일,충청남도 아산시 신창면,중상사고,0,1,0,0,차대차 - 기타,신호위반,건조,맑음,교차로 - 교차로안,화물,남,62세,상해없음,자전거,여,56세,중상
2022091600100119,2022년 9월 16일 08시,금요일,충청남도 태안군 태안읍,경상사고,0,0,1,0,차대차 - 측면충돌,차로위반,건조,맑음,단일로 - 기타,화물,남,54세,상해없음,승용,여,54세,경상
2022091600100157,2022년 9월 16일 09시,금요일,충청남도 서산시 음암면,중상사고,0,1,0,0,차대사람 - 길가장자리구역통행중,안전운전불이행,건조,맑음,단일로 - 기타,화물,남,47세,상해없음,보행자,남,59세,중상
2022091600100181,2022년 9월 16일 10시,금요일,충청남도 논산시 광석면,중상사고,0,1,0,0,차대차 - 정면충돌,중앙선침범,건조,맑음,교차로 - 교차로부근,화물,남,76세,상해없음,승용,남,71세,중상
2022091600100182,2022년 9월 16일 10시,금요일,충청남도 홍성군 은하면,중상사고,0,1,0,0,차대사람 - 횡단중,안전운전불이행,건조,맑음,단일로 - 기타,승용,남,33세,상해없음,보행자,남,89세,중상
2022091600100183,2022년 9월 16일 10시,금요일,충청남도 보령시 남포면,사망사고,1,0,0,0,차량단독 - 기타,안전운전불이행,건조,맑음,단일로 - 기타,화물,남,57세,사망,,,,
2022091600100210,2022년 9월 16일 11시,금요일,충청남도 아산시 배방읍,중상사고,0,1,0,0,차대차 - 기타,안전운전불이행,건조,맑음,교차로 - 교차로안,화물,남,49세,상해없음,이륜,남,40세,중상
2022091600100211,2022년 9월 16일 11시,금요일,충청남도 보령시 성주면,중상사고,0,2,1,0,차대차 - 측면충돌,기타,건조,맑음,교차로 - 교차로안,승용,남,19세,경상,승용,남,68세,중상
2022091600100212,2022년 9월 16일 11시,금요일,충청남도 금산군 제원면,중상사고,0,1,0,0,차대사람 - 기타,안전운전불이행,건조,맑음,단일로 - 터널,승용,남,61세,상해없음,보행자,남,84세,중상
2022091600100246,2022년 9월 16일 12시,금요일,충청남도 천안시 서북구 차암동,경상사고,0,0,3,0,차대차 - 측면충돌,직진우회전진행방해,건조,맑음,교차로 - 교차로안,승용,남,50세,상해없음,승용,남,32세,경상
2022091600100277,2022년 9월 16일 13시,금요일,충청남도 아산시 초사동,경상사고,0,0,1,0,차대차 - 기타,차로위반,건조,맑음,단일로 - 기타,화물,남,58세,상해없음,승용,여,25세,경상
2022091600100305,2022년 9월 16일 14시,금요일,충청남도 천안시 서북구 불당동,경상사고,0,0,1,0,차대차 - 측면충돌,직진우회전진행방해,건조,맑음,교차로 - 교차로안,승용,여,27세,상해없음,승용,여,39세,경상
2022091600100306,2022년 9월 16일 14시,금요일,충청남도 계룡시 금암동,중상사고,0,1,3,0,차대차 - 측면충돌,신호위반,건조,맑음,교차로 - 교차로안,승용,여,65세,경상,승용,여,36세,중상
2022091600100307,2022년 9월 16일 14시,금요일,충청남도 아산시 탕정면,경상사고,0,0,1,0,차대차 - 기타,신호위반,건조,맑음,교차로 - 교차로안,승용,여,32세,상해없음,승용,여,33세,경상
2022091600100308,2022년 9월 16일 14시,금요일,충청남도 금산군 금산읍,경상사고,0,0,2,0,차대사람 - 횡단중,보행자보호의무위반,건조,맑음,교차로 - 교차로횡단보도내,화물,여,56세,상해없음,보행자,여,9세,경상
2022091600100335,2022년 9월 16일 15시,금요일,충청남도 아산시 배방읍,경상사고,0,0,2,0,차대차 - 기타,안전운전불이행,건조,맑음,단일로 - 기타,승용,남,66세,상해없음,승용,남,29세,경상
2022091600100379,2022년 9월 16일 16시,금요일,충청남도 천안시 서북구 쌍용동,경상사고,0,0,1,0,차대사람 - 횡단중,보행자보호의무위반,건조,맑음,교차로 - 교차로부근,화물,남,34세,상해없음,보행자,여,30세,경상
2022091600100380,2022년 9월 16일 16시,금요일,충청남도 아산시 온천동,경상사고,0,0,1,0,차대사람 - 횡단중,보행자보호의무위반,건조,맑음,기타 - 기타,승용,여,42세,상해없음,보행자,남,17세,경상
2022091600100381,2022년 9월 16일 16시,금요일,충청남도 보령시 청소면,경상사고,0,0,1,0,차대차 - 기타,안전운전불이행,건조,맑음,단일로 - 기타,화물,남,56세,상해없음,자전거,여,74세,경상
2022091600100433,2022년 9월 16일 17시,금요일,충청남도 홍성군 홍북읍,중상사고,0,1,0,0,차대차 - 측면충돌,교차로운행방법위반,건조,맑음,교차로 - 교차로안,승용,여,23세,상해없음,자전거,남,6세,중상
2022091600100434,2022년 9월 16일 17시,금요일,충청남도 천안시 동남구 청당동,경상사고,0,0,1,0,차대차 - 측면충돌,안전운전불이행,건조,맑음,단일로 - 기타,승용,남,67세,상해없음,승용,남,41세,경상
2022091600100490,2022년 9월 16일 18시,금요일,충청남도 아산시 배방읍,경상사고,0,0,1,0,차대차 - 기타,안전운전불이행,건조,맑음,교차로 - 교차로부근,승합,남,61세,상해없음,승용,남,29세,경상
2022091600100491,2022년 9월 16일 18시,금요일,충청남도 천안시 동남구 용곡동,경상사고,0,0,4,0,차대차 - 추돌,안전운전불이행,건조,맑음,단일로 - 기타,승용,남,30세,상해없음,승용,남,27세,경상
2022091600100558,2022년 9월 16일 19시,금요일,충청남도 천안시 동남구 병천면,경상사고,0,0,1,0,차대차 - 기타,안전운전불이행,건조,맑음,단일로 - 기타,이륜,남,48세,경상,화물,남,54세,상해없음
2022091600100559,2022년 9월 16일 19시,금요일,충청남도 천안시 동남구 다가동,경상사고,0,0,1,0,차대차 - 측면충돌,신호위반,건조,맑음,단일로 - 기타,승용,남,61세,상해없음,이륜,남,50세,경상
2022091600100608,2022년 9월 16일 20시,금요일,충청남도 서산시 음암면,경상사고,0,0,1,0,차대차 - 추돌,안전운전불이행,건조,맑음,교차로 - 교차로부근,화물,남,36세,상해없음,승용,여,61세,경상
2022091600100609,2022년 9월 16일 20시,금요일,충청남도 서산시 수석동,중상사고,0,1,0,0,차대사람 - 기타,안전운전불이행,건조,맑음,주차장 - 주차장,승용,여,61세,상해없음,보행자,여,16세,중상
2022091600100610,2022년 9월 16일 20시,금요일,충청남도 천안시 서북구 쌍용동,경상사고,0,0,1,0,차대차 - 기타,안전운전불이행,건조,맑음,교차로 - 교차로안,승용,남,26세,상해없음,이륜,남,28세,경상
2022091600100611,2022년 9월 16일 20시,금요일,충청남도 천안시 서북구 성정동,경상사고,0,0,4,0,차대차 - 측면충돌,안전거리미확보,건조,맑음,단일로 - 기타,승용,남,57세,상해없음,승용,남,51세,경상
2022091600100634,2022년 9월 16일 21시,금요일,충청남도 논산시 연무읍,경상사고,0,0,2,0,차대차 - 측면충돌,안전운전불이행,건조,맑음,교차로 - 교차로안,승용,남,67세,기타불명,승용,여,43세,경상
2022091600100693,2022년 9월 16일 23시,금요일,충청남도 천안시 서북구 성정동,경상사고,0,0,1,0,차대사람 - 횡단중,신호위반,건조,맑음,교차로 - 교차로부근,기타불명,기타불명,미분류,기타불명,보행자,여,26세,경상
2022091700100057,2022년 9월 17일 03시,토요일,충청남도 아산시 배방읍,경상사고,0,0,1,0,차대차 - 추돌,안전운전불이행,건조,맑음,교차로 - 교차로부근,승용,여,26세,상해없음,승용,남,40세,경상
2022091700100086,2022년 9월 17일 06시,토요일,충청남도 천안시 서북구 입장면,경상사고,0,0,1,0,차대차 - 측면충돌,안전운전불이행,건조,맑음,교차로 - 교차로안,승용,남,30세,상해없음,승용,남,45세,경상
2022091700100103,2022년 9월 17일 07시,토요일,충청남도 천안시 동남구 풍세면,경상사고,0,0,1,0,차대차 - 기타,안전운전불이행,건조,맑음,기타 - 기타,승용,남,63세,기타불명,화물,남,65세,경상
2022091700100121,2022년 9월 17일 08시,토요일,충청남도 천안시 서북구 쌍용동,경상사고,0,0,1,0,차대차 - 측면충돌,안전거리미확보,건조,맑음,단일로 - 기타,승용,남,33세,기타불명,승용,남,64세,경상