사고번호,사고일시,요일,시군구,사고내용,사망자수,중상자수,경상자수,부상신고자수,사고유형,법규위반,노면상태,기상상태,도로형태,가해운전자 차종,가해운전자 성별,가해운전자 연령,가해운전자 상해정도,피해운전자 차종,피해운전자 성별,피해운전자 연령,피해운전자 상해정도
2022092200100163,2022년 9월 22일 09시,목요일,충청남도 부여군 부여읍,중상사고,0,1,0,0,차대사람 - 횡단중,보행자보호의무위반,건조,맑음,교차로 - 교차로횡단보도내,승용,남,25세,상해없음,보행자,여,61세,중상
2022092200100164,2022년 9월 22일 09시,목요일,충청남도 천안시 동남구 청당동,경상사고,0,0,2,0,차대차 - 기타,신호위반,건조,맑음,교차로 - 교차로안,승용,여,27세,상해없음,승용,남,31세,경상
2022092200100204,2022년 9월 22일 10시,목요일,충청남도 천안시 서북구 두정동,경상사고,0,0,1,0,차량단독 - 기타,안전운전불이행,건조,맑음,기타 - 기타,승합,남,59세,기타불명,,,,
2022092200100205,2022년 9월 22일 10시,목요일,충청남도 천안시 동남구 풍세면,중상사고,0,1,0,0,차대차 - 기타,안전운전불이행,건조,맑음,교차로 - 교차로안,승용,여,75세,기타불명,자전거,남,82세,중상
2022092200100206,2022년 9월 22일 10시,목요일,충청남도 청양군 장평면,경상사고,0,0,2,0,차대차 - 정면충돌,중앙선침범,건조,맑음,단일로 - 기타,화물,여,66세,상해없음,화물,남,73세,경상
2022092200100207,2022년 9월 22일 10시,목요일,충청남도 천안시 동남구 구룡동,경상사고,0,0,1,0,차대차 - 측면충돌,안전운전불이행,건조,맑음,단일로 - 기타,승용,남,66세,상해없음,승용,남,38세,경상
2022092200100231,2022년 9월 22일 11시,목요일,충청남도 천안시 동남구 구룡동,경상사고,0,0,1,1,차대차 - 기타,안전운전불이행,건조,맑음,교차로 - 교차로안,승용,여,47세,경상,승용,여,58세,부상신고
2022092200100267,2022년 9월 22일 12시,목요일,충청남도 예산군 예산읍,경상사고,0,0,2,0,차대차 - 추돌,안전운전불이행,건조,맑음,교차로 - 교차로부근,승용,여,28세,상해없음,화물,남,66세,상해없음
2022092200100354,2022년 9월 22일 15시,목요일,충청남도 천안시 서북구 불당동,중상사고,0,1,2,0,차대차 - 기타,신호위반,건조,맑음,교차로 - 교차로안,원동기,남,18세,중상,승용,여,40세,경상
2022092200100355,2022년 9월 22일 15시,목요일,충청남도 부여군 석성면,중상사고,0,1,0,0,차대차 - 측면충돌,교차로운행방법위반,건조,맑음,교차로 - 교차로안,건설기계,남,52세,상해없음,승용,남,27세,중상
2022092200100356,2022년 9월 22일 15시,목요일,충청남도 당진시 수청동,경상사고,0,0,1,0,차대차 - 기타,안전운전불이행,건조,맑음,교차로 - 교차로횡단보도내,승용,여,72세,상해없음,화물,남,37세,경상
2022092200100357,2022년 9월 22일 15시,목요일,충청남도 천안시 동남구 오룡동,경상사고,0,0,3,0,차대차 - 측면충돌,신호위반,건조,맑음,교차로 - 교차로안,승용,남,67세,상해없음,승용,남,60세,경상
2022092200100393,2022년 9월 22일 16시,목요일,충청남도 천안시 동남구 안서동,중상사고,0,1,0,0,차대사람 - 기타,안전운전불이행,건조,맑음,단일로 - 기타,승용,남,31세,상해없음,보행자,여,55세,중상
2022092200100477,2022년 9월 22일 18시,목요일,충청남도 서산시 잠홍동,경상사고,0,0,1,0,차대차 - 추돌,안전운전불이행,건조,맑음,단일로 - 기타,승용,여,39세,상해없음,화물,여,44세,경상
2022092200100478,2022년 9월 22일 18시,목요일,충청남도 예산군 예산읍,경상사고,0,0,1,0,차대차 - 추돌,안전운전불이행,건조,맑음,단일로 - 기타,승용,남,34세,상해없음,개인형이동수단(PM),남,17세,경상
2022092200100479,2022년 9월 22일 18시,목요일,충청남도 당진시 합덕읍,경상사고,0,0,1,0,차대사람 - 기타,안전운전불이행,건조,맑음,단일로 - 기타,승용,여,59세,상해없음,보행자,여,79세,경상
2022092200100531,2022년 9월 22일 19시,목요일,충청남도 천안시 서북구 성정동,중상사고,0,1,0,0,차대사람 - 기타,보행자보호의무위반,건조,맑음,기타 - 기타,승용,여,56세,상해없음,보행자,남,56세,중상
2022092200100532,2022년 9월 22일 19시,목요일,충청남도 홍성군 홍북읍,경상사고,0,0,2,0,차대차 - 측면충돌,안전운전불이행,건조,맑음,단일로 - 기타,화물,남,43세,경상,이륜,남,41세,경상
2022092200100533,2022년 9월 22일 19시,목요일,충청남도 아산시 권곡동,경상사고,0,0,1,0,차대사람 - 횡단중,보행자보호의무위반,건조,맑음,교차로 - 교차로안,승용,남,46세,상해없음,보행자,여,7세,경상
2022092200100534,2022년 9월 22일 19시,목요일,충청남도 아산시 온천동,중상사고,0,1,0,0,차대차 - 기타,중앙선침범,건조,맑음,교차로 - 교차로부근,원동기,남,50세,상해없음,원동기,남,55세,중상
2022092200100535,2022년 9월 22일 19시,목요일,충청남도 공주시 신관동,경상사고,0,0,3,0,차대차 - 측면충돌,안전운전불이행,건조,맑음,교차로 - 교차로부근,이륜,남,21세,경상,이륜,남,20세,경상
2022092200100536,2022년 9월 22일 19시,목요일,충청남도 당진시 고대면,경상사고,0,0,2,0,차대사람 - 보도통행중,안전운전불이행,건조,맑음,기타 - 기타,승용,남,73세,상해없음,보행자,남,57세,경상
2022092200100569,2022년 9월 22일 20시,목요일,충청남도 천안시 동남구 삼룡동,경상사고,0,0,2,0,차대차 - 기타,교차로운행방법위반,건조,맑음,교차로 - 교차로안,승용,남,35세,상해없음,승용,남,38세,경상
2022092200100570,2022년 9월 22일 20시,목요일,충청남도 천안시 동남구 신부동,중상사고,0,1,0,0,차대사람 - 횡단중,신호위반,건조,맑음,교차로 - 교차로안,이륜,남,26세,상해없음,보행자,남,39세,중상
2022092200100592,2022년 9월 22일 21시,목요일,충청남도 논산시 강산동,경상사고,0,0,1,0,차대차 - 측면충돌,안전운전불이행,건조,맑음,기타 - 기타,승용,남,56세,상해없음,승용,여,33세,경상
2022092200100593,2022년 9월 22일 21시,목요일,충청남도 천안시 동남구 청수동,경상사고,0,0,2,0,차대차 - 기타,안전운전불이행,건조,맑음,교차로 - 교차로안,승용,남,43세,경상,승용,여,29세,경상
2022092200100616,2022년 9월 22일 22시,목요일,충청남도 당진시 송산면,경상사고,0,0,1,0,차대차 - 측면충돌,안전운전불이행,기타,흐림,단일로 - 기타,승용,남,46세,상해없음,승용,남,51세,경상
2022092200100635,2022년 9월 22일 23시,목요일,충청남도 천안시 서북구 성정동,경상사고,0,0,1,0,차대차 - 추돌,안전운전불이행,건조,맑음,단일로 - 기타,이륜,남,19세,상해없음,승용,여,32세,경상
2022092200100636,2022년 9월 22일 23시,목요일,충청남도 당진시 행정동,경상사고,0,0,2,0,차대차 - 기타,중앙선침범,건조,맑음,단일로 - 교량,승합,남,63세,상해없음,승용,남,29세,경상
2022092300100025,2022년 9월 23일 04시,금요일,충청남도 천안시 동남구 목천읍,경상사고,0,0,1,0,차대차 - 측면충돌,안전운전불이행,건조,맑음,단일로 - 기타,승용,남,28세,상해없음,화물,남,46세,경상
2022092300100047,2022년 9월 23일 06시,금요일,충청남도 서산시 대산읍,경상사고,0,0,1,0,차대차 - 기타,안전운전불이행,건조,맑음,교차로 - 교차로부근,승용,남,56세,상해없음,개인형이동수단(PM),남,63세,경상
2022092300100048,2022년 9월 23일 06시,금요일,충청남도 천안시 서북구 성거읍,경상사고,0,0,1,0,차대차 - 기타,신호위반,건조,맑음,교차로 - 교차로안,승용,남,41세,상해없음,화물,남,59세,경상
2022092300100049,2022년 9월 23일 06시,금요일,충청남도 공주시 우성면,경상사고,0,0,1,0,차대차 - 기타,안전운전불이행,건조,맑음,단일로 - 기타,화물,남,62세,상해없음,승용,남,79세,경상
2022092300100050,2022년 9월 23일 06시,금요일,충청남도 예산군 덕산면,경상사고,0,0,1,0,차대차 - 측면충돌,직진우회전진행방해,건조,맑음,교차로 - 교차로안,화물,남,66세,상해없음,승용,여,68세,경상
2022092300100064,2022년 9월 23일 07시,금요일,충청남도 아산시 초사동,경상사고,0,0,2,0,차대차 - 정면충돌,중앙선침범,건조,맑음,단일로 - 기타,승용,남,74세,경상,승용,남,46세,경상
2022092300100095,2022년 9월 23일 08시,금요일,충청남도 천안시 서북구 두정동,중상사고,0,1,0,0,차대사람 - 기타,보행자보호의무위반,건조,맑음,교차로 - 교차로횡단보도내,승합,남,62세,상해없음,보행자,남,64세,중상
2022092300100096,2022년 9월 23일 08시,금요일,충청남도 천안시 서북구 직산읍,경상사고,0,0,1,0,차대차 - 기타,안전거리미확보,건조,맑음,단일로 - 기타,화물,남,70세,상해없음,승용,남,49세,경상
2022092300100097,2022년 9월 23일 08시,금요일,충청남도 홍성군 결성면,경상사고,0,0,1,0,차대차 - 정면충돌,중앙선침범,건조,맑음,단일로 - 기타,승용,여,47세,상해없음,승용,여,44세,경상
2022092300100134,2022년 9월 23일 09시,금요일,충청남도 보령시 대천동,경상사고,0,0,2,0,차대차 - 기타,직진우회전진행방해,건조,맑음,교차로 - 교차로안,화물,남,53세,상해없음,승용,남,81세,경상
2022092300100167,2022년 9월 23일 10시,금요일,충청남도 서천군 장항읍,경상사고,0,0,2,0,차대차 - 기타,안전운전불이행,건조,맑음,교차로 - 교차로부근,승용,여,73세,상해없음,승용,남,22세,경상
2022092300100168,2022년 9월 23일 10시,금요일,충청남도 천안시 동남구 신부동,경상사고,0,0,1,0,차대차 - 기타,안전운전불이행,건조,맑음,단일로 - 기타,승용,남,69세,상해없음,승용,여,49세,기타불명
2022092300100206,2022년 9월 23일 11시,금요일,충청남도 부여군 부여읍,경상사고,0,0,1,0,차대차 - 추돌,안전거리미확보,건조,맑음,교차로 - 교차로부근,건설기계,남,48세,상해없음,승용,여,31세,경상
2022092300100207,2022년 9월 23일 11시,금요일,충청남도 당진시 대덕동,경상사고,0,0,2,0,차대차 - 측면충돌,중앙선침범,건조,맑음,단일로 - 기타,승용,여,48세,상해없음,승용,남,67세,경상
2022092300100278,2022년 9월 23일 13시,금요일,충청남도 천안시 동남구 성남면,경상사고,0,0,1,0,차대차 - 측면충돌,안전운전불이행,건조,맑음,단일로 - 기타,건설기계,남,65세,상해없음,화물,남,48세,경상
2022092300100363,2022년 9월 23일 15시,금요일,충청남도 천안시 서북구 쌍용동,경상사고,0,0,2,0,차대차 - 추돌,안전운전불이행,건조,맑음,단일로 - 기타,화물,남,37세,상해없음,승용,여,47세,경상
2022092300100364,2022년 9월 23일 15시,금요일,충청남도 계룡시 엄사면,중상사고,0,1,0,0,차대사람 - 횡단중,보행자보호의무위반,건조,맑음,교차로 - 교차로안,승용,여,57세,상해없음,보행자,여,54세,중상
2022092300100365,2022년 9월 23일 15시,금요일,충청남도 예산군 광시면,경상사고,0,0,1,0,차대차 - 정면충돌,기타,건조,맑음,단일로 - 기타,이륜,남,61세,경상,화물,남,53세,상해없음
2022092300100402,2022년 9월 23일 16시,금요일,충청남도 부여군 부여읍,경상사고,0,0,1,0,차량단독 - 전도전복 - 전도,안전운전불이행,건조,맑음,기타 - 기타,이륜,남,17세,경상,,,,
2022092300100403,2022년 9월 23일 16시,금요일,충청남도 당진시 송악읍,경상사고,0,0,2,0,차대차 - 추돌,안전운전불이행,건조,맑음,단일로 - 기타,사륜오토바이(ATV),남,75세,경상,승용,여,37세,경상
2022092300100459,2022년 9월 23일 17시,금요일,충청남도 천안시 서북구 입장면,중상사고,0,2,2,0,차대차 - 측면충돌,직진우회전진행방해,건조,맑음,교차로 - 교차로안,승용,남,30세,경상,승용,남,45세,중상
2022092300100460,2022년 9월 23일 17시,금요일,충청남도 보령시 동대동,경상사고,0,0,1,0,차대차 - 측면충돌,안전운전불이행,건조,맑음,교차로 - 교차로횡단보도내,승용,남,73세,상해없음,자전거,남,15세,경상
2022092300100504,2022년 9월 23일 18시,금요일,충청남도 천안시 서북구 두정동,부상신고사고,0,0,0,1,차대사람 - 기타,보행자보호의무위반,건조,맑음,교차로 - 교차로안,기타불명,기타불명,미분류,기타불명,보행자,남,31세,부상신고
2022092300100505,2022년 9월 23일 18시,금요일,충청남도 천안시 서북구 성정동,경상사고,0,0,2,0,차대차 - 측면충돌,신호위반,건조,맑음,교차로 - 교차로안,승용,남,48세,상해없음,승용,남,48세,경상
2022092300100506,2022년 9월 23일 18시,금요일,충청남도 천안시 동남구 수신면,경상사고,0,0,2,0,차대차 - 추돌,안전운전불이행,건조,맑음,단일로 - 기타,승용,남,30세,상해없음,승용,남,21세,상해없음
2022092300100562,2022년 9월 23일 19시,금요일,충청남도 천안시 서북구 와촌동,중상사고,0,1,0,0,차대차 - 측면충돌,직진우회전진행방해,건조,맑음,교차로 - 교차로안,승용,남,35세,상해없음,자전거,남,71세,중상
2022092300100563,2022년 9월 23일 19시,금요일,충청남도 논산시 광석면,중상사고,0,1,0,0,차대차 - 정면충돌,중앙선침범,건조,맑음,교차로 - 교차로부근,승용,남,66세,상해없음,승용,남,39세,중상
2022092300100564,2022년 9월 23일 19시,금요일,충청남도 아산시 온천동,경상사고,0,0,2,0,차대차 - 후진중충돌,안전운전불이행,건조,맑음,교차로 - 교차로부근,화물,남,67세,상해없음,승용,남,49세,경상
2022092300100565,2022년 9월 23일 19시,금요일,충청남도 당진시 읍내동,중상사고,0,1,0,0,차대차 - 추돌,신호위반,건조,맑음,교차로 - 교차로안,이륜,남,57세,상해없음,이륜,남,53세,중상
2022092300100566,2022년 9월 23일 19시,금요일,충청남도 천안시 동남구 신부동,경상사고,0,0,1,0,차대차 - 기타,안전운전불이행,건조,맑음,단일로 - 기타,승합,남,48세,상해없음,승용,남,26세,경상
2022092300100596,2022년 9월 23일 20시,금요일,충청남도 논산시 내동,중상사고,0,1,0,0,차대사람 - 횡단중,보행자보호의무위반,건조,맑음,교차로 - 교차로횡단보도내,승용,남,70세,상해없음,보행자,여,63세,중상
2022092300100597,2022년 9월 23일 20시,금요일,충청남도 예산군 예산읍,중상사고,0,1,0,0,차대차 - 측면충돌,직진우회전진행방해,건조,맑음,교차로 - 교차로안,승용,남,46세,상해없음,자전거,남,67세,중상
2022092300100646,2022년 9월 23일 22시,금요일,충청남도 아산시 모종동,경상사고,0,0,1,0,차대차 - 측면충돌,신호위반,건조,맑음,교차로 - 교차로안,이륜,남,40세,상해없음,자전거,남,11세,경상
2022092300100647,2022년 9월 23일 22시,금요일,충청남도 아산시 신창면,경상사고,0,0,1,0,차대사람 - 기타,안전운전불이행,건조,맑음,단일로 - 기타,승용,남,61세,상해없음,보행자,남,55세,상해없음
2022092300100648,2022년 9월 23일 22시,금요일,충청남도 공주시 신관동,경상사고,0,0,1,0,차대차 - 기타,신호위반,건조,흐림,교차로 - 교차로횡단보도내,자전거,남,57세,경상,특수,남,41세,상해없음
2022092300100649,2022년 9월 23일 22시,금요일,충청남도 태안군 태안읍,경상사고,0,0,1,0,차대차 - 추돌,안전운전불이행,건조,맑음,단일로 - 기타,승용,남,33세,상해없음,승용,남,20세,경상
2022092300100650,2022년 9월 23일 22시,금요일,충청남도 천안시 서북구 성거읍,부상신고사고,0,0,0,1,차대차 - 기타,안전운전불이행,건조,맑음,단일로 - 기타,승용,남,34세,상해없음,승용,남,35세,부상신고
2022092300100673,2022년 9월 23일 23시,금요일,충청남도 논산시 반월동,경상사고,0,0,1,0,차대차 - 측면충돌,직진우회전진행방해,건조,맑음,교차로 - 교차로안,이륜,남,28세,경상,승용,남,59세,상해없음
2022092400100008,2022년 9월 24일 00시,토요일,충청남도 천안시 서북구 쌍용동,부상신고사고,0,0,0,1,차대차 - 측면충돌,안전운전불이행,건조,맑음,단일로 - 기타,개인형이동수단(PM),남,36세,부상신고,화물,남,61세,기타불명
2022092400100009,2022년 9월 24일 00시,토요일,충청남도 천안시 서북구 성정동,경상사고,0,0,1,0,차대사람 - 횡단중,중앙선침범,건조,맑음,기타 - 기타,자전거,남,14세,상해없음,보행자,남,22세,경상
2022092400100010,2022년 9월 24일 00시,토요일,충청남도 천안시 동남구 신부동,경상사고,0,0,1,0,차대차 - 추돌,안전운전불이행,건조,맑음,단일로 - 기타,승용,남,25세,상해없음,승용,남,66세,상해없음
2022092400100073,2022년 9월 24일 07시,토요일,충청남도 천안시 동남구 신부동,경상사고,0,0,1,0,차대차 - 측면충돌,신호위반,건조,맑음,교차로 - 교차로안,승용,남,26세,기타불명,승용,여,57세,경상
2022092400100120,2022년 9월 24일 09시,토요일,충청남도 아산시 온천동,경상사고,0,0,2,0,차대차 - 기타,안전운전불이행,건조,맑음,교차로 - 교차로안,승용,남,66세,상해없음,승용,여,64세,경상
2022092400100121,2022년 9월 24일 09시,토요일,충청남도 천안시 동남구 용곡동,경상사고,0,0,6,0,차대차 - 추돌,안전운전불이행,건조,맑음,단일로 - 기타,승용,남,54세,상해없음,승용,여,35세,경상
2022092400100151,2022년 9월 24일 10시,토요일,충청남도 서산시 잠홍동,경상사고,0,0,1,0,차대차 - 추돌,안전운전불이행,건조,맑음,교차로 - 교차로부근,화물,남,62세,상해없음,승용,남,62세,경상
2022092400100196,2022년 9월 24일 11시,토요일,충청남도 홍성군 홍북읍,경상사고,0,0,1,0,차대차 - 정면충돌,안전운전불이행,건조,맑음,교차로 - 교차로안,승용,남,61세,경상,승용,여,43세,상해없음
2022092400100197,2022년 9월 24일 11시,토요일,충청남도 보령시 대천동,경상사고,0,0,2,0,차대차 - 기타,안전운전불이행,건조,맑음,교차로 - 교차로안,승용,남,71세,상해없음,승용,남,77세,경상
2022092400100198,2022년 9월 24일 11시,토요일,충청남도 태안군 안면읍,경상사고,0,0,2,0,차대차 - 추돌,차로위반,건조,맑음,교차로 - 교차로안,승용,여,50세,상해없음,승용,남,27세,경상
2022092400100239,2022년 9월 24일 12시,토요일,충청남도 천안시 서북구 두정동,경상사고,0,0,1,0,차대차 - 기타,안전운전불이행,건조,맑음,교차로 - 교차로부근,화물,남,46세,상해없음,원동기,남,49세,경상
2022092400100240,2022년 9월 24일 12시,토요일,충청남도 천안시 서북구 백석동,경상사고,0,0,1,0,차대차 - 측면충돌,안전거리미확보,건조,맑음,단일로 - 기타,이륜,남,33세,상해없음,승합,남,35세,경상
2022092400100296,2022년 9월 24일 13시,토요일,충청남도 서산시 동문동,경상사고,0,0,1,0,차대사람 - 차도통행중,안전운전불이행,건조,맑음,교차로 - 교차로안,기타불명,기타불명,미분류,기타불명,보행자,남,14세,경상
2022092400100297,2022년 9월 24일 13시,토요일,충청남도 아산시 탕정면,경상사고,0,0,1,0,차대차 - 추돌,안전운전불이행,건조,맑음,교차로 - 교차로부근,승용,남,74세,상해없음,승용,남,37세,경상
2022092400100298,2022년 9월 24일 13시,토요일,충청남도 보령시 남포면,경상사고,0,0,1,0,차대차 - 측면충돌,안전운전불이행,건조,맑음,단일로 - 기타,승용,여,30세,상해없음,승용,남,30세,경상
2022092400100299,2022년 9월 24일 13시,토요일,충청남도 예산군 예산읍,경상사고,0,0,1,0,차대차 - 측면충돌,안전운전불이행,건조,맑음,교차로 - 교차로안,자전거,남,30세,경상,승용,여,64세,상해없음
2022092400100300,2022년 9월 24일 13시,토요일,충청남도 천안시 동남구 사직동,경상사고,0,0,1,0,차대사람 - 차도통행중,안전운전불이행,건조,맑음,단일로 - 기타,승용,여,76세,기타불명,보행자,여,88세,경상
2022092400100301,2022년 9월 24일 13시,토요일,충청남도 태안군 안면읍,경상사고,0,0,2,0,차대차 - 추돌,중앙선침범,건조,맑음,교차로 - 교차로안,이륜,남,16세,상해없음,승용,남,30세,경상
2022092400100344,2022년 9월 24일 14시,토요일,충청남도 서산시 지곡면,부상신고사고,0,0,0,2,차대차 - 추돌,안전거리미확보,건조,맑음,단일로 - 기타,화물,남,67세,상해없음,승용,남,45세,부상신고
2022092400100345,2022년 9월 24일 14시,토요일,충청남도 서산시 운산면,중상사고,0,1,1,0,차대차 - 측면충돌,안전거리미확보,건조,맑음,교차로 - 교차로부근,승용,여,41세,상해없음,승용,남,44세,경상
2022092400100388,2022년 9월 24일 15시,토요일,충청남도 서산시 석림동,경상사고,0,0,1,0,차대차 - 추돌,안전운전불이행,건조,맑음,교차로 - 교차로부근,승용,남,29세,상해없음,화물,남,23세,경상
2022092400100389,2022년 9월 24일 15시,토요일,충청남도 공주시 신관동,중상사고,0,1,1,0,차대차 - 측면충돌,안전운전불이행,건조,맑음,단일로 - 기타,승용,여,65세,상해없음,개인형이동수단(PM),여,14세,경상
2022092400100390,2022년 9월 24일 15시,토요일,충청남도 청양군 비봉면,중상사고,0,3,0,0,차대차 - 측면충돌,기타,건조,맑음,교차로 - 교차로안,화물,여,55세,상해없음,승용,여,58세,중상
2022092400100426,2022년 9월 24일 16시,토요일,충청남도 아산시 남동,경상사고,0,0,3,0,차대차 - 측면충돌,안전운전불이행,건조,맑음,단일로 - 기타,승용,남,74세,상해없음,승용,남,34세,경상
2022092400100461,2022년 9월 24일 17시,토요일,충청남도 천안시 서북구 불당동,경상사고,0,0,3,0,차대차 - 추돌,안전운전불이행,건조,맑음,단일로 - 기타,승합,남,52세,상해없음,승합,남,47세,상해없음
2022092400100506,2022년 9월 24일 18시,토요일,충청남도 태안군 안면읍,중상사고,0,1,0,0,차량단독 - 도로외이탈 - 기타,안전운전불이행,건조,맑음,단일로 - 기타,사륜오토바이(ATV),여,36세,중상,,,,
2022092400100546,2022년 9월 24일 19시,토요일,충청남도 논산시 반월동,경상사고,0,0,1,0,차대차 - 측면충돌,안전운전불이행,건조,맑음,교차로 - 교차로부근,승용,남,64세,상해없음,승용,여,54세,경상
2022092400100548,2022년 9월 24일 19시,토요일,충청남도 서산시 해미면,경상사고,0,0,2,0,차대차 - 기타,안전운전불이행,건조,맑음,주차장 - 주차장,승용,남,70세,상해없음,승용,남,49세,경상
2022092400100575,2022년 9월 24일 20시,토요일,충청남도 청양군 청양읍,중상사고,0,1,0,0,차대차 - 측면충돌,직진우회전진행방해,건조,맑음,교차로 - 교차로안,승용,남,56세,상해없음,승용,남,53세,중상
2022092400100600,2022년 9월 24일 21시,토요일,충청남도 천안시 서북구 불당동,경상사고,0,0,3,0,차대차 - 추돌,안전운전불이행,건조,맑음,단일로 - 기타,승합,남,47세,상해없음,승합,남,58세,상해없음
2022092400100601,2022년 9월 24일 21시,토요일,충청남도 천안시 서북구 백석동,경상사고,0,0,1,0,차대차 - 추돌,안전운전불이행,건조,맑음,교차로 - 교차로안,승용,남,25세,상해없음,승용,여,41세,경상
2022092400100616,2022년 9월 24일 22시,토요일,충청남도 공주시 신관동,경상사고,0,0,2,0,차대차 - 측면충돌,중앙선침범,건조,맑음,교차로 - 교차로부근,이륜,남,19세,경상,승용,남,36세,경상
2022092400100638,2022년 9월 24일 23시,토요일,충청남도 공주시 금흥동,사망사고,1,0,0,0,차량단독 - 공작물충돌,안전운전불이행,건조,맑음,교차로 - 교차로안,승용,남,45세,사망,,,,
2022092500100045,2022년 9월 25일 04시,일요일,충청남도 공주시 계룡면,중상사고,0,1,0,0,차량단독 - 공작물충돌,안전운전불이행,건조,맑음,단일로 - 기타,승용,여,26세,기타불명,,,,
2022092500100062,2022년 9월 25일 07시,일요일,충청남도 당진시 송산면,경상사고,0,0,1,0,차대차 - 정면충돌,중앙선침범,건조,맑음,단일로 - 기타,승용,남,39세,상해없음,승용,남,57세,경상
2022092500100079,2022년 9월 25일 08시,일요일,충청남도 천안시 서북구 성정동,경상사고,0,0,1,0,차대사람 - 기타,안전운전불이행,건조,맑음,단일로 - 기타,승용,남,51세,상해없음,보행자,여,65세,경상
2022092500100115,2022년 9월 25일 10시,일요일,충청남도 천안시 서북구 두정동,경상사고,0,0,5,0,차대차 - 기타,안전운전불이행,건조,맑음,단일로 - 기타,승용,남,60세,상해없음,승용,여,57세,경상
2022092500100116,2022년 9월 25일 10시,일요일,충청남도 아산시 온천동,경상사고,0,0,2,0,차대차 - 측면충돌,안전운전불이행,건조,맑음,단일로 - 기타,승용,남,63세,상해없음,승용,남,35세,경상
2022092500100117,2022년 9월 25일 10시,일요일,충청남도 공주시 신풍면,중상사고,0,1,1,0,차대차 - 추돌,안전운전불이행,건조,맑음,교차로 - 교차로부근,이륜,남,41세,중상,승용,남,54세,경상
2022092500100137,2022년 9월 25일 11시,일요일,충청남도 천안시 동남구 광덕면,경상사고,0,0,1,0,차대차 - 기타,중앙선침범,건조,맑음,단일로 - 기타,건설기계,남,34세,상해없음,자전거,남,56세,경상
2022092500100218,2022년 9월 25일 14시,일요일,충청남도 천안시 서북구 쌍용동,경상사고,0,0,3,0,차대차 - 측면충돌,안전거리미확보,건조,맑음,교차로 - 교차로안,승용,여,60세,상해없음,승용,남,36세,경상
2022092500100219,2022년 9월 25일 14시,일요일,충청남도 아산시 온천동,경상사고,0,0,4,0,차대차 - 측면충돌,교차로운행방법위반,건조,맑음,교차로 - 교차로안,승용,여,21세,경상,승용,남,24세,경상
2022092500100259,2022년 9월 25일 15시,일요일,충청남도 당진시 순성면,중상사고,0,1,0,0,차대사람 - 기타,안전운전불이행,건조,맑음,단일로 - 기타,화물,남,84세,상해없음,보행자,여,81세,중상
2022092500100336,2022년 9월 25일 18시,일요일,충청남도 서산시 석남동,중상사고,0,1,0,0,차대차 - 기타,안전운전불이행,건조,맑음,단일로 - 기타,승용,남,61세,상해없음,자전거,남,45세,중상
2022092500100337,2022년 9월 25일 18시,일요일,충청남도 서천군 종천면,경상사고,0,0,1,0,차대차 - 측면충돌,안전운전불이행,건조,맑음,교차로 - 교차로안,승용,여,59세,상해없음,승용,여,25세,경상
2022092500100338,2022년 9월 25일 18시,일요일,충청남도 예산군 예산읍,경상사고,0,0,1,0,차대차 - 측면충돌,안전운전불이행,건조,맑음,교차로 - 교차로안,승용,남,24세,상해없음,승용,여,70세,경상
2022092500100379,2022년 9월 25일 19시,일요일,충청남도 아산시 배방읍,경상사고,0,0,2,0,차대차 - 추돌,안전운전불이행,건조,맑음,교차로 - 교차로부근,승용,남,32세,상해없음,승용,여,40세,경상
2022092500100380,2022년 9월 25일 19시,일요일,충청남도 아산시 배방읍,경상사고,0,0,1,0,차대차 - 측면충돌,안전운전불이행,건조,맑음,단일로 - 기타,승용,남,52세,상해없음,승용,여,30세,경상
2022092500100381,2022년 9월 25일 19시,일요일,충청남도 당진시 송악읍,경상사고,0,0,1,0,차대차 - 기타,안전운전불이행,건조,맑음,기타 - 기타,화물,남,65세,상해없음,승용,남,27세,경상
2022092500100431,2022년 9월 25일 21시,일요일,충청남도 아산시 배방읍,경상사고,0,0,2,0,차대차 - 측면충돌,신호위반,건조,맑음,교차로 - 교차로안,승용,남,42세,상해없음,승용,남,24세,경상
2022092500100432,2022년 9월 25일 21시,일요일,충청남도 예산군 예산읍,경상사고,0,0,4,0,차대차 - 추돌,안전운전불이행,건조,맑음,교차로 - 교차로부근,승용,남,57세,상해없음,승용,남,48세,경상
2022092500100433,2022년 9월 25일 21시,일요일,충청남도 천안시 동남구 신방동,경상사고,0,0,3,0,차대차 - 측면충돌,차로위반,건조,맑음,단일로 - 기타,승용,여,28세,경상,승용,남,34세,경상
2022092600100004,2022년 9월 26일 00시,월요일,충청남도 천안시 동남구 신부동,경상사고,0,0,1,0,차대차 - 측면충돌,중앙선침범,건조,맑음,교차로 - 교차로부근,이륜,남,32세,상해없음,승용,남,59세,경상
2022092600100005,2022년 9월 26일 00시,월요일,충청남도 천안시 동남구 신부동,중상사고,0,2,0,0,차대사람 - 횡단중,신호위반,건조,맑음,단일로 - 기타,이륜,남,16세,중상,보행자,남,23세,중상