사고번호,사고일시,요일,시군구,사고내용,사망자수,중상자수,경상자수,부상신고자수,사고유형,법규위반,노면상태,기상상태,도로형태,가해운전자 차종,가해운전자 성별,가해운전자 연령,가해운전자 상해정도,피해운전자 차종,피해운전자 성별,피해운전자 연령,피해운전자 상해정도
2022092600100013,2022년 9월 26일 02시,월요일,충청남도 천안시 동남구 구성동,경상사고,0,0,2,0,차대차 - 측면충돌,신호위반,건조,맑음,교차로 - 교차로안,화물,남,53세,상해없음,승용,여,23세,경상
2022092600100107,2022년 9월 26일 08시,월요일,충청남도 서산시 동문동,경상사고,0,0,1,0,차대차 - 측면충돌,교차로운행방법위반,건조,맑음,교차로 - 교차로안,승용,여,63세,상해없음,승용,여,42세,경상
2022092600100108,2022년 9월 26일 08시,월요일,충청남도 천안시 동남구 원성동,경상사고,0,0,1,0,차대차 - 추돌,안전운전불이행,건조,맑음,단일로 - 기타,화물,남,51세,상해없음,승용,여,44세,경상
2022092600100184,2022년 9월 26일 10시,월요일,충청남도 천안시 서북구 두정동,경상사고,0,0,2,0,차대차 - 기타,안전운전불이행,건조,맑음,단일로 - 기타,승용,남,42세,상해없음,화물,남,44세,경상
2022092600100185,2022년 9월 26일 10시,월요일,충청남도 아산시 온천동,사망사고,1,0,0,0,차대차 - 측면충돌,안전운전불이행,건조,맑음,교차로 - 교차로안,승용,남,72세,상해없음,이륜,남,53세,사망
2022092600100244,2022년 9월 26일 12시,월요일,충청남도 공주시 우성면,경상사고,0,0,2,0,차대차 - 기타,안전운전불이행,건조,맑음,교차로 - 교차로안,화물,남,60세,상해없음,화물,남,46세,경상
2022092600100245,2022년 9월 26일 12시,월요일,충청남도 예산군 예산읍,경상사고,0,0,1,0,차대차 - 측면충돌,중앙선침범,건조,맑음,단일로 - 기타,화물,남,59세,상해없음,승용,여,69세,경상
2022092600100275,2022년 9월 26일 13시,월요일,충청남도 천안시 서북구 불당동,경상사고,0,0,1,0,차대차 - 기타,교차로운행방법위반,건조,맑음,기타 - 기타,승용,남,28세,상해없음,승용,여,30세,경상
2022092600100276,2022년 9월 26일 13시,월요일,충청남도 아산시 음봉면,경상사고,0,0,1,0,차대차 - 기타,안전운전불이행,건조,맑음,기타 - 기타,화물,남,59세,상해없음,화물,남,45세,경상
2022092600100277,2022년 9월 26일 13시,월요일,충청남도 천안시 동남구 원성동,경상사고,0,0,1,0,차대차 - 기타,안전운전불이행,건조,맑음,단일로 - 기타,화물,남,71세,상해없음,화물,남,46세,경상
2022092600100307,2022년 9월 26일 14시,월요일,충청남도 천안시 서북구 성거읍,경상사고,0,0,5,0,차대차 - 기타,신호위반,건조,맑음,교차로 - 교차로안,승합,남,56세,상해없음,승용,여,61세,경상
2022092600100308,2022년 9월 26일 14시,월요일,충청남도 천안시 동남구 구성동,중상사고,0,1,0,0,차대사람 - 횡단중,보행자보호의무위반,건조,맑음,교차로 - 교차로횡단보도내,승용,여,41세,상해없음,보행자,남,9세,중상
2022092600100373,2022년 9월 26일 16시,월요일,충청남도 천안시 서북구 직산읍,경상사고,0,0,1,0,차대차 - 기타,안전거리미확보,건조,맑음,기타 - 기타,승합,남,69세,상해없음,화물,남,50세,경상
2022092600100374,2022년 9월 26일 16시,월요일,충청남도 금산군 금산읍,경상사고,0,0,1,0,차대차 - 측면충돌,안전운전불이행,건조,맑음,교차로 - 교차로안,승용,남,60세,상해없음,이륜,남,34세,경상
2022092600100413,2022년 9월 26일 17시,월요일,충청남도 천안시 서북구 성환읍,경상사고,0,0,1,0,차대차 - 기타,안전운전불이행,건조,흐림,기타 - 기타,승합,여,45세,상해없음,승용,여,47세,경상
2022092600100414,2022년 9월 26일 17시,월요일,충청남도 아산시 배방읍,경상사고,0,0,1,0,차대사람 - 횡단중,신호위반,건조,맑음,교차로 - 교차로안,승용,남,33세,상해없음,보행자,남,52세,경상
2022092600100415,2022년 9월 26일 17시,월요일,충청남도 공주시 의당면,중상사고,0,1,0,0,차량단독 - 전도전복 - 전도,안전운전불이행,건조,맑음,단일로 - 기타,원동기,남,59세,중상,,,,
2022092600100416,2022년 9월 26일 17시,월요일,충청남도 천안시 동남구 신방동,경상사고,0,0,1,0,차대차 - 측면충돌,안전거리미확보,건조,맑음,단일로 - 기타,승용,남,42세,상해없음,이륜,남,39세,경상
2022092600100458,2022년 9월 26일 18시,월요일,충청남도 천안시 서북구 부대동,경상사고,0,0,2,0,차대차 - 기타,안전운전불이행,건조,맑음,기타 - 기타,승용,남,44세,상해없음,화물,남,73세,경상
2022092600100502,2022년 9월 26일 19시,월요일,충청남도 아산시 권곡동,중상사고,0,1,0,0,차대차 - 측면충돌,안전운전불이행,건조,맑음,교차로 - 교차로안,승용,여,36세,상해없음,승용,여,57세,중상
2022092600100538,2022년 9월 26일 20시,월요일,충청남도 홍성군 은하면,중상사고,0,1,0,0,차대차 - 추돌,안전운전불이행,건조,맑음,단일로 - 기타,승용,남,55세,상해없음,농기계,남,69세,중상
2022092600100562,2022년 9월 26일 21시,월요일,충청남도 천안시 동남구 병천면,경상사고,0,0,1,0,차대차 - 기타,교차로운행방법위반,건조,맑음,교차로 - 교차로안,승용,남,41세,경상,승용,남,36세,상해없음
2022092600100606,2022년 9월 26일 23시,월요일,충청남도 당진시 채운동,부상신고사고,0,0,0,1,차량단독 - 공작물충돌,안전운전불이행,건조,맑음,단일로 - 기타,승용,여,41세,부상신고,,,,
2022092700100033,2022년 9월 27일 05시,화요일,충청남도 서산시 수석동,경상사고,0,0,1,0,차대사람 - 기타,안전운전불이행,건조,맑음,단일로 - 기타,승합,여,41세,경상,보행자,여,31세,상해없음
2022092700100067,2022년 9월 27일 07시,화요일,충청남도 아산시 음봉면,경상사고,0,0,1,0,차대사람 - 횡단중,안전운전불이행,건조,맑음,교차로 - 교차로부근,승용,남,61세,상해없음,보행자,여,4세,경상
2022092700100101,2022년 9월 27일 08시,화요일,충청남도 논산시 반월동,경상사고,0,0,1,0,차대차 - 추돌,안전운전불이행,건조,맑음,단일로 - 기타,승용,남,21세,상해없음,승용,여,34세,경상
2022092700100102,2022년 9월 27일 08시,화요일,충청남도 당진시 정미면,중상사고,0,1,0,0,차대차 - 기타,안전운전불이행,건조,맑음,단일로 - 기타,농기계,여,72세,상해없음,이륜,남,74세,중상
2022092700100103,2022년 9월 27일 08시,화요일,충청남도 당진시 읍내동,중상사고,0,1,0,0,차대차 - 기타,기타,건조,맑음,교차로 - 교차로안,승용,남,20세,상해없음,이륜,남,43세,중상
2022092700100104,2022년 9월 27일 08시,화요일,충청남도 태안군 태안읍,경상사고,0,0,1,0,차대사람 - 기타,안전운전불이행,건조,맑음,기타 - 기타,승용,여,33세,상해없음,보행자,여,13세,경상
2022092700100201,2022년 9월 27일 11시,화요일,충청남도 천안시 서북구 두정동,경상사고,0,0,1,0,차대차 - 측면충돌,안전운전불이행,건조,맑음,단일로 - 기타,승용,여,46세,상해없음,승용,남,39세,경상
2022092700100259,2022년 9월 27일 13시,화요일,충청남도 청양군 장평면,경상사고,0,0,1,0,차량단독 - 기타,안전운전불이행,건조,맑음,단일로 - 기타,이륜,남,72세,경상,,,,
2022092700100298,2022년 9월 27일 14시,화요일,충청남도 아산시 탕정면,경상사고,0,0,1,0,차대차 - 기타,중앙선침범,건조,맑음,교차로 - 교차로안,승용,남,20세,상해없음,이륜,남,23세,경상
2022092700100325,2022년 9월 27일 15시,화요일,충청남도 당진시 송산면,경상사고,0,0,1,0,차대차 - 기타,안전거리미확보,건조,맑음,교차로 - 교차로부근,화물,남,62세,상해없음,승용,남,37세,경상
2022092700100358,2022년 9월 27일 16시,화요일,충청남도 아산시 배방읍,경상사고,0,0,1,0,차대차 - 추돌,안전운전불이행,건조,맑음,교차로 - 교차로부근,승합,남,73세,상해없음,승용,여,52세,경상
2022092700100419,2022년 9월 27일 17시,화요일,충청남도 논산시 내동,부상신고사고,0,0,0,1,차대사람 - 횡단중,보행자보호의무위반,건조,맑음,교차로 - 교차로횡단보도내,승용,여,44세,상해없음,보행자,남,10세,부상신고
2022092700100420,2022년 9월 27일 17시,화요일,충청남도 홍성군 홍성읍,사망사고,1,1,0,0,차대차 - 정면충돌,신호위반,건조,맑음,교차로 - 교차로안,이륜,남,72세,사망,승합,남,73세,상해없음
2022092700100473,2022년 9월 27일 18시,화요일,충청남도 천안시 동남구 신부동,경상사고,0,0,3,0,차대차 - 측면충돌,교차로운행방법위반,건조,맑음,교차로 - 교차로안,승용,남,76세,경상,승용,남,33세,경상
2022092700100474,2022년 9월 27일 18시,화요일,충청남도 천안시 동남구 유량동,경상사고,0,0,1,0,차대차 - 측면충돌,안전운전불이행,건조,맑음,교차로 - 교차로안,승용,남,46세,상해없음,이륜,남,34세,경상
2022092700100528,2022년 9월 27일 19시,화요일,충청남도 서산시 음암면,사망사고,1,0,0,0,차대사람 - 차도통행중,기타,건조,맑음,단일로 - 기타,승용,남,27세,기타불명,보행자,남,84세,사망
2022092700100529,2022년 9월 27일 19시,화요일,충청남도 예산군 삽교읍,경상사고,0,0,1,0,차대차 - 추돌,안전운전불이행,건조,맑음,교차로 - 교차로부근,화물,남,60세,상해없음,승용,남,22세,경상
2022092700100573,2022년 9월 27일 20시,화요일,충청남도 서산시 석림동,경상사고,0,0,5,0,차대차 - 추돌,안전운전불이행,건조,맑음,교차로 - 교차로부근,승용,남,31세,상해없음,승용,여,38세,경상
2022092700100610,2022년 9월 27일 21시,화요일,충청남도 당진시 읍내동,경상사고,0,0,2,0,차대차 - 기타,안전운전불이행,건조,맑음,교차로 - 교차로안,승용,남,40세,상해없음,승용,남,29세,경상
2022092700100611,2022년 9월 27일 21시,화요일,충청남도 천안시 동남구 신부동,경상사고,0,0,1,0,차대사람 - 보도통행중,보행자보호의무위반,건조,흐림,교차로 - 교차로횡단보도내,승용,남,36세,상해없음,보행자,여,21세,경상
2022092700100638,2022년 9월 27일 22시,화요일,충청남도 당진시 읍내동,중상사고,0,2,0,0,차대차 - 기타,안전운전불이행,건조,맑음,교차로 - 교차로안,승용,남,48세,상해없음,개인형이동수단(PM),남,33세,중상
2022092700100653,2022년 9월 27일 23시,화요일,충청남도 아산시 배방읍,경상사고,0,0,1,0,차대차 - 정면충돌,안전운전불이행,건조,맑음,교차로 - 교차로안,승용,남,60세,상해없음,이륜,남,39세,경상
2022092800100009,2022년 9월 28일 00시,수요일,충청남도 천안시 서북구 두정동,중상사고,0,1,0,0,차대차 - 측면충돌,안전운전불이행,건조,맑음,단일로 - 기타,승용,남,29세,상해없음,이륜,남,37세,중상
2022092800100039,2022년 9월 28일 05시,수요일,충청남도 아산시 배방읍,경상사고,0,0,1,0,차대차 - 정면충돌,신호위반,건조,맑음,교차로 - 교차로안,승용,여,34세,상해없음,승용,남,62세,경상
2022092800100047,2022년 9월 28일 06시,수요일,충청남도 천안시 서북구 백석동,경상사고,0,0,1,0,차대차 - 기타,안전거리미확보,건조,맑음,단일로 - 기타,특수,남,64세,상해없음,승용,남,40세,경상
2022092800100066,2022년 9월 28일 07시,수요일,충청남도 아산시 선장면,중상사고,0,1,2,0,차대차 - 측면충돌,안전운전불이행,건조,맑음,단일로 - 기타,승용,남,75세,상해없음,승용,여,51세,경상
2022092800100148,2022년 9월 28일 09시,수요일,충청남도 청양군 청양읍,경상사고,0,0,2,0,차대차 - 측면충돌,안전운전불이행,건조,맑음,기타 - 기타,승용,남,88세,상해없음,화물,남,80세,경상
2022092800100231,2022년 9월 28일 12시,수요일,충청남도 보령시 주교면,사망사고,1,0,0,0,차대차 - 측면충돌,기타,건조,맑음,교차로 - 교차로안,이륜,남,65세,사망,화물,남,49세,상해없음
2022092800100330,2022년 9월 28일 15시,수요일,충청남도 보령시 명천동,경상사고,0,0,1,0,차대차 - 측면충돌,중앙선침범,건조,맑음,단일로 - 기타,승용,여,72세,기타불명,승용,여,40세,경상
2022092800100331,2022년 9월 28일 15시,수요일,충청남도 천안시 동남구 원성동,경상사고,0,0,1,0,차대차 - 기타,안전운전불이행,건조,맑음,교차로 - 교차로부근,승용,남,70세,상해없음,화물,남,60세,경상
2022092800100414,2022년 9월 28일 17시,수요일,충청남도 예산군 예산읍,경상사고,0,0,1,0,차대차 - 측면충돌,직진우회전진행방해,건조,맑음,교차로 - 교차로안,화물,남,55세,상해없음,승용,남,76세,경상
2022092800100503,2022년 9월 28일 19시,수요일,충청남도 보령시 명천동,중상사고,0,1,0,0,차대차 - 측면충돌,신호위반,건조,맑음,교차로 - 교차로안,승용,여,41세,상해없음,승용,여,52세,중상
2022092800100504,2022년 9월 28일 19시,수요일,충청남도 보령시 명천동,경상사고,0,0,1,0,차대사람 - 기타,안전운전불이행,건조,맑음,교차로 - 교차로부근,승용,남,57세,상해없음,보행자,남,21세,경상
2022092800100533,2022년 9월 28일 20시,수요일,충청남도 천안시 서북구 성정동,경상사고,0,0,1,0,차대사람 - 차도통행중,안전운전불이행,건조,맑음,기타 - 기타,기타불명,기타불명,미분류,기타불명,보행자,여,76세,경상
2022092800100534,2022년 9월 28일 20시,수요일,충청남도 부여군 부여읍,중상사고,0,1,0,0,차대사람 - 기타,안전운전불이행,기타,맑음,기타 - 기타,개인형이동수단(PM),여,13세,상해없음,보행자,여,67세,중상
2022092800100535,2022년 9월 28일 20시,수요일,충청남도 당진시 고대면,경상사고,0,0,1,0,차대차 - 추돌,안전운전불이행,건조,맑음,단일로 - 기타,승용,남,40세,상해없음,화물,남,49세,경상
2022092800100584,2022년 9월 28일 22시,수요일,충청남도 당진시 석문면,경상사고,0,0,1,0,차대차 - 추돌,안전운전불이행,젖음/습기,안개,교차로 - 교차로부근,화물,남,52세,상해없음,승용,여,63세,경상
2022092800100585,2022년 9월 28일 22시,수요일,충청남도 천안시 동남구 신부동,중상사고,0,1,1,0,차대차 - 기타,중앙선침범,건조,맑음,단일로 - 기타,원동기,남,32세,경상,개인형이동수단(PM),남,15세,중상
2022092900100004,2022년 9월 29일 00시,목요일,충청남도 서산시 예천동,중상사고,0,1,0,0,차대차 - 추돌,안전운전불이행,젖음/습기,안개,교차로 - 교차로부근,승용,남,56세,상해없음,승용,여,46세,중상
2022092900100027,2022년 9월 29일 04시,목요일,충청남도 태안군 소원면,사망사고,1,0,0,0,차대사람 - 차도통행중,기타,젖음/습기,안개,단일로 - 기타,승용,남,49세,상해없음,보행자,남,57세,사망
2022092900100036,2022년 9월 29일 05시,목요일,충청남도 홍성군 홍성읍,경상사고,0,0,1,0,차대차 - 측면충돌,교차로운행방법위반,건조,맑음,교차로 - 교차로안,화물,남,70세,상해없음,승용,남,23세,경상
2022092900100069,2022년 9월 29일 07시,목요일,충청남도 서산시 성연면,경상사고,0,0,1,0,차대차 - 측면충돌,안전운전불이행,젖음/습기,안개,단일로 - 기타,승용,여,39세,상해없음,승용,남,43세,경상
2022092900100070,2022년 9월 29일 07시,목요일,충청남도 아산시 배방읍,경상사고,0,0,1,0,차대차 - 기타,중앙선침범,건조,맑음,기타 - 기타,건설기계,남,62세,상해없음,승용,여,40세,경상
2022092900100071,2022년 9월 29일 07시,목요일,충청남도 아산시 배방읍,경상사고,0,0,1,0,차대차 - 추돌,안전운전불이행,건조,맑음,교차로 - 교차로부근,화물,남,61세,상해없음,승용,남,47세,경상
2022092900100144,2022년 9월 29일 09시,목요일,충청남도 천안시 서북구 두정동,경상사고,0,0,1,0,차대차 - 측면충돌,안전운전불이행,건조,맑음,교차로 - 교차로부근,승용,남,40세,상해없음,승용,남,51세,경상
2022092900100145,2022년 9월 29일 09시,목요일,충청남도 아산시 배방읍,경상사고,0,0,1,0,차대차 - 기타,안전운전불이행,건조,맑음,교차로 - 교차로안,승용,여,58세,상해없음,승용,남,42세,경상
2022092900100146,2022년 9월 29일 09시,목요일,충청남도 서천군 서면,경상사고,0,0,1,0,차량단독 - 기타,안전운전불이행,건조,맑음,단일로 - 기타,이륜,남,76세,경상,,,,
2022092900100178,2022년 9월 29일 10시,목요일,충청남도 홍성군 홍성읍,경상사고,0,0,3,0,차대차 - 추돌,안전운전불이행,건조,맑음,교차로 - 교차로부근,승용,남,78세,상해없음,승용,남,34세,경상
2022092900100179,2022년 9월 29일 10시,목요일,충청남도 아산시 탕정면,경상사고,0,0,3,0,차대차 - 정면충돌,중앙선침범,건조,맑음,교차로 - 교차로안,승용,남,48세,상해없음,승합,남,46세,경상
2022092900100180,2022년 9월 29일 10시,목요일,충청남도 부여군 구룡면,중상사고,0,1,1,0,차대차 - 측면충돌,직진우회전진행방해,건조,맑음,교차로 - 교차로안,화물,남,78세,경상,승용,여,66세,중상
2022092900100211,2022년 9월 29일 11시,목요일,충청남도 아산시 초사동,경상사고,0,0,1,0,차대차 - 추돌,안전운전불이행,건조,맑음,단일로 - 기타,건설기계,남,34세,상해없음,승용,남,48세,경상
2022092900100212,2022년 9월 29일 11시,목요일,충청남도 서천군 마서면,중상사고,0,1,1,0,차대차 - 측면충돌,직진우회전진행방해,건조,맑음,교차로 - 교차로안,승용,여,70세,중상,화물,남,74세,경상
2022092900100241,2022년 9월 29일 12시,목요일,충청남도 서천군 서천읍,중상사고,0,1,0,0,차량단독 - 기타,안전운전불이행,건조,맑음,기타 - 기타,화물,남,70세,중상,,,,
2022092900100242,2022년 9월 29일 12시,목요일,충청남도 서천군 문산면,중상사고,0,1,0,0,차량단독 - 도로외이탈 - 추락,안전운전불이행,건조,맑음,교차로 - 교차로부근,승용,여,61세,중상,,,,
2022092900100243,2022년 9월 29일 12시,목요일,충청남도 천안시 동남구 풍세면,사망사고,2,1,1,0,차대차 - 추돌,안전운전불이행,건조,맑음,단일로 - 교량,화물,남,63세,사망,승용,여,42세,사망
2022092900100273,2022년 9월 29일 13시,목요일,충청남도 예산군 예산읍,사망사고,1,0,0,0,차대차 - 측면충돌,직진우회전진행방해,건조,맑음,교차로 - 교차로안,화물,남,81세,상해없음,이륜,여,74세,사망
2022092900100311,2022년 9월 29일 14시,목요일,충청남도 천안시 서북구 쌍용동,중상사고,0,1,0,0,차대차 - 측면충돌,안전운전불이행,건조,맑음,교차로 - 교차로부근,원동기,여,17세,중상,승용,여,54세,상해없음
2022092900100312,2022년 9월 29일 14시,목요일,충청남도 홍성군 홍성읍,사망사고,1,0,0,0,차대차 - 측면충돌,중앙선침범,건조,맑음,단일로 - 기타,사륜오토바이(ATV),남,79세,사망,승용,남,34세,상해없음
2022092900100313,2022년 9월 29일 14시,목요일,충청남도 아산시 좌부동,경상사고,0,0,1,0,차대차 - 측면충돌,교차로운행방법위반,건조,맑음,교차로 - 교차로부근,승용,여,49세,상해없음,승용,여,43세,경상
2022092900100359,2022년 9월 29일 15시,목요일,충청남도 아산시 인주면,경상사고,0,0,1,0,차대차 - 기타,안전거리미확보,건조,맑음,단일로 - 기타,승용,남,70세,상해없음,화물,남,52세,경상
2022092900100405,2022년 9월 29일 16시,목요일,충청남도 보령시 오천면,중상사고,0,1,1,0,차대차 - 측면충돌,직진우회전진행방해,건조,맑음,교차로 - 교차로안,승용,남,67세,상해없음,승합,남,56세,경상
2022092900100406,2022년 9월 29일 16시,목요일,충청남도 부여군 규암면,중상사고,0,1,2,0,차대차 - 추돌,안전운전불이행,건조,맑음,단일로 - 기타,화물,남,78세,경상,화물,남,72세,중상
2022092900100499,2022년 9월 29일 18시,목요일,충청남도 아산시 신창면,경상사고,0,0,1,0,차대차 - 추돌,안전운전불이행,건조,맑음,단일로 - 기타,승용,여,31세,상해없음,승용,남,29세,경상
2022092900100561,2022년 9월 29일 20시,목요일,충청남도 천안시 서북구 불당동,경상사고,0,0,2,0,차대차 - 기타,안전운전불이행,건조,맑음,단일로 - 기타,승용,남,60세,상해없음,승용,남,46세,경상
2022092900100562,2022년 9월 29일 20시,목요일,충청남도 아산시 모종동,경상사고,0,0,2,0,차대차 - 측면충돌,신호위반,건조,흐림,교차로 - 교차로안,승용,남,56세,상해없음,승용,여,67세,경상
2022092900100590,2022년 9월 29일 21시,목요일,충청남도 천안시 동남구 풍세면,중상사고,0,1,2,0,차대차 - 추돌,안전운전불이행,건조,맑음,단일로 - 기타,승용,여,34세,상해없음,승용,남,59세,상해없음
2022092900100606,2022년 9월 29일 22시,목요일,충청남도 천안시 서북구 두정동,사망사고,1,0,0,0,차대차 - 기타,신호위반,건조,맑음,교차로 - 교차로부근,이륜,남,46세,사망,승용,여,34세,상해없음
2022092900100607,2022년 9월 29일 22시,목요일,충청남도 천안시 서북구 입장면,사망사고,1,0,0,0,차대사람 - 기타,안전운전불이행,건조,맑음,단일로 - 기타,승합,남,57세,상해없음,보행자,남,44세,사망
2022093000100009,2022년 9월 30일 00시,금요일,충청남도 서산시 성연면,경상사고,0,0,1,0,차대차 - 추돌,안전운전불이행,건조,맑음,단일로 - 기타,승용,남,42세,상해없음,승용,남,42세,경상
2022093000100035,2022년 9월 30일 02시,금요일,충청남도 천안시 서북구 성정동,경상사고,0,0,2,0,차대차 - 기타,신호위반,건조,맑음,교차로 - 교차로안,승용,남,27세,경상,승용,남,25세,경상
2022093000100058,2022년 9월 30일 05시,금요일,충청남도 천안시 서북구 쌍용동,중상사고,0,1,0,0,차대차 - 추돌,안전운전불이행,건조,맑음,단일로 - 기타,승용,남,42세,상해없음,이륜,남,70세,중상
2022093000100068,2022년 9월 30일 06시,금요일,충청남도 천안시 서북구 불당동,중상사고,0,1,2,1,차대차 - 측면충돌,기타,건조,맑음,교차로 - 교차로안,승용,남,45세,부상신고,승용,남,39세,경상
2022093000100119,2022년 9월 30일 08시,금요일,충청남도 천안시 서북구 쌍용동,경상사고,0,0,2,0,차대차 - 추돌,안전운전불이행,건조,맑음,단일로 - 기타,승용,여,26세,상해없음,승용,남,69세,경상
2022093000100120,2022년 9월 30일 08시,금요일,충청남도 아산시 풍기동,경상사고,0,0,1,0,차대차 - 기타,안전거리미확보,건조,맑음,단일로 - 고가도로위,승용,여,25세,상해없음,승용,여,46세,경상
2022093000100151,2022년 9월 30일 09시,금요일,충청남도 서산시 예천동,경상사고,0,0,1,0,차대차 - 기타,차로위반,건조,흐림,단일로 - 기타,화물,남,83세,상해없음,승용,남,34세,경상
2022093000100243,2022년 9월 30일 12시,금요일,충청남도 보령시 대천동,중상사고,0,1,0,0,차대차 - 측면충돌,중앙선침범,건조,맑음,단일로 - 기타,자전거,남,77세,상해없음,이륜,남,20세,중상
2022093000100288,2022년 9월 30일 13시,금요일,충청남도 공주시 계룡면,중상사고,0,1,0,0,차대차 - 후진중충돌,안전운전불이행,건조,맑음,교차로 - 교차로안,화물,남,55세,기타불명,이륜,남,80세,중상
2022093000100289,2022년 9월 30일 13시,금요일,충청남도 천안시 동남구 다가동,경상사고,0,0,1,0,차대차 - 정면충돌,안전운전불이행,건조,맑음,교차로 - 교차로안,이륜,남,73세,상해없음,승용,여,46세,경상
2022093000100318,2022년 9월 30일 14시,금요일,충청남도 아산시 둔포면,중상사고,0,1,0,0,차대차 - 기타,안전운전불이행,건조,맑음,단일로 - 기타,승용,여,57세,기타불명,승용,여,35세,중상
2022093000100319,2022년 9월 30일 14시,금요일,충청남도 예산군 고덕면,중상사고,0,1,0,0,차대차 - 측면충돌,신호위반,건조,맑음,교차로 - 교차로안,이륜,남,73세,중상,화물,남,51세,상해없음
2022093000100320,2022년 9월 30일 14시,금요일,충청남도 천안시 동남구 목천읍,경상사고,0,0,1,0,차대차 - 추돌,안전운전불이행,건조,맑음,교차로 - 교차로안,화물,남,51세,상해없음,승용,여,56세,경상
2022093000100350,2022년 9월 30일 15시,금요일,충청남도 논산시 연무읍,중상사고,0,1,0,0,차대차 - 정면충돌,중앙선침범,건조,맑음,단일로 - 기타,화물,남,22세,상해없음,승용,여,63세,중상
2022093000100351,2022년 9월 30일 15시,금요일,충청남도 예산군 신암면,경상사고,0,0,1,0,차량단독 - 전도전복 - 전도,안전운전불이행,건조,맑음,단일로 - 교량,자전거,남,85세,경상,,,,
2022093000100397,2022년 9월 30일 16시,금요일,충청남도 보령시 남포면,중상사고,0,1,0,0,차대차 - 측면충돌,안전운전불이행,건조,맑음,단일로 - 기타,사륜오토바이(ATV),남,85세,중상,승용,남,70세,상해없음
2022093000100398,2022년 9월 30일 16시,금요일,충청남도 금산군 금성면,경상사고,0,0,1,0,차대차 - 측면충돌,교차로운행방법위반,건조,맑음,교차로 - 교차로안,승용,여,71세,상해없음,승용,여,71세,경상
2022093000100399,2022년 9월 30일 16시,금요일,충청남도 천안시 동남구 청당동,경상사고,0,0,1,0,차대사람 - 횡단중,보행자보호의무위반,건조,맑음,단일로 - 기타,화물,남,23세,상해없음,보행자,여,19세,경상
2022093000100455,2022년 9월 30일 17시,금요일,충청남도 천안시 서북구 성환읍,경상사고,0,0,1,0,차대차 - 기타,안전운전불이행,건조,맑음,기타 - 기타,화물,남,47세,상해없음,승용,남,48세,경상
2022093000100456,2022년 9월 30일 17시,금요일,충청남도 천안시 동남구 신부동,경상사고,0,0,1,0,차대차 - 측면충돌,교차로운행방법위반,건조,맑음,교차로 - 교차로안,승용,남,54세,상해없음,승용,여,77세,경상
2022093000100457,2022년 9월 30일 17시,금요일,충청남도 태안군 태안읍,경상사고,0,0,2,0,차대차 - 추돌,안전운전불이행,건조,맑음,교차로 - 교차로부근,승용,남,49세,상해없음,승용,여,21세,경상
2022093000100529,2022년 9월 30일 18시,금요일,충청남도 아산시 온천동,경상사고,0,0,1,0,차대사람 - 기타,안전운전불이행,건조,맑음,교차로 - 교차로안,화물,남,75세,상해없음,보행자,남,60세,경상
2022093000100578,2022년 9월 30일 19시,금요일,충청남도 아산시 배방읍,경상사고,0,0,1,0,차대차 - 기타,안전운전불이행,건조,맑음,단일로 - 기타,승용,남,55세,상해없음,자전거,남,82세,경상
2022093000100619,2022년 9월 30일 20시,금요일,충청남도 논산시 취암동,경상사고,0,0,1,0,차대차 - 측면충돌,직진우회전진행방해,건조,맑음,교차로 - 교차로안,이륜,남,15세,경상,승용,남,44세,상해없음
2022100100100038,2022년 10월 1일 02시,토요일,충청남도 공주시 신관동,경상사고,0,0,1,0,차대사람 - 기타,안전운전불이행,건조,맑음,단일로 - 기타,이륜,남,26세,기타불명,보행자,여,21세,경상
2022100100100053,2022년 10월 1일 03시,토요일,충청남도 공주시 우성면,중상사고,0,1,0,0,차량단독 - 공작물충돌,안전운전불이행,건조,맑음,단일로 - 기타,승용,남,22세,중상,,,,
2022100100100130,2022년 10월 1일 08시,토요일,충청남도 홍성군 금마면,경상사고,0,0,1,0,차대차 - 추돌,안전운전불이행,기타,안개,교차로 - 교차로부근,승용,남,23세,상해없음,승용,여,49세,경상
2022100100100131,2022년 10월 1일 08시,토요일,충청남도 서천군 장항읍,중상사고,0,1,3,0,차대차 - 측면충돌,신호위반,건조,맑음,교차로 - 교차로안,승용,남,65세,중상,승용,남,55세,경상
2022100100100153,2022년 10월 1일 09시,토요일,충청남도 아산시 방축동,중상사고,0,2,1,0,차대차 - 정면충돌,신호위반,건조,맑음,교차로 - 교차로안,승용,남,64세,상해없음,화물,남,65세,경상
2022100100100186,2022년 10월 1일 10시,토요일,충청남도 아산시 배방읍,중상사고,0,1,1,0,차대차 - 정면충돌,신호위반,건조,맑음,교차로 - 교차로안,승용,여,28세,상해없음,승용,남,48세,경상
2022100100100187,2022년 10월 1일 10시,토요일,충청남도 보령시 웅천읍,경상사고,0,0,2,0,차대차 - 기타,직진우회전진행방해,건조,맑음,교차로 - 교차로안,승용,여,50세,상해없음,승용,여,42세,경상
2022100100100220,2022년 10월 1일 11시,토요일,충청남도 금산군 금산읍,중상사고,0,1,0,0,차대사람 - 횡단중,안전운전불이행,건조,맑음,교차로 - 교차로안,승용,남,74세,상해없음,보행자,여,75세,중상