사고번호,사고일시,요일,시군구,사고내용,사망자수,중상자수,경상자수,부상신고자수,사고유형,법규위반,노면상태,기상상태,도로형태,가해운전자 차종,가해운전자 성별,가해운전자 연령,가해운전자 상해정도,피해운전자 차종,피해운전자 성별,피해운전자 연령,피해운전자 상해정도
2022100100100259,2022년 10월 1일 12시,토요일,충청남도 천안시 서북구 쌍용동,사망사고,1,0,0,0,차대차 - 측면충돌,교차로운행방법위반,건조,맑음,교차로 - 교차로안,승용,남,78세,상해없음,사륜오토바이(ATV),남,25세,사망
2022100100100301,2022년 10월 1일 13시,토요일,충청남도 논산시 연산면,경상사고,0,0,4,0,차대차 - 측면충돌,신호위반,건조,맑음,교차로 - 교차로안,이륜,남,40세,경상,화물,남,65세,경상
2022100100100302,2022년 10월 1일 13시,토요일,충청남도 공주시 신관동,경상사고,0,0,1,0,차대차 - 기타,교차로운행방법위반,건조,맑음,교차로 - 교차로안,승용,여,67세,상해없음,승용,남,70세,상해없음
2022100100100374,2022년 10월 1일 15시,토요일,충청남도 천안시 동남구 신부동,경상사고,0,0,1,0,차대차 - 후진중충돌,불법유턴,건조,맑음,교차로 - 교차로부근,승용,남,22세,상해없음,승용,남,28세,경상
2022100100100375,2022년 10월 1일 15시,토요일,충청남도 천안시 서북구 성거읍,경상사고,0,0,2,0,차대차 - 측면충돌,안전운전불이행,건조,맑음,단일로 - 기타,화물,남,64세,상해없음,승용,남,54세,경상
2022100100100411,2022년 10월 1일 16시,토요일,충청남도 보령시 오천면,중상사고,0,2,1,0,차대차 - 기타,중앙선침범,건조,맑음,단일로 - 기타,승용,남,30세,경상,승용,남,41세,중상
2022100100100412,2022년 10월 1일 16시,토요일,충청남도 공주시 의당면,경상사고,0,0,6,0,차대차 - 측면충돌,중앙선침범,건조,맑음,단일로 - 기타,화물,남,65세,상해없음,승용,남,44세,경상
2022100100100413,2022년 10월 1일 16시,토요일,충청남도 공주시 금성동,경상사고,0,0,1,0,차대차 - 측면충돌,안전운전불이행,건조,맑음,교차로 - 교차로횡단보도내,승용,남,62세,상해없음,자전거,여,31세,경상
2022100100100488,2022년 10월 1일 18시,토요일,충청남도 서산시 해미면,경상사고,0,0,1,0,차량단독 - 기타,안전운전불이행,건조,맑음,단일로 - 기타,승용,남,76세,경상,,,,
2022100100100489,2022년 10월 1일 18시,토요일,충청남도 천안시 서북구 쌍용동,경상사고,0,0,3,0,차대차 - 추돌,안전운전불이행,건조,맑음,교차로 - 교차로부근,이륜,남,39세,기타불명,승용,여,47세,경상
2022100100100490,2022년 10월 1일 18시,토요일,충청남도 천안시 서북구 성환읍,경상사고,0,0,1,0,차대차 - 측면충돌,교차로운행방법위반,건조,맑음,교차로 - 교차로안,승용,남,51세,상해없음,승용,남,31세,경상
2022100100100491,2022년 10월 1일 18시,토요일,충청남도 예산군 예산읍,중상사고,0,1,0,0,차대사람 - 횡단중,보행자보호의무위반,건조,맑음,교차로 - 교차로안,승용,남,36세,상해없음,보행자,남,10세,중상
2022100100100492,2022년 10월 1일 18시,토요일,충청남도 부여군 부여읍,경상사고,0,0,1,0,차량단독 - 기타,안전운전불이행,건조,맑음,단일로 - 교량,이륜,남,61세,경상,,,,
2022100100100493,2022년 10월 1일 18시,토요일,충청남도 천안시 동남구 원성동,경상사고,0,0,1,0,차대차 - 측면충돌,안전운전불이행,건조,맑음,단일로 - 기타,승용,여,48세,상해없음,승용,여,36세,경상
2022100100100583,2022년 10월 1일 20시,토요일,충청남도 서산시 대산읍,경상사고,0,0,1,0,차대사람 - 기타,기타,건조,맑음,기타 - 기타,화물,남,60세,상해없음,보행자,남,69세,경상
2022100100100584,2022년 10월 1일 20시,토요일,충청남도 보령시 궁촌동,중상사고,0,2,3,0,차대차 - 기타,기타,건조,맑음,교차로 - 교차로안,승용,남,19세,경상,승용,남,58세,상해없음
2022100100100662,2022년 10월 1일 23시,토요일,충청남도 당진시 신평면,경상사고,0,0,3,0,차대차 - 정면충돌,교차로운행방법위반,건조,맑음,교차로 - 교차로안,이륜,남,39세,상해없음,승용,남,37세,경상
2022100100100663,2022년 10월 1일 23시,토요일,충청남도 태안군 태안읍,경상사고,0,0,3,0,차대차 - 추돌,안전운전불이행,건조,맑음,단일로 - 기타,승용,남,78세,상해없음,승용,남,40세,경상
2022100200100022,2022년 10월 2일 01시,일요일,충청남도 천안시 동남구 봉명동,경상사고,0,0,1,0,차대차 - 추돌,안전운전불이행,건조,맑음,단일로 - 기타,승용,남,26세,상해없음,승용,남,65세,경상
2022100200100053,2022년 10월 2일 05시,일요일,충청남도 홍성군 갈산면,경상사고,0,0,2,0,차대차 - 기타,안전운전불이행,건조,맑음,기타 - 기타,승용,남,26세,상해없음,승용,남,23세,경상
2022100200100073,2022년 10월 2일 08시,일요일,충청남도 당진시 읍내동,경상사고,0,0,1,0,차대차 - 측면충돌,안전운전불이행,건조,맑음,교차로 - 교차로안,승용,여,55세,상해없음,승용,남,30세,경상
2022100200100098,2022년 10월 2일 10시,일요일,충청남도 금산군 금산읍,중상사고,0,1,0,0,차대사람 - 기타,안전운전불이행,건조,맑음,단일로 - 기타,화물,남,63세,상해없음,보행자,남,81세,중상
2022100200100116,2022년 10월 2일 11시,일요일,충청남도 천안시 서북구 두정동,경상사고,0,0,1,0,차대차 - 측면충돌,신호위반,건조,맑음,교차로 - 교차로안,승용,남,51세,상해없음,승용,여,27세,경상
2022100200100117,2022년 10월 2일 11시,일요일,충청남도 천안시 동남구 병천면,사망사고,1,0,0,0,차대사람 - 횡단중,안전운전불이행,건조,맑음,기타 - 기타,화물,남,60세,상해없음,보행자,여,76세,사망
2022100200100118,2022년 10월 2일 11시,일요일,충청남도 서산시 운산면,경상사고,0,0,3,0,차대차 - 추돌,안전운전불이행,건조,맑음,단일로 - 기타,화물,남,23세,상해없음,승용,남,32세,경상
2022100200100145,2022년 10월 2일 12시,일요일,충청남도 공주시 신관동,경상사고,0,0,2,0,차대차 - 측면충돌,신호위반,건조,맑음,교차로 - 교차로안,승용,남,27세,상해없음,승용,여,31세,경상
2022100200100146,2022년 10월 2일 12시,일요일,충청남도 청양군 대치면,경상사고,0,0,1,0,차량단독 - 공작물충돌,안전운전불이행,건조,맑음,교차로 - 교차로안,승용,여,59세,경상,,,,
2022100200100195,2022년 10월 2일 14시,일요일,충청남도 보령시 동대동,경상사고,0,0,2,0,차대차 - 측면충돌,안전운전불이행,건조,맑음,교차로 - 교차로안,승용,여,54세,상해없음,승용,여,46세,경상
2022100200100196,2022년 10월 2일 14시,일요일,충청남도 태안군 안면읍,중상사고,0,2,2,0,차대차 - 기타,안전운전불이행,건조,맑음,교차로 - 교차로안,승용,남,32세,상해없음,승용,남,26세,중상
2022100200100255,2022년 10월 2일 16시,일요일,충청남도 태안군 태안읍,경상사고,0,0,1,0,차대차 - 기타,안전운전불이행,젖음/습기,맑음,교차로 - 교차로안,승합,남,46세,상해없음,승용,남,55세,경상
2022100200100286,2022년 10월 2일 17시,일요일,충청남도 천안시 서북구 성거읍,경상사고,0,0,1,0,차대차 - 측면충돌,안전운전불이행,건조,맑음,단일로 - 기타,승용,남,24세,상해없음,승용,남,43세,경상
2022100200100322,2022년 10월 2일 18시,일요일,충청남도 부여군 석성면,중상사고,0,1,0,0,차대사람 - 기타,안전운전불이행,건조,맑음,단일로 - 기타,승용,남,63세,상해없음,보행자,여,74세,중상
2022100200100346,2022년 10월 2일 19시,일요일,충청남도 천안시 서북구 성정동,중상사고,0,1,0,0,차대차 - 기타,안전운전불이행,젖음/습기,흐림,단일로 - 기타,승용,남,41세,상해없음,개인형이동수단(PM),여,54세,중상
2022100200100347,2022년 10월 2일 19시,일요일,충청남도 홍성군 홍북읍,경상사고,0,0,3,0,차대차 - 측면충돌,신호위반,젖음/습기,비,교차로 - 교차로안,승용,남,71세,상해없음,승용,남,63세,경상
2022100200100348,2022년 10월 2일 19시,일요일,충청남도 아산시 온천동,중상사고,0,1,0,0,차대차 - 기타,중앙선침범,젖음/습기,비,교차로 - 교차로안,승용,남,54세,상해없음,이륜,남,35세,중상
2022100200100349,2022년 10월 2일 19시,일요일,충청남도 공주시 우성면,경상사고,0,0,6,0,차대차 - 기타,안전운전불이행,젖음/습기,비,교차로 - 교차로안,승용,남,59세,상해없음,승용,남,22세,경상
2022100200100350,2022년 10월 2일 19시,일요일,충청남도 태안군 태안읍,중상사고,0,3,0,0,차대차 - 정면충돌,중앙선침범,젖음/습기,비,단일로 - 기타,승용,남,62세,상해없음,승용,남,36세,중상
2022100200100422,2022년 10월 2일 21시,일요일,충청남도 공주시 유구읍,경상사고,0,0,6,0,차대차 - 측면충돌,안전운전불이행,건조,기타,단일로 - 기타,승용,남,55세,경상,승용,남,28세,경상
2022100300100010,2022년 10월 3일 00시,월요일,충청남도 천안시 서북구 두정동,경상사고,0,0,1,0,차대사람 - 차도통행중,안전운전불이행,젖음/습기,비,단일로 - 기타,승용,남,31세,상해없음,보행자,남,39세,경상
2022100300100056,2022년 10월 3일 05시,월요일,충청남도 아산시 음봉면,경상사고,0,0,3,0,차대차 - 기타,안전운전불이행,젖음/습기,흐림,단일로 - 기타,화물,남,63세,상해없음,승용,남,32세,경상
2022100300100066,2022년 10월 3일 06시,월요일,충청남도 공주시 정안면,중상사고,0,1,0,0,차대사람 - 차도통행중,안전운전불이행,젖음/습기,맑음,교차로 - 교차로부근,화물,남,65세,상해없음,보행자,여,90세,중상
2022100300100070,2022년 10월 3일 07시,월요일,충청남도 태안군 근흥면,경상사고,0,0,3,0,차대차 - 기타,직진우회전진행방해,젖음/습기,비,교차로 - 교차로안,승용,남,77세,경상,승용,여,44세,경상
2022100300100094,2022년 10월 3일 09시,월요일,충청남도 천안시 서북구 쌍용동,경상사고,0,0,1,0,차대차 - 측면충돌,안전운전불이행,건조,맑음,교차로 - 교차로안,승용,여,50세,상해없음,승용,남,30세,경상
2022100300100116,2022년 10월 3일 10시,월요일,충청남도 천안시 서북구 백석동,경상사고,0,0,4,0,차대차 - 추돌,안전운전불이행,건조,맑음,단일로 - 기타,화물,남,56세,상해없음,승용,남,45세,경상
2022100300100117,2022년 10월 3일 10시,월요일,충청남도 천안시 서북구 백석동,경상사고,0,0,2,0,차대차 - 정면충돌,중앙선침범,건조,맑음,단일로 - 기타,승용,남,29세,상해없음,승용,남,31세,경상
2022100300100118,2022년 10월 3일 10시,월요일,충청남도 공주시 석장리동,경상사고,0,0,2,0,차대차 - 기타,안전거리미확보,건조,맑음,단일로 - 기타,승용,여,44세,상해없음,승용,남,62세,경상
2022100300100197,2022년 10월 3일 13시,월요일,충청남도 아산시 배방읍,경상사고,0,0,1,0,차대사람 - 횡단중,보행자보호의무위반,건조,맑음,교차로 - 교차로횡단보도내,승용,남,58세,상해없음,보행자,여,45세,경상
2022100300100198,2022년 10월 3일 13시,월요일,충청남도 공주시 탄천면,경상사고,0,0,1,0,차대사람 - 기타,안전운전불이행,건조,맑음,기타 - 기타,승용,남,62세,상해없음,보행자,남,61세,경상
2022100300100231,2022년 10월 3일 14시,월요일,충청남도 보령시 신흑동,경상사고,0,0,5,0,차대차 - 추돌,안전운전불이행,건조,맑음,단일로 - 기타,승용,여,40세,상해없음,승용,남,38세,경상
2022100300100259,2022년 10월 3일 15시,월요일,충청남도 천안시 동남구 다가동,경상사고,0,0,1,0,차대차 - 측면충돌,차로위반,건조,맑음,교차로 - 교차로안,이륜,남,29세,상해없음,승용,여,47세,경상
2022100300100283,2022년 10월 3일 16시,월요일,충청남도 아산시 기산동,경상사고,0,0,1,0,차대차 - 측면충돌,안전운전불이행,건조,흐림,교차로 - 교차로안,승용,남,57세,상해없음,승용,남,46세,경상
2022100300100414,2022년 10월 3일 20시,월요일,충청남도 공주시 옥룡동,경상사고,0,0,3,0,차대차 - 측면충돌,신호위반,젖음/습기,비,교차로 - 교차로안,승용,남,28세,기타불명,승용,남,58세,경상
2022100300100463,2022년 10월 3일 22시,월요일,충청남도 부여군 규암면,중상사고,0,1,0,0,차대차 - 측면충돌,신호위반,건조,맑음,단일로 - 기타,이륜,남,32세,중상,화물,남,33세,상해없음
2022100400100029,2022년 10월 4일 04시,화요일,충청남도 아산시 온천동,중상사고,0,1,0,0,차대차 - 측면충돌,기타,젖음/습기,비,교차로 - 교차로안,승용,남,39세,상해없음,승용,남,86세,중상
2022100400100157,2022년 10월 4일 10시,화요일,충청남도 공주시 반포면,경상사고,0,0,1,0,차대차 - 기타,신호위반,건조,맑음,교차로 - 교차로부근,승용,여,44세,상해없음,승용,남,50세,경상
2022100400100190,2022년 10월 4일 11시,화요일,충청남도 서산시 동문동,중상사고,0,1,2,0,차대차 - 측면충돌,직진우회전진행방해,건조,맑음,교차로 - 교차로안,화물,남,63세,경상,승용,여,42세,경상
2022100400100191,2022년 10월 4일 11시,화요일,충청남도 서산시 갈산동,경상사고,0,0,1,0,차대차 - 측면충돌,안전운전불이행,건조,맑음,교차로 - 교차로안,승용,여,63세,상해없음,이륜,여,68세,경상
2022100400100237,2022년 10월 4일 12시,화요일,충청남도 천안시 동남구 사직동,경상사고,0,0,1,0,차대사람 - 기타,안전운전불이행,건조,맑음,단일로 - 기타,승용,남,75세,기타불명,보행자,남,79세,경상
2022100400100256,2022년 10월 4일 13시,화요일,충청남도 홍성군 구항면,중상사고,0,1,0,0,차량단독 - 도로외이탈 - 추락,안전운전불이행,건조,맑음,단일로 - 기타,승합,여,52세,상해없음,,,,
2022100400100257,2022년 10월 4일 13시,화요일,충청남도 서천군 서천읍,경상사고,0,0,1,0,차대사람 - 횡단중,안전운전불이행,건조,맑음,교차로 - 교차로안,승용,남,74세,상해없음,보행자,남,85세,경상
2022100400100287,2022년 10월 4일 14시,화요일,충청남도 아산시 권곡동,경상사고,0,0,1,0,차대차 - 기타,안전운전불이행,건조,맑음,교차로 - 교차로안,건설기계,남,33세,기타불명,승용,남,51세,경상
2022100400100333,2022년 10월 4일 15시,화요일,충청남도 아산시 온천동,경상사고,0,0,1,0,차대차 - 측면충돌,안전운전불이행,건조,맑음,교차로 - 교차로부근,승용,여,52세,상해없음,승용,남,30세,경상
2022100400100334,2022년 10월 4일 15시,화요일,충청남도 아산시 남동,경상사고,0,0,1,0,차량단독 - 기타,안전운전불이행,건조,맑음,기타 - 기타,승합,남,54세,상해없음,,,,
2022100400100335,2022년 10월 4일 15시,화요일,충청남도 서천군 마서면,경상사고,0,0,2,0,차대차 - 추돌,안전운전불이행,건조,맑음,교차로 - 교차로부근,화물,남,63세,상해없음,승용,남,54세,경상
2022100400100368,2022년 10월 4일 16시,화요일,충청남도 공주시 석장리동,경상사고,0,0,1,0,차대차 - 기타,신호위반,건조,맑음,단일로 - 기타,화물,남,54세,상해없음,승용,여,54세,경상
2022100400100369,2022년 10월 4일 16시,화요일,충청남도 천안시 동남구 영성동,중상사고,0,1,0,0,차대차 - 측면충돌,안전운전불이행,건조,맑음,교차로 - 교차로안,자전거,여,49세,상해없음,승용,여,54세,중상
2022100400100438,2022년 10월 4일 18시,화요일,충청남도 아산시 모종동,경상사고,0,0,1,0,차대차 - 측면충돌,신호위반,건조,맑음,교차로 - 교차로안,승용,남,21세,상해없음,승용,남,40세,경상
2022100400100470,2022년 10월 4일 19시,화요일,충청남도 천안시 동남구 봉명동,경상사고,0,0,3,0,차대차 - 기타,안전운전불이행,건조,맑음,단일로 - 기타,승용,여,27세,상해없음,승용,여,48세,경상
2022100400100530,2022년 10월 4일 21시,화요일,충청남도 천안시 서북구 쌍용동,중상사고,0,1,1,0,차대차 - 기타,신호위반,건조,맑음,교차로 - 교차로안,이륜,남,38세,중상,승용,남,40세,경상
2022100400100550,2022년 10월 4일 22시,화요일,충청남도 당진시 읍내동,경상사고,0,0,1,0,차대차 - 측면충돌,신호위반,건조,맑음,교차로 - 교차로안,승용,남,30세,상해없음,이륜,남,22세,경상
2022100400100565,2022년 10월 4일 23시,화요일,충청남도 천안시 동남구 신방동,경상사고,0,0,4,0,차대차 - 추돌,안전운전불이행,건조,맑음,단일로 - 기타,승용,남,33세,상해없음,승용,남,25세,경상
2022100500100100,2022년 10월 5일 08시,수요일,충청남도 천안시 서북구 성성동,중상사고,0,1,0,0,차대사람 - 횡단중,보행자보호의무위반,건조,맑음,교차로 - 교차로횡단보도내,화물,남,60세,상해없음,보행자,여,73세,중상
2022100500100101,2022년 10월 5일 08시,수요일,충청남도 천안시 서북구 쌍용동,경상사고,0,0,1,0,차대사람 - 길가장자리구역통행중,안전운전불이행,건조,맑음,단일로 - 기타,승용,남,54세,상해없음,보행자,남,39세,경상
2022100500100222,2022년 10월 5일 12시,수요일,충청남도 서산시 예천동,경상사고,0,0,1,0,차대차 - 측면충돌,교차로운행방법위반,건조,맑음,교차로 - 교차로안,화물,남,61세,상해없음,화물,남,42세,경상
2022100500100223,2022년 10월 5일 12시,수요일,충청남도 천안시 동남구 신부동,경상사고,0,0,1,0,차대차 - 후진중충돌,안전운전불이행,건조,맑음,단일로 - 기타,승용,남,67세,상해없음,승용,여,42세,경상
2022100500100252,2022년 10월 5일 13시,수요일,충청남도 당진시 신평면,중상사고,0,2,0,0,차대차 - 정면충돌,중앙선침범,건조,맑음,단일로 - 기타,승용,여,75세,중상,화물,남,45세,중상
2022100500100287,2022년 10월 5일 14시,수요일,충청남도 천안시 동남구 봉명동,경상사고,0,0,1,4,차대차 - 측면충돌,안전운전불이행,건조,맑음,교차로 - 교차로부근,화물,남,52세,상해없음,승용,남,22세,부상신고
2022100500100288,2022년 10월 5일 14시,수요일,충청남도 홍성군 홍북읍,경상사고,0,0,1,0,차대차 - 후진중충돌,안전운전불이행,건조,맑음,단일로 - 기타,승용,남,51세,상해없음,승용,여,38세,상해없음
2022100500100289,2022년 10월 5일 14시,수요일,충청남도 공주시 옥룡동,중상사고,0,1,0,0,차대차 - 측면충돌,안전운전불이행,건조,맑음,단일로 - 기타,화물,남,60세,상해없음,이륜,남,39세,중상
2022100500100290,2022년 10월 5일 14시,수요일,충청남도 당진시 송악읍,경상사고,0,0,1,0,차대차 - 측면충돌,안전운전불이행,건조,맑음,단일로 - 기타,승용,남,62세,상해없음,승용,여,39세,경상
2022100500100369,2022년 10월 5일 16시,수요일,충청남도 천안시 동남구 안서동,중상사고,0,1,0,0,차량단독 - 도로외이탈 - 추락,안전운전불이행,건조,맑음,단일로 - 기타,승용,남,77세,중상,,,,
2022100500100451,2022년 10월 5일 18시,수요일,충청남도 태안군 남면,경상사고,0,0,1,1,차대차 - 추돌,안전운전불이행,건조,맑음,단일로 - 기타,이륜,남,48세,경상,농기계,남,61세,부상신고
2022100500100507,2022년 10월 5일 19시,수요일,충청남도 예산군 삽교읍,경상사고,0,0,3,0,차대차 - 측면충돌,교차로운행방법위반,건조,맑음,교차로 - 교차로안,승용,남,54세,상해없음,승용,여,24세,경상
2022100500100543,2022년 10월 5일 20시,수요일,충청남도 천안시 동남구 목천읍,경상사고,0,0,2,0,차대차 - 추돌,안전거리미확보,건조,맑음,교차로 - 교차로부근,승용,여,40세,상해없음,승용,여,67세,경상
2022100600100138,2022년 10월 6일 09시,목요일,충청남도 보령시 죽정동,경상사고,0,0,1,0,차대사람 - 횡단중,안전운전불이행,건조,맑음,교차로 - 교차로부근,승용,여,38세,상해없음,보행자,여,77세,경상
2022100600100139,2022년 10월 6일 09시,목요일,충청남도 공주시 웅진동,경상사고,0,0,2,0,차대차 - 측면충돌,교차로운행방법위반,건조,맑음,교차로 - 교차로안,화물,남,65세,상해없음,승용,남,26세,경상
2022100600100140,2022년 10월 6일 09시,목요일,충청남도 부여군 부여읍,중상사고,0,1,0,0,차대차 - 측면충돌,안전운전불이행,건조,맑음,단일로 - 기타,승용,여,61세,상해없음,자전거,남,75세,중상
2022100600100204,2022년 10월 6일 11시,목요일,충청남도 아산시 온천동,경상사고,0,0,1,0,차대사람 - 횡단중,보행자보호의무위반,건조,맑음,기타 - 기타,화물,남,72세,상해없음,보행자,여,68세,경상
2022100600100205,2022년 10월 6일 11시,목요일,충청남도 아산시 모종동,경상사고,0,0,1,0,차대차 - 기타,안전운전불이행,건조,맑음,교차로 - 교차로안,승용,여,41세,상해없음,화물,남,47세,경상
2022100600100238,2022년 10월 6일 12시,목요일,충청남도 계룡시 엄사면,경상사고,0,0,1,0,차대차 - 후진중충돌,불법유턴,건조,맑음,교차로 - 교차로부근,화물,남,74세,상해없음,이륜,남,80세,경상
2022100600100239,2022년 10월 6일 12시,목요일,충청남도 아산시 염치읍,중상사고,0,1,0,0,차대사람 - 보도통행중,안전운전불이행,건조,맑음,단일로 - 기타,화물,남,61세,상해없음,보행자,남,71세,중상
2022100600100260,2022년 10월 6일 13시,목요일,충청남도 홍성군 홍동면,중상사고,0,1,0,0,차대차 - 기타,안전운전불이행,건조,맑음,기타 - 기타,승용,남,64세,상해없음,이륜,남,78세,중상
2022100600100261,2022년 10월 6일 13시,목요일,충청남도 공주시 송선동,경상사고,0,0,4,0,차대차 - 측면충돌,신호위반,건조,맑음,교차로 - 교차로안,승용,남,71세,경상,승용,남,40세,경상
2022100600100286,2022년 10월 6일 14시,목요일,충청남도 천안시 서북구 불당동,경상사고,0,0,1,0,차대차 - 측면충돌,기타,건조,맑음,교차로 - 교차로안,승용,여,45세,상해없음,승용,여,55세,경상
2022100600100287,2022년 10월 6일 14시,목요일,충청남도 서천군 종천면,중상사고,0,1,1,0,차량단독 - 전도전복 - 전도,안전운전불이행,건조,맑음,단일로 - 기타,화물,남,53세,경상,,,,
2022100600100319,2022년 10월 6일 15시,목요일,충청남도 천안시 동남구 유량동,중상사고,0,1,0,0,차대사람 - 횡단중,보행자보호의무위반,건조,맑음,교차로 - 교차로안,승용,남,48세,상해없음,보행자,여,66세,중상
2022100600100361,2022년 10월 6일 16시,목요일,충청남도 아산시 둔포면,경상사고,0,0,1,0,차대차 - 기타,안전운전불이행,건조,맑음,단일로 - 기타,승용,남,24세,상해없음,승용,여,36세,경상
2022100600100362,2022년 10월 6일 16시,목요일,충청남도 공주시 우성면,중상사고,0,1,2,0,차대차 - 측면충돌,신호위반,건조,맑음,단일로 - 기타,승용,여,59세,상해없음,승용,여,24세,중상
2022100600100363,2022년 10월 6일 16시,목요일,충청남도 예산군 덕산면,경상사고,0,0,2,0,차대차 - 측면충돌,안전운전불이행,건조,맑음,교차로 - 교차로안,승용,여,52세,경상,승용,남,35세,경상
2022100600100364,2022년 10월 6일 16시,목요일,충청남도 천안시 동남구 문화동,경상사고,0,0,1,0,차대차 - 측면충돌,안전거리미확보,건조,맑음,단일로 - 지하차도(도로)내,승용,남,63세,상해없음,승용,남,44세,경상
2022100600100398,2022년 10월 6일 17시,목요일,충청남도 보령시 동대동,경상사고,0,0,1,0,차대차 - 기타,중앙선침범,건조,맑음,단일로 - 기타,승용,남,72세,상해없음,승용,남,47세,경상
2022100600100399,2022년 10월 6일 17시,목요일,충청남도 공주시 중학동,경상사고,0,0,1,0,차대차 - 측면충돌,안전운전불이행,건조,흐림,교차로 - 교차로부근,승용,남,72세,상해없음,원동기,남,28세,경상
2022100600100442,2022년 10월 6일 18시,목요일,충청남도 천안시 서북구 입장면,경상사고,0,0,1,0,차대사람 - 길가장자리구역통행중,안전운전불이행,건조,맑음,단일로 - 기타,화물,남,68세,상해없음,보행자,여,81세,경상
2022100600100443,2022년 10월 6일 18시,목요일,충청남도 부여군 내산면,사망사고,1,0,0,0,차대사람 - 기타,안전운전불이행,건조,맑음,단일로 - 기타,화물,남,47세,상해없음,보행자,여,72세,사망
2022100600100503,2022년 10월 6일 19시,목요일,충청남도 논산시 은진면,사망사고,1,0,0,0,차대차 - 정면충돌,안전운전불이행,건조,맑음,교차로 - 교차로안,승용,남,50세,상해없음,자전거,남,49세,사망
2022100600100504,2022년 10월 6일 19시,목요일,충청남도 공주시 정안면,중상사고,0,1,0,0,차량단독 - 전도전복 - 전도,안전운전불이행,건조,맑음,단일로 - 기타,이륜,남,75세,중상,,,,
2022100600100556,2022년 10월 6일 21시,목요일,충청남도 공주시 신관동,경상사고,0,0,1,0,차대차 - 추돌,안전운전불이행,건조,맑음,단일로 - 기타,승용,남,30세,기타불명,승용,남,34세,경상
2022100700100032,2022년 10월 7일 04시,금요일,충청남도 공주시 우성면,중상사고,0,1,0,0,차대차 - 정면충돌,중앙선침범,건조,맑음,단일로 - 기타,승용,남,28세,기타불명,이륜,남,45세,중상
2022100700100033,2022년 10월 7일 04시,금요일,충청남도 천안시 동남구 병천면,경상사고,0,0,2,0,차대차 - 측면충돌,안전운전불이행,건조,맑음,교차로 - 교차로부근,화물,남,47세,상해없음,승용,남,42세,경상
2022100700100058,2022년 10월 7일 06시,금요일,충청남도 보령시 주포면,중상사고,0,8,5,0,차대차 - 측면충돌,안전운전불이행,건조,맑음,교차로 - 교차로안,승합,남,77세,상해없음,승용,여,66세,중상
2022100700100082,2022년 10월 7일 07시,금요일,충청남도 보령시 대천동,중상사고,0,1,0,0,차대사람 - 횡단중,안전운전불이행,건조,맑음,교차로 - 교차로부근,승용,여,56세,상해없음,보행자,여,71세,중상
2022100700100127,2022년 10월 7일 08시,금요일,충청남도 금산군 금성면,중상사고,0,1,0,0,차대차 - 정면충돌,안전운전불이행,건조,맑음,단일로 - 기타,승용,여,67세,상해없음,승용,여,56세,중상
2022100700100128,2022년 10월 7일 08시,금요일,충청남도 천안시 동남구 청수동,경상사고,0,0,1,0,차대차 - 기타,안전운전불이행,건조,맑음,교차로 - 교차로안,승용,여,65세,경상,건설기계,남,67세,상해없음
2022100700100175,2022년 10월 7일 09시,금요일,충청남도 천안시 서북구 쌍용동,사망사고,1,0,1,0,차대차 - 측면충돌,기타,건조,맑음,교차로 - 교차로안,승용,남,26세,경상,이륜,남,30세,사망
2022100700100176,2022년 10월 7일 09시,금요일,충청남도 서천군 서천읍,중상사고,0,1,0,0,차대사람 - 기타,안전운전불이행,건조,맑음,교차로 - 교차로부근,승용,여,60세,상해없음,보행자,여,71세,중상
2022100700100236,2022년 10월 7일 11시,금요일,충청남도 서산시 동문동,경상사고,0,0,1,0,차대차 - 측면충돌,교차로운행방법위반,건조,맑음,교차로 - 교차로안,승용,남,72세,상해없음,이륜,남,30세,경상
2022100700100237,2022년 10월 7일 11시,금요일,충청남도 아산시 탕정면,중상사고,0,3,0,0,차대차 - 측면충돌,차로위반,건조,맑음,단일로 - 기타,건설기계,남,54세,상해없음,승용,남,46세,중상
2022100700100238,2022년 10월 7일 11시,금요일,충청남도 서천군 서천읍,중상사고,0,1,2,0,차량단독 - 도로외이탈 - 기타,안전운전불이행,건조,맑음,단일로 - 기타,승용,여,62세,경상,,,,
2022100700100271,2022년 10월 7일 12시,금요일,충청남도 아산시 온천동,경상사고,0,0,3,0,차대차 - 측면충돌,교차로운행방법위반,건조,맑음,교차로 - 교차로안,승용,남,70세,상해없음,승용,남,47세,경상
2022100700100272,2022년 10월 7일 12시,금요일,충청남도 서산시 해미면,경상사고,0,0,1,0,차대사람 - 기타,안전운전불이행,건조,맑음,기타 - 기타,승용,남,61세,상해없음,보행자,남,63세,경상
2022100700100316,2022년 10월 7일 13시,금요일,충청남도 천안시 서북구 백석동,경상사고,0,0,2,0,차대차 - 기타,교차로운행방법위반,건조,맑음,교차로 - 교차로안,승용,여,53세,기타불명,승용,여,30세,경상
2022100700100317,2022년 10월 7일 13시,금요일,충청남도 아산시 인주면,중상사고,0,1,0,0,차대차 - 추돌,안전운전불이행,건조,맑음,교차로 - 교차로부근,화물,남,45세,상해없음,승용,남,62세,중상