사고번호,사고일시,요일,시군구,사고내용,사망자수,중상자수,경상자수,부상신고자수,사고유형,법규위반,노면상태,기상상태,도로형태,가해운전자 차종,가해운전자 성별,가해운전자 연령,가해운전자 상해정도,피해운전자 차종,피해운전자 성별,피해운전자 연령,피해운전자 상해정도
2022100700100318,2022년 10월 7일 13시,금요일,충청남도 천안시 동남구 대흥동,경상사고,0,0,1,0,차대차 - 추돌,안전운전불이행,건조,맑음,교차로 - 교차로부근,화물,남,61세,상해없음,승용,여,63세,경상
2022100700100319,2022년 10월 7일 13시,금요일,충청남도 천안시 동남구 봉명동,경상사고,0,0,2,0,차대차 - 기타,기타,건조,맑음,단일로 - 기타,이륜,남,34세,경상,승용,남,60세,경상
2022100700100359,2022년 10월 7일 14시,금요일,충청남도 아산시 배방읍,부상신고사고,0,0,0,1,차대차 - 측면충돌,안전운전불이행,건조,맑음,단일로 - 기타,개인형이동수단(PM),남,27세,부상신고,승용,여,50세,상해없음
2022100700100360,2022년 10월 7일 14시,금요일,충청남도 천안시 동남구 목천읍,경상사고,0,0,1,0,차대차 - 추돌,안전운전불이행,건조,맑음,단일로 - 기타,승용,남,38세,상해없음,화물,남,65세,경상
2022100700100395,2022년 10월 7일 15시,금요일,충청남도 아산시 장존동,경상사고,0,0,1,0,차대차 - 기타,안전운전불이행,건조,맑음,단일로 - 기타,승용,남,28세,상해없음,건설기계,남,47세,경상
2022100700100429,2022년 10월 7일 16시,금요일,충청남도 논산시 취암동,경상사고,0,0,1,0,차대사람 - 기타,안전운전불이행,건조,맑음,기타 - 기타,승용,남,73세,상해없음,보행자,여,25세,경상
2022100700100483,2022년 10월 7일 17시,금요일,충청남도 천안시 서북구 쌍용동,경상사고,0,0,1,0,차대차 - 측면충돌,안전운전불이행,건조,맑음,교차로 - 교차로안,승용,여,31세,상해없음,승용,남,34세,경상
2022100700100484,2022년 10월 7일 17시,금요일,충청남도 천안시 서북구 백석동,경상사고,0,0,1,0,차대차 - 추돌,안전운전불이행,건조,맑음,교차로 - 교차로안,원동기,남,24세,상해없음,승용,남,34세,경상
2022100700100485,2022년 10월 7일 17시,금요일,충청남도 천안시 서북구 차암동,경상사고,0,0,1,0,차대차 - 기타,안전운전불이행,건조,맑음,단일로 - 기타,승용,남,27세,상해없음,승용,여,54세,경상
2022100700100486,2022년 10월 7일 17시,금요일,충청남도 아산시 배방읍,경상사고,0,0,1,0,차대차 - 측면충돌,안전운전불이행,건조,맑음,교차로 - 교차로안,승용,남,54세,상해없음,원동기,남,24세,경상
2022100700100521,2022년 10월 7일 18시,금요일,충청남도 천안시 서북구 차암동,경상사고,0,0,1,0,차대차 - 기타,신호위반,건조,맑음,교차로 - 교차로안,이륜,남,22세,경상,승용,여,46세,상해없음
2022100700100522,2022년 10월 7일 18시,금요일,충청남도 홍성군 홍성읍,중상사고,0,1,0,0,차대차 - 측면충돌,중앙선침범,건조,맑음,단일로 - 기타,승용,남,53세,상해없음,이륜,남,31세,중상
2022100700100580,2022년 10월 7일 19시,금요일,충청남도 서산시 동문동,경상사고,0,0,1,0,차대사람 - 길가장자리구역통행중,안전운전불이행,건조,맑음,단일로 - 기타,승용,남,55세,상해없음,보행자,남,53세,경상
2022100700100581,2022년 10월 7일 19시,금요일,충청남도 아산시 배방읍,중상사고,0,1,1,0,차대차 - 추돌,안전운전불이행,건조,맑음,단일로 - 기타,승용,여,26세,상해없음,화물,남,72세,경상
2022100700100612,2022년 10월 7일 20시,금요일,충청남도 천안시 서북구 불당동,경상사고,0,0,2,0,차대차 - 추돌,안전운전불이행,건조,맑음,단일로 - 기타,승용,남,39세,상해없음,이륜,남,39세,경상
2022100700100651,2022년 10월 7일 21시,금요일,충청남도 천안시 서북구 성환읍,경상사고,0,0,1,0,차대차 - 기타,안전운전불이행,건조,맑음,교차로 - 교차로안,이륜,남,32세,경상,승용,여,51세,상해없음
2022100700100679,2022년 10월 7일 22시,금요일,충청남도 서산시 읍내동,경상사고,0,0,1,0,차대사람 - 횡단중,안전운전불이행,건조,맑음,단일로 - 기타,승용,남,57세,상해없음,보행자,여,55세,경상
2022100800100010,2022년 10월 8일 00시,토요일,충청남도 천안시 서북구 두정동,경상사고,0,0,1,0,차대차 - 추돌,안전운전불이행,건조,맑음,교차로 - 교차로부근,승용,남,26세,상해없음,이륜,남,29세,경상
2022100800100040,2022년 10월 8일 02시,토요일,충청남도 아산시 배방읍,경상사고,0,0,3,0,차대차 - 측면충돌,신호위반,건조,맑음,교차로 - 교차로안,화물,남,31세,경상,승용,남,29세,경상
2022100800100049,2022년 10월 8일 03시,토요일,충청남도 천안시 서북구 두정동,경상사고,0,0,1,0,차대차 - 기타,안전운전불이행,건조,맑음,단일로 - 기타,기타불명,기타불명,미분류,기타불명,개인형이동수단(PM),남,21세,경상
2022100800100067,2022년 10월 8일 05시,토요일,충청남도 아산시 신창면,경상사고,0,0,1,0,차대차 - 측면충돌,안전운전불이행,건조,맑음,교차로 - 교차로안,승용,남,67세,상해없음,자전거,남,48세,경상
2022100800100082,2022년 10월 8일 06시,토요일,충청남도 천안시 서북구 쌍용동,경상사고,0,0,1,0,차대차 - 추돌,안전운전불이행,건조,맑음,교차로 - 교차로부근,승용,남,41세,상해없음,승용,남,50세,경상
2022100800100083,2022년 10월 8일 06시,토요일,충청남도 천안시 서북구 백석동,경상사고,0,0,2,0,차대차 - 기타,안전운전불이행,건조,맑음,기타 - 기타,승용,남,27세,기타불명,승용,남,41세,경상
2022100800100098,2022년 10월 8일 07시,토요일,충청남도 아산시 영인면,중상사고,0,1,2,0,차대차 - 추돌,기타,건조,맑음,미분류 - 미분류,화물,남,55세,상해없음,승용,남,58세,경상
2022100800100116,2022년 10월 8일 08시,토요일,충청남도 천안시 동남구 풍세면,경상사고,0,0,1,0,차대차 - 기타,안전운전불이행,건조,맑음,단일로 - 기타,화물,남,59세,상해없음,승용,남,29세,경상
2022100800100166,2022년 10월 8일 10시,토요일,충청남도 당진시 석문면,경상사고,0,0,4,0,차대차 - 후진중충돌,안전운전불이행,건조,맑음,단일로 - 기타,승용,남,74세,상해없음,승용,남,38세,경상
2022100800100167,2022년 10월 8일 10시,토요일,충청남도 천안시 동남구 다가동,경상사고,0,0,3,0,차대차 - 측면충돌,직진우회전진행방해,건조,맑음,교차로 - 교차로안,화물,남,60세,상해없음,승합,남,65세,경상
2022100800100212,2022년 10월 8일 11시,토요일,충청남도 부여군 부여읍,경상사고,0,0,1,0,차대차 - 측면충돌,안전운전불이행,건조,맑음,단일로 - 기타,화물,남,65세,상해없음,자전거,남,9세,경상
2022100800100213,2022년 10월 8일 11시,토요일,충청남도 금산군 금산읍,경상사고,0,0,1,0,차대사람 - 횡단중,보행자보호의무위반,건조,맑음,교차로 - 교차로횡단보도내,승용,남,28세,상해없음,보행자,여,73세,경상
2022100800100214,2022년 10월 8일 11시,토요일,충청남도 청양군 목면,중상사고,0,1,2,0,차대차 - 기타,안전운전불이행,건조,맑음,기타 - 기타,승용,여,57세,중상,승용,남,27세,경상
2022100800100259,2022년 10월 8일 12시,토요일,충청남도 서산시 해미면,경상사고,0,0,4,0,차대차 - 측면충돌,중앙선침범,건조,맑음,교차로 - 교차로안,승용,남,65세,상해없음,승용,남,48세,경상
2022100800100260,2022년 10월 8일 12시,토요일,충청남도 천안시 서북구 쌍용동,경상사고,0,0,3,0,차대차 - 기타,중앙선침범,건조,맑음,단일로 - 기타,승용,남,34세,경상,이륜,남,38세,경상
2022100800100261,2022년 10월 8일 12시,토요일,충청남도 천안시 서북구 입장면,경상사고,0,0,1,0,차대차 - 기타,안전운전불이행,건조,맑음,교차로 - 교차로안,승용,여,64세,상해없음,승용,남,42세,경상
2022100800100262,2022년 10월 8일 12시,토요일,충청남도 아산시 배미동,경상사고,0,0,1,0,차대차 - 후진중충돌,안전운전불이행,건조,맑음,기타 - 기타,승용,남,63세,상해없음,승용,여,52세,경상
2022100800100263,2022년 10월 8일 12시,토요일,충청남도 천안시 동남구 신부동,경상사고,0,0,4,0,차대차 - 측면충돌,안전운전불이행,건조,맑음,단일로 - 기타,승용,남,47세,상해없음,승용,여,31세,경상
2022100800100309,2022년 10월 8일 13시,토요일,충청남도 천안시 서북구 두정동,경상사고,0,0,1,0,차대차 - 기타,안전운전불이행,건조,맑음,기타 - 기타,승용,남,61세,상해없음,승용,남,44세,경상
2022100800100375,2022년 10월 8일 15시,토요일,충청남도 천안시 동남구 성황동,경상사고,0,0,1,0,차대사람 - 기타,안전운전불이행,건조,맑음,교차로 - 교차로안,승용,여,62세,상해없음,보행자,남,70세,경상
2022100800100414,2022년 10월 8일 16시,토요일,충청남도 보령시 주산면,중상사고,0,1,0,0,차대사람 - 기타,안전운전불이행,건조,맑음,단일로 - 기타,화물,남,58세,상해없음,보행자,남,82세,중상
2022100800100415,2022년 10월 8일 16시,토요일,충청남도 공주시 유구읍,중상사고,0,1,0,0,차량단독 - 도로외이탈 - 추락,안전운전불이행,건조,맑음,교차로 - 교차로부근,화물,남,64세,기타불명,,,,
2022100800100416,2022년 10월 8일 16시,토요일,충청남도 금산군 복수면,중상사고,0,1,0,0,차량단독 - 공작물충돌,안전운전불이행,건조,맑음,교차로 - 교차로부근,이륜,남,30세,중상,,,,
2022100800100457,2022년 10월 8일 17시,토요일,충청남도 논산시 연무읍,사망사고,1,0,0,0,차대사람 - 횡단중,안전운전불이행,건조,맑음,교차로 - 교차로부근,화물,남,59세,상해없음,보행자,여,70세,사망
2022100800100458,2022년 10월 8일 17시,토요일,충청남도 아산시 온천동,경상사고,0,0,1,0,차대차 - 기타,안전운전불이행,건조,맑음,단일로 - 기타,승용,남,61세,상해없음,이륜,남,43세,경상
2022100800100503,2022년 10월 8일 18시,토요일,충청남도 천안시 동남구 봉명동,경상사고,0,0,1,0,차대사람 - 차도통행중,안전운전불이행,건조,맑음,단일로 - 기타,승용,남,54세,상해없음,보행자,남,26세,경상
2022100800100504,2022년 10월 8일 18시,토요일,충청남도 천안시 동남구 신방동,경상사고,0,0,1,0,차대차 - 기타,신호위반,건조,맑음,교차로 - 교차로부근,승용,여,48세,상해없음,이륜,남,29세,경상
2022100800100505,2022년 10월 8일 18시,토요일,충청남도 태안군 태안읍,경상사고,0,0,2,0,차대차 - 기타,신호위반,건조,맑음,교차로 - 교차로안,화물,남,73세,상해없음,승용,여,45세,경상
2022100800100551,2022년 10월 8일 19시,토요일,충청남도 천안시 서북구 불당동,경상사고,0,0,1,0,차대차 - 기타,직진우회전진행방해,건조,맑음,기타 - 기타,승용,남,48세,상해없음,이륜,남,44세,경상
2022100800100552,2022년 10월 8일 19시,토요일,충청남도 홍성군 은하면,중상사고,0,1,1,0,차대차 - 측면충돌,중앙선침범,건조,맑음,교차로 - 교차로안,승용,남,44세,상해없음,승용,남,28세,경상
2022100800100589,2022년 10월 8일 20시,토요일,충청남도 아산시 배방읍,경상사고,0,0,1,0,차대사람 - 기타,안전운전불이행,건조,맑음,단일로 - 교량,승용,남,45세,상해없음,보행자,남,44세,경상
2022100800100590,2022년 10월 8일 20시,토요일,충청남도 천안시 동남구 신부동,중상사고,0,1,0,0,차대차 - 측면충돌,불법유턴,건조,맑음,교차로 - 교차로부근,승용,여,74세,상해없음,원동기,남,31세,중상
2022100800100638,2022년 10월 8일 22시,토요일,충청남도 천안시 서북구 불당동,경상사고,0,0,1,0,차대사람 - 횡단중,안전운전불이행,건조,맑음,기타 - 기타,승용,남,18세,상해없음,보행자,여,7세,경상
2022100900100008,2022년 10월 9일 00시,일요일,충청남도 당진시 읍내동,중상사고,0,1,0,0,차대차 - 측면충돌,교차로운행방법위반,건조,맑음,교차로 - 교차로안,승용,여,45세,상해없음,승용,남,41세,중상
2022100900100063,2022년 10월 9일 06시,일요일,충청남도 천안시 서북구 부대동,경상사고,0,0,1,0,차대차 - 기타,안전운전불이행,건조,맑음,기타 - 기타,화물,남,36세,기타불명,승용,여,44세,경상
2022100900100136,2022년 10월 9일 11시,일요일,충청남도 청양군 목면,경상사고,0,0,5,0,차대차 - 측면충돌,신호위반,젖음/습기,비,교차로 - 교차로안,농기계,남,83세,경상,승용,여,30세,경상
2022100900100166,2022년 10월 9일 12시,일요일,충청남도 천안시 서북구 성정동,중상사고,0,1,0,0,차대차 - 추돌,안전운전불이행,젖음/습기,비,단일로 - 기타,승용,남,38세,상해없음,승용,여,27세,중상
2022100900100197,2022년 10월 9일 13시,일요일,충청남도 보령시 신흑동,경상사고,0,0,1,0,차대차 - 기타,직진우회전진행방해,젖음/습기,흐림,교차로 - 교차로안,승용,남,35세,상해없음,승용,남,48세,상해없음
2022100900100287,2022년 10월 9일 16시,일요일,충청남도 서천군 비인면,경상사고,0,0,5,0,차대차 - 측면충돌,안전운전불이행,젖음/습기,비,교차로 - 교차로안,화물,남,61세,상해없음,승합,남,73세,경상
2022100900100304,2022년 10월 9일 17시,일요일,충청남도 보령시 남포면,경상사고,0,0,1,0,차대차 - 기타,중앙선침범,젖음/습기,비,단일로 - 기타,승용,여,41세,상해없음,승용,여,37세,경상
2022100900100356,2022년 10월 9일 18시,일요일,충청남도 보령시 신흑동,경상사고,0,0,1,0,차대차 - 후진중충돌,안전운전불이행,젖음/습기,비,단일로 - 기타,승용,여,67세,상해없음,승용,여,27세,경상
2022100900100357,2022년 10월 9일 18시,일요일,충청남도 천안시 동남구 신부동,경상사고,0,0,1,0,차대사람 - 기타,안전운전불이행,건조,맑음,단일로 - 기타,승용,남,18세,상해없음,보행자,남,53세,경상
2022100900100403,2022년 10월 9일 19시,일요일,충청남도 천안시 서북구 두정동,부상신고사고,0,0,0,1,차대차 - 기타,안전운전불이행,건조,맑음,단일로 - 기타,승용,남,38세,상해없음,이륜,남,31세,부상신고
2022100900100404,2022년 10월 9일 19시,일요일,충청남도 공주시 금성동,경상사고,0,0,1,0,차대차 - 측면충돌,중앙선침범,젖음/습기,비,단일로 - 기타,승용,남,56세,상해없음,승용,여,48세,경상
2022100900100451,2022년 10월 9일 20시,일요일,충청남도 천안시 서북구 성정동,중상사고,0,1,0,0,차대사람 - 횡단중,안전운전불이행,젖음/습기,비,단일로 - 기타,이륜,남,26세,상해없음,보행자,남,59세,중상
2022100900100452,2022년 10월 9일 20시,일요일,충청남도 아산시 도고면,중상사고,0,2,1,0,차대차 - 기타,중앙선침범,젖음/습기,비,단일로 - 기타,승용,여,38세,상해없음,승용,남,28세,경상
2022100900100453,2022년 10월 9일 20시,일요일,충청남도 서천군 마서면,경상사고,0,0,2,0,차대차 - 기타,안전운전불이행,젖음/습기,비,단일로 - 기타,승용,여,29세,상해없음,승용,남,59세,경상
2022100900100501,2022년 10월 9일 22시,일요일,충청남도 천안시 서북구 성정동,경상사고,0,0,1,0,차대차 - 측면충돌,교차로운행방법위반,건조,맑음,교차로 - 교차로안,승용,남,56세,상해없음,이륜,남,50세,경상
2022100900100502,2022년 10월 9일 22시,일요일,충청남도 아산시 둔포면,경상사고,0,0,1,0,차대차 - 기타,안전운전불이행,젖음/습기,흐림,교차로 - 교차로안,승용,남,21세,상해없음,이륜,남,35세,경상
2022100900100529,2022년 10월 9일 23시,일요일,충청남도 천안시 서북구 성정동,경상사고,0,0,1,0,차대차 - 기타,안전운전불이행,건조,맑음,단일로 - 기타,승용,남,24세,상해없음,화물,남,25세,경상
2022100900100530,2022년 10월 9일 23시,일요일,충청남도 아산시 탕정면,경상사고,0,0,2,0,차대차 - 기타,신호위반,건조,맑음,교차로 - 교차로부근,승용,남,57세,상해없음,승용,여,44세,경상
2022101000100101,2022년 10월 10일 10시,월요일,충청남도 천안시 서북구 불당동,경상사고,0,0,1,0,차대차 - 측면충돌,안전거리미확보,건조,맑음,교차로 - 교차로부근,승용,남,70세,상해없음,승용,여,26세,경상
2022101000100144,2022년 10월 10일 12시,월요일,충청남도 공주시 반포면,경상사고,0,0,3,2,차대차 - 기타,차로위반,서리/결빙,맑음,단일로 - 기타,승용,남,49세,경상,승용,여,36세,경상
2022101000100145,2022년 10월 10일 12시,월요일,충청남도 천안시 동남구 신부동,중상사고,0,1,0,0,차대사람 - 기타,신호위반,건조,맑음,교차로 - 교차로안,승용,여,33세,상해없음,보행자,여,62세,중상
2022101000100146,2022년 10월 10일 12시,월요일,충청남도 천안시 동남구 쌍용동,경상사고,0,0,1,0,차대차 - 측면충돌,안전운전불이행,건조,맑음,교차로 - 교차로부근,승용,남,53세,상해없음,승용,여,56세,경상
2022101000100181,2022년 10월 10일 13시,월요일,충청남도 태안군 태안읍,부상신고사고,0,0,0,1,차대차 - 측면충돌,안전운전불이행,건조,맑음,교차로 - 교차로안,승합,여,52세,상해없음,화물,남,26세,부상신고
2022101000100210,2022년 10월 10일 14시,월요일,충청남도 천안시 서북구 성정동,경상사고,0,0,1,0,차대사람 - 횡단중,안전운전불이행,건조,맑음,교차로 - 교차로안,승용,여,31세,상해없음,보행자,여,66세,경상
2022101000100211,2022년 10월 10일 14시,월요일,충청남도 아산시 음봉면,경상사고,0,0,2,0,차대차 - 추돌,안전운전불이행,건조,맑음,단일로 - 기타,승용,남,22세,상해없음,승용,남,41세,경상
2022101000100212,2022년 10월 10일 14시,월요일,충청남도 천안시 동남구 청당동,경상사고,0,0,2,0,차대차 - 측면충돌,안전운전불이행,건조,맑음,단일로 - 기타,승용,여,23세,상해없음,승용,남,32세,경상
2022101000100213,2022년 10월 10일 14시,월요일,충청남도 공주시 우성면,중상사고,0,1,2,0,차대차 - 추돌,안전운전불이행,젖음/습기,비,단일로 - 기타,승용,남,43세,상해없음,승용,남,43세,경상
2022101000100214,2022년 10월 10일 14시,월요일,충청남도 천안시 동남구 구성동,경상사고,0,0,1,0,차대차 - 기타,안전운전불이행,젖음/습기,비,단일로 - 기타,화물,남,45세,상해없음,승용,남,68세,경상
2022101000100254,2022년 10월 10일 15시,월요일,충청남도 보령시 주교면,중상사고,0,2,1,0,차대차 - 정면충돌,중앙선침범,건조,맑음,교차로 - 교차로안,화물,남,82세,상해없음,승용,남,33세,중상
2022101000100296,2022년 10월 10일 16시,월요일,충청남도 천안시 동남구 다가동,경상사고,0,0,1,0,차량단독 - 전도전복 - 전도,안전운전불이행,건조,맑음,교차로 - 교차로부근,원동기,남,54세,경상,,,,
2022101000100329,2022년 10월 10일 17시,월요일,충청남도 서산시 동문동,경상사고,0,0,1,0,차대차 - 기타,안전운전불이행,젖음/습기,비,단일로 - 기타,승용,남,51세,상해없음,승용,여,21세,경상
2022101000100330,2022년 10월 10일 17시,월요일,충청남도 아산시 배방읍,중상사고,0,1,0,0,차대사람 - 횡단중,보행자보호의무위반,젖음/습기,비,교차로 - 교차로횡단보도내,승용,남,40세,상해없음,보행자,여,15세,중상
2022101000100331,2022년 10월 10일 17시,월요일,충청남도 공주시 신관동,경상사고,0,0,1,0,차대차 - 추돌,안전운전불이행,젖음/습기,비,교차로 - 교차로부근,화물,남,67세,상해없음,승용,여,34세,경상
2022101000100361,2022년 10월 10일 18시,월요일,충청남도 천안시 서북구 쌍용동,경상사고,0,0,2,0,차대차 - 측면충돌,직진우회전진행방해,젖음/습기,비,교차로 - 교차로안,승용,남,60세,상해없음,승용,남,51세,경상
2022101000100362,2022년 10월 10일 18시,월요일,충청남도 보령시 동대동,경상사고,0,0,1,0,차대차 - 측면충돌,안전운전불이행,건조,흐림,단일로 - 기타,승용,남,64세,상해없음,이륜,남,20세,경상
2022101000100363,2022년 10월 10일 18시,월요일,충청남도 당진시 신평면,중상사고,0,1,0,0,차대사람 - 차도통행중,안전운전불이행,젖음/습기,흐림,단일로 - 기타,승용,남,54세,상해없음,보행자,남,73세,중상
2022101000100397,2022년 10월 10일 19시,월요일,충청남도 서산시 석림동,경상사고,0,0,1,0,차대차 - 기타,안전운전불이행,건조,맑음,교차로 - 교차로부근,승용,남,44세,상해없음,승용,남,54세,상해없음
2022101000100398,2022년 10월 10일 19시,월요일,충청남도 천안시 서북구 성정동,경상사고,0,0,3,0,차대차 - 추돌,안전운전불이행,젖음/습기,흐림,교차로 - 교차로부근,승용,남,62세,상해없음,승용,남,36세,경상
2022101000100399,2022년 10월 10일 19시,월요일,충청남도 아산시 배방읍,경상사고,0,0,1,0,차대차 - 추돌,안전운전불이행,젖음/습기,비,교차로 - 교차로부근,화물,남,60세,상해없음,승용,남,37세,상해없음
2022101000100400,2022년 10월 10일 19시,월요일,충청남도 금산군 진산면,중상사고,0,1,0,0,차대사람 - 기타,안전운전불이행,젖음/습기,비,단일로 - 기타,승용,남,69세,상해없음,보행자,남,83세,중상
2022101000100401,2022년 10월 10일 19시,월요일,충청남도 천안시 동남구 신부동,중상사고,0,1,0,0,차대차 - 측면충돌,안전운전불이행,건조,맑음,단일로 - 기타,승용,여,35세,상해없음,승용,남,56세,상해없음
2022101000100402,2022년 10월 10일 19시,월요일,충청남도 태안군 태안읍,경상사고,0,0,1,0,차대차 - 측면충돌,교차로운행방법위반,젖음/습기,흐림,교차로 - 교차로안,승용,남,57세,상해없음,승용,남,23세,경상
2022101000100427,2022년 10월 10일 20시,월요일,충청남도 논산시 노성면,중상사고,0,1,0,0,차대차 - 측면충돌,안전운전불이행,젖음/습기,흐림,단일로 - 기타,화물,남,53세,상해없음,승용,여,71세,중상
2022101000100428,2022년 10월 10일 20시,월요일,충청남도 공주시 반포면,경상사고,0,0,1,0,차대차 - 추돌,안전운전불이행,젖음/습기,흐림,단일로 - 기타,화물,남,65세,상해없음,승용,여,53세,경상
2022101000100442,2022년 10월 10일 21시,월요일,충청남도 서산시 대산읍,경상사고,0,0,1,0,차대차 - 기타,안전운전불이행,젖음/습기,비,단일로 - 기타,승용,여,65세,상해없음,이륜,여,33세,경상
2022101000100443,2022년 10월 10일 21시,월요일,충청남도 천안시 서북구 성정동,중상사고,0,1,0,0,차대차 - 측면충돌,기타,건조,맑음,교차로 - 교차로안,승용,남,31세,상해없음,승용,남,43세,중상
2022101000100470,2022년 10월 10일 22시,월요일,충청남도 공주시 월송동,경상사고,0,0,1,0,차량단독 - 공작물충돌,안전운전불이행,건조,맑음,단일로 - 기타,승용,남,41세,상해없음,,,,
2022101100100032,2022년 10월 11일 05시,화요일,충청남도 금산군 금산읍,경상사고,0,0,1,0,차대차 - 정면충돌,신호위반,건조,맑음,교차로 - 교차로안,승용,여,50세,상해없음,승용,남,31세,경상
2022101100100074,2022년 10월 11일 07시,화요일,충청남도 공주시 우성면,경상사고,0,0,1,0,차대차 - 추돌,안전운전불이행,건조,맑음,교차로 - 교차로부근,화물,남,51세,상해없음,승합,남,39세,경상
2022101100100075,2022년 10월 11일 07시,화요일,충청남도 부여군 부여읍,중상사고,0,1,0,0,차대차 - 정면충돌,중앙선침범,건조,맑음,단일로 - 기타,승합,여,59세,상해없음,이륜,남,80세,중상
2022101100100112,2022년 10월 11일 08시,화요일,충청남도 천안시 서북구 불당동,경상사고,0,0,1,0,차대차 - 측면충돌,안전거리미확보,건조,맑음,단일로 - 기타,승용,여,41세,상해없음,승용,여,35세,경상
2022101100100201,2022년 10월 11일 10시,화요일,충청남도 천안시 서북구 성환읍,중상사고,0,1,0,0,차대차 - 측면충돌,안전운전불이행,건조,맑음,교차로 - 교차로안,승합,남,54세,상해없음,자전거,남,76세,중상
2022101100100202,2022년 10월 11일 10시,화요일,충청남도 천안시 서북구 쌍용동,경상사고,0,0,1,0,차량단독 - 기타,안전운전불이행,건조,맑음,단일로 - 기타,승합,남,61세,상해없음,,,,
2022101100100234,2022년 10월 11일 11시,화요일,충청남도 논산시 취암동,경상사고,0,0,1,0,차대차 - 측면충돌,중앙선침범,건조,맑음,단일로 - 기타,승용,남,44세,상해없음,이륜,남,26세,경상
2022101100100235,2022년 10월 11일 11시,화요일,충청남도 당진시 합덕읍,경상사고,0,0,1,0,차대차 - 측면충돌,안전운전불이행,건조,맑음,단일로 - 기타,화물,남,75세,상해없음,승용,남,73세,경상
2022101100100269,2022년 10월 11일 12시,화요일,충청남도 서천군 장항읍,중상사고,0,1,1,0,차대차 - 측면충돌,안전운전불이행,건조,맑음,교차로 - 교차로안,승용,여,45세,상해없음,화물,남,23세,경상
2022101100100297,2022년 10월 11일 13시,화요일,충청남도 아산시 배방읍,중상사고,0,1,0,0,차대차 - 기타,안전운전불이행,건조,맑음,단일로 - 기타,승용,여,32세,상해없음,이륜,남,30세,중상
2022101100100298,2022년 10월 11일 13시,화요일,충청남도 천안시 동남구 신방동,경상사고,0,0,1,0,차대사람 - 횡단중,보행자보호의무위반,건조,맑음,교차로 - 교차로안,승용,남,31세,상해없음,보행자,남,27세,경상
2022101100100389,2022년 10월 11일 15시,화요일,충청남도 공주시 우성면,중상사고,0,1,1,0,차대차 - 측면충돌,중앙선침범,건조,맑음,단일로 - 기타,이륜,남,62세,중상,승용,남,36세,경상
2022101100100484,2022년 10월 11일 17시,화요일,충청남도 천안시 동남구 신방동,경상사고,0,0,2,0,차대차 - 추돌,안전운전불이행,건조,맑음,교차로 - 교차로부근,화물,남,38세,상해없음,승용,여,51세,경상
2022101100100532,2022년 10월 11일 18시,화요일,충청남도 서산시 읍내동,경상사고,0,0,2,0,차대차 - 측면충돌,안전운전불이행,건조,맑음,교차로 - 교차로안,승용,남,35세,기타불명,승용,여,41세,경상
2022101100100533,2022년 10월 11일 18시,화요일,충청남도 서산시 수석동,경상사고,0,0,1,0,차대차 - 기타,안전운전불이행,건조,맑음,교차로 - 교차로안,승용,남,57세,상해없음,승용,남,32세,경상
2022101100100534,2022년 10월 11일 18시,화요일,충청남도 서산시 음암면,경상사고,0,0,1,0,차대차 - 추돌,안전거리미확보,건조,맑음,기타 - 기타,승용,여,49세,상해없음,승용,남,30세,경상
2022101100100535,2022년 10월 11일 18시,화요일,충청남도 공주시 정안면,경상사고,0,0,1,0,차대사람 - 기타,안전운전불이행,건조,흐림,단일로 - 기타,개인형이동수단(PM),남,23세,상해없음,보행자,남,51세,경상
2022101100100536,2022년 10월 11일 18시,화요일,충청남도 예산군 신암면,중상사고,0,1,0,0,차대사람 - 기타,안전운전불이행,건조,맑음,단일로 - 기타,승용,여,67세,상해없음,보행자,여,53세,중상
2022101100100538,2022년 10월 11일 18시,화요일,충청남도 천안시 동남구 신방동,경상사고,0,0,2,0,차대차 - 정면충돌,안전운전불이행,건조,맑음,교차로 - 교차로부근,승용,남,62세,상해없음,승용,여,59세,경상
2022101100100539,2022년 10월 11일 18시,화요일,충청남도 천안시 동남구 신부동,중상사고,0,1,0,0,차대차 - 추돌,안전운전불이행,건조,맑음,단일로 - 기타,이륜,남,19세,상해없음,승용,여,54세,중상
2022101100100590,2022년 10월 11일 19시,화요일,충청남도 서산시 해미면,경상사고,0,0,1,0,차대차 - 측면충돌,신호위반,건조,맑음,교차로 - 교차로안,화물,남,59세,상해없음,승용,남,53세,경상
2022101100100591,2022년 10월 11일 19시,화요일,충청남도 천안시 동남구 원성동,경상사고,0,0,1,0,차대차 - 측면충돌,안전거리미확보,건조,맑음,단일로 - 기타,승합,남,48세,상해없음,승용,남,47세,경상
2022101100100621,2022년 10월 11일 20시,화요일,충청남도 아산시 신창면,경상사고,0,0,1,0,차대차 - 정면충돌,안전운전불이행,건조,맑음,교차로 - 교차로안,기타불명,기타불명,미분류,기타불명,승용,여,28세,경상
2022101100100654,2022년 10월 11일 21시,화요일,충청남도 보령시 대천동,경상사고,0,0,1,0,차대사람 - 횡단중,안전운전불이행,건조,맑음,교차로 - 교차로안,승용,남,63세,상해없음,보행자,여,72세,경상