사고번호,사고일시,요일,시군구,사고내용,사망자수,중상자수,경상자수,부상신고자수,사고유형,법규위반,노면상태,기상상태,도로형태,가해운전자 차종,가해운전자 성별,가해운전자 연령,가해운전자 상해정도,피해운전자 차종,피해운전자 성별,피해운전자 연령,피해운전자 상해정도
2022102600100551,2022년 10월 26일 20시,수요일,충청남도 천안시 서북구 성정동,경상사고,0,0,1,0,차대차 - 측면충돌,불법유턴,건조,맑음,교차로 - 교차로부근,승용,남,67세,상해없음,이륜,남,35세,경상
2022102600100552,2022년 10월 26일 20시,수요일,충청남도 논산시 은진면,경상사고,0,0,2,0,차대차 - 정면충돌,신호위반,건조,맑음,교차로 - 교차로안,승용,여,67세,상해없음,승용,남,62세,경상
2022102600100553,2022년 10월 26일 20시,수요일,충청남도 홍성군 갈산면,경상사고,0,0,1,0,차대차 - 추돌,안전운전불이행,건조,맑음,단일로 - 기타,승용,남,60세,상해없음,승용,남,59세,경상
2022102600100554,2022년 10월 26일 20시,수요일,충청남도 당진시 송악읍,경상사고,0,0,2,0,차대차 - 추돌,안전운전불이행,젖음/습기,흐림,단일로 - 기타,승용,남,51세,상해없음,승용,남,41세,경상
2022102600100555,2022년 10월 26일 20시,수요일,충청남도 천안시 동남구 신부동,경상사고,0,0,1,0,차대차 - 측면충돌,안전운전불이행,건조,맑음,단일로 - 기타,이륜,남,30세,상해없음,승용,남,52세,경상
2022102600100583,2022년 10월 26일 21시,수요일,충청남도 천안시 서북구 불당동,경상사고,0,0,1,0,차대차 - 측면충돌,안전운전불이행,건조,맑음,단일로 - 기타,승용,남,23세,상해없음,승용,남,45세,경상
2022102600100615,2022년 10월 26일 22시,수요일,충청남도 천안시 서북구 쌍용동,중상사고,0,1,0,0,차대사람 - 기타,안전운전불이행,건조,맑음,단일로 - 기타,승용,남,27세,상해없음,보행자,남,56세,중상
2022102600100616,2022년 10월 26일 22시,수요일,충청남도 당진시 석문면,경상사고,0,0,2,0,차대차 - 추돌,안전운전불이행,건조,맑음,단일로 - 기타,승용,여,52세,상해없음,승용,남,33세,경상
2022102700100009,2022년 10월 27일 00시,목요일,충청남도 천안시 서북구 두정동,경상사고,0,0,1,0,차대차 - 측면충돌,신호위반,건조,맑음,교차로 - 교차로안,이륜,남,21세,상해없음,개인형이동수단(PM),남,19세,경상
2022102700100057,2022년 10월 27일 06시,목요일,충청남도 서산시 읍내동,경상사고,0,0,1,0,차대차 - 측면충돌,중앙선침범,건조,맑음,단일로 - 기타,승용,여,62세,상해없음,승용,남,75세,경상
2022102700100075,2022년 10월 27일 07시,목요일,충청남도 천안시 서북구 성환읍,중상사고,0,1,0,0,차량단독 - 기타,안전운전불이행,건조,맑음,단일로 - 기타,이륜,남,68세,중상,,,,
2022102700100076,2022년 10월 27일 07시,목요일,충청남도 아산시 탕정면,중상사고,0,2,1,0,차대차 - 추돌,안전운전불이행,건조,맑음,단일로 - 기타,승용,남,46세,상해없음,승용,남,44세,중상
2022102700100119,2022년 10월 27일 08시,목요일,충청남도 홍성군 홍성읍,경상사고,0,0,1,0,차대차 - 측면충돌,안전운전불이행,건조,맑음,교차로 - 교차로안,승용,남,69세,상해없음,승용,남,68세,상해없음
2022102700100121,2022년 10월 27일 08시,목요일,충청남도 공주시 신관동,경상사고,0,0,1,0,차대차 - 기타,안전운전불이행,건조,맑음,교차로 - 교차로부근,승용,남,71세,기타불명,승용,여,54세,경상
2022102700100166,2022년 10월 27일 09시,목요일,충청남도 아산시 온천동,경상사고,0,0,1,0,차대사람 - 횡단중,안전운전불이행,건조,맑음,단일로 - 기타,화물,남,42세,상해없음,보행자,여,61세,경상
2022102700100167,2022년 10월 27일 09시,목요일,충청남도 태안군 안면읍,사망사고,1,0,0,0,차량단독 - 기타,안전운전불이행,건조,맑음,단일로 - 기타,농기계,남,85세,사망,,,,
2022102700100202,2022년 10월 27일 10시,목요일,충청남도 아산시 용화동,중상사고,0,1,2,0,차대차 - 정면충돌,안전운전불이행,건조,맑음,교차로 - 교차로안,승용,여,67세,중상,승용,남,42세,경상
2022102700100237,2022년 10월 27일 11시,목요일,충청남도 천안시 서북구 불당동,경상사고,0,0,1,0,차대차 - 추돌,안전운전불이행,건조,맑음,단일로 - 기타,승용,남,34세,상해없음,화물,남,42세,경상
2022102700100238,2022년 10월 27일 11시,목요일,충청남도 예산군 예산읍,경상사고,0,0,1,0,차대차 - 정면충돌,직진우회전진행방해,건조,맑음,교차로 - 교차로안,화물,남,78세,상해없음,승용,남,50세,경상
2022102700100239,2022년 10월 27일 11시,목요일,충청남도 예산군 삽교읍,경상사고,0,0,1,0,차대차 - 정면충돌,직진우회전진행방해,건조,맑음,교차로 - 교차로안,승용,남,84세,상해없음,승용,남,50세,경상
2022102700100338,2022년 10월 27일 14시,목요일,충청남도 당진시 채운동,경상사고,0,0,2,0,차대사람 - 기타,안전운전불이행,건조,맑음,단일로 - 기타,개인형이동수단(PM),여,73세,경상,보행자,여,64세,경상
2022102700100385,2022년 10월 27일 15시,목요일,충청남도 청양군 비봉면,경상사고,0,0,1,0,차량단독 - 공작물충돌,안전운전불이행,건조,맑음,단일로 - 기타,승용,여,59세,경상,,,,
2022102700100461,2022년 10월 27일 17시,목요일,충청남도 천안시 서북구 성거읍,경상사고,0,0,1,0,차대차 - 측면충돌,안전운전불이행,건조,맑음,교차로 - 교차로안,승용,남,55세,상해없음,승용,남,52세,경상
2022102700100462,2022년 10월 27일 17시,목요일,충청남도 천안시 동남구 신부동,경상사고,0,0,2,0,차대차 - 측면충돌,안전운전불이행,건조,맑음,단일로 - 기타,이륜,남,20세,상해없음,승용,여,48세,경상
2022102700100533,2022년 10월 27일 18시,목요일,충청남도 아산시 배방읍,경상사고,0,0,3,0,차대차 - 측면충돌,신호위반,건조,맑음,교차로 - 교차로안,승용,남,55세,상해없음,승용,남,37세,상해없음
2022102700100534,2022년 10월 27일 18시,목요일,충청남도 공주시 유구읍,경상사고,0,0,1,0,차대사람 - 기타,안전운전불이행,건조,맑음,교차로 - 교차로안,승용,남,70세,상해없음,보행자,남,82세,경상
2022102700100575,2022년 10월 27일 19시,목요일,충청남도 서산시 예천동,경상사고,0,0,1,0,차대차 - 측면충돌,안전운전불이행,건조,맑음,단일로 - 기타,승용,남,65세,상해없음,승용,여,69세,경상
2022102700100576,2022년 10월 27일 19시,목요일,충청남도 논산시 내동,중상사고,0,1,0,0,차대차 - 측면충돌,신호위반,건조,맑음,교차로 - 교차로안,이륜,남,21세,상해없음,자전거,남,13세,중상
2022102700100577,2022년 10월 27일 19시,목요일,충청남도 보령시 동대동,경상사고,0,0,1,0,차대사람 - 횡단중,보행자보호의무위반,건조,맑음,교차로 - 교차로안,승용,여,47세,상해없음,보행자,남,33세,경상
2022102700100578,2022년 10월 27일 19시,목요일,충청남도 태안군 태안읍,중상사고,0,1,0,0,차대사람 - 횡단중,보행자보호의무위반,건조,맑음,단일로 - 기타,이륜,남,19세,상해없음,보행자,여,75세,중상
2022102700100611,2022년 10월 27일 20시,목요일,충청남도 공주시 반포면,경상사고,0,0,1,0,차대차 - 측면충돌,안전운전불이행,건조,기타,기타 - 기타,승용,여,51세,상해없음,승용,남,49세,경상
2022102800100019,2022년 10월 28일 01시,금요일,충청남도 공주시 옥룡동,중상사고,0,1,0,0,차량단독 - 전도전복 - 전도,안전운전불이행,건조,맑음,단일로 - 기타,이륜,남,17세,중상,,,,
2022102800100048,2022년 10월 28일 06시,금요일,충청남도 서산시 동문동,중상사고,0,1,0,0,차대사람 - 횡단중,안전운전불이행,건조,맑음,교차로 - 교차로안,승용,남,66세,상해없음,보행자,여,58세,중상
2022102800100049,2022년 10월 28일 06시,금요일,충청남도 아산시 염치읍,중상사고,0,1,0,0,차대차 - 측면충돌,기타,젖음/습기,안개,단일로 - 기타,화물,남,57세,중상,화물,남,44세,상해없음
2022102800100192,2022년 10월 28일 10시,금요일,충청남도 천안시 서북구 두정동,경상사고,0,0,1,0,차대차 - 기타,안전운전불이행,건조,맑음,단일로 - 기타,승용,여,30세,상해없음,자전거,여,34세,경상
2022102800100193,2022년 10월 28일 10시,금요일,충청남도 천안시 서북구 쌍용동,경상사고,0,0,1,0,차대차 - 기타,신호위반,건조,맑음,교차로 - 교차로안,승용,남,68세,상해없음,승용,남,45세,경상
2022102800100231,2022년 10월 28일 11시,금요일,충청남도 서천군 기산면,경상사고,0,0,1,0,차대차 - 기타,안전운전불이행,건조,맑음,교차로 - 교차로부근,이륜,남,74세,경상,농기계,기타불명,미분류,기타불명
2022102800100232,2022년 10월 28일 11시,금요일,충청남도 천안시 동남구 구성동,경상사고,0,0,1,0,차대차 - 기타,안전운전불이행,건조,맑음,단일로 - 기타,승용,남,20세,상해없음,승용,여,20세,경상
2022102800100266,2022년 10월 28일 12시,금요일,충청남도 홍성군 구항면,중상사고,0,1,0,0,차대사람 - 기타,안전운전불이행,건조,맑음,단일로 - 기타,화물,여,65세,상해없음,보행자,여,90세,중상
2022102800100267,2022년 10월 28일 12시,금요일,충청남도 당진시 수청동,경상사고,0,0,1,0,차대차 - 측면충돌,안전거리미확보,건조,맑음,교차로 - 교차로안,승용,남,71세,상해없음,승용,여,30세,경상
2022102800100268,2022년 10월 28일 12시,금요일,충청남도 당진시 석문면,경상사고,0,0,3,0,차대차 - 추돌,안전운전불이행,건조,맑음,단일로 - 기타,특수,남,31세,상해없음,승용,남,65세,상해없음
2022102800100309,2022년 10월 28일 13시,금요일,충청남도 서천군 장항읍,경상사고,0,0,1,0,차대사람 - 기타,안전운전불이행,건조,맑음,기타 - 기타,승용,남,78세,상해없음,보행자,여,48세,경상
2022102800100344,2022년 10월 28일 14시,금요일,충청남도 홍성군 갈산면,중상사고,0,1,0,0,차대사람 - 길가장자리구역통행중,안전운전불이행,건조,맑음,단일로 - 기타,승용,여,73세,상해없음,보행자,여,86세,중상
2022102800100392,2022년 10월 28일 15시,금요일,충청남도 서산시 예천동,경상사고,0,0,1,0,차대차 - 추돌,안전운전불이행,건조,맑음,교차로 - 교차로부근,승용,남,53세,상해없음,승용,남,55세,경상
2022102800100393,2022년 10월 28일 15시,금요일,충청남도 아산시 모종동,경상사고,0,0,1,0,차대사람 - 차도통행중,안전운전불이행,건조,맑음,단일로 - 기타,승용,여,69세,기타불명,보행자,남,59세,경상
2022102800100394,2022년 10월 28일 15시,금요일,충청남도 보령시 남곡동,경상사고,0,0,3,0,차대차 - 추돌,안전거리미확보,건조,맑음,단일로 - 기타,승용,남,22세,상해없음,승용,남,26세,경상
2022102800100395,2022년 10월 28일 15시,금요일,충청남도 당진시 송산면,경상사고,0,0,1,0,차대차 - 후진중충돌,안전운전불이행,건조,맑음,단일로 - 기타,승용,남,26세,상해없음,승용,남,38세,경상
2022102800100487,2022년 10월 28일 17시,금요일,충청남도 서산시 석림동,중상사고,0,1,0,0,차대차 - 기타,안전운전불이행,건조,맑음,교차로 - 교차로안,승용,여,54세,상해없음,자전거,남,78세,중상
2022102800100488,2022년 10월 28일 17시,금요일,충청남도 천안시 서북구 불당동,경상사고,0,0,2,0,차대차 - 기타,신호위반,건조,맑음,교차로 - 교차로안,승용,남,70세,상해없음,승용,남,39세,경상
2022102800100489,2022년 10월 28일 17시,금요일,충청남도 당진시 송산면,경상사고,0,0,1,0,차대차 - 정면충돌,교차로운행방법위반,건조,맑음,교차로 - 교차로안,화물,여,58세,상해없음,승용,남,39세,경상
2022102800100490,2022년 10월 28일 17시,금요일,충청남도 논산시 벌곡면,경상사고,0,0,1,0,차대차 - 기타,안전운전불이행,건조,맑음,단일로 - 기타,화물,남,38세,상해없음,승용,남,44세,경상
2022102800100560,2022년 10월 28일 18시,금요일,충청남도 서산시 동문동,경상사고,0,0,1,0,차대사람 - 기타,안전운전불이행,건조,맑음,교차로 - 교차로안,승용,여,27세,상해없음,보행자,남,65세,경상
2022102800100561,2022년 10월 28일 18시,금요일,충청남도 서산시 해미면,중상사고,0,1,0,0,차대사람 - 횡단중,보행자보호의무위반,건조,맑음,교차로 - 교차로안,승용,남,66세,상해없음,보행자,남,61세,중상
2022102800100562,2022년 10월 28일 18시,금요일,충청남도 아산시 모종동,경상사고,0,0,1,0,차대사람 - 횡단중,보행자보호의무위반,건조,맑음,교차로 - 교차로횡단보도내,승용,여,41세,상해없음,보행자,여,38세,경상
2022102800100639,2022년 10월 28일 19시,금요일,충청남도 천안시 서북구 불당동,경상사고,0,0,1,0,차대차 - 기타,신호위반,건조,맑음,단일로 - 기타,승용,여,26세,상해없음,이륜,남,17세,경상
2022102800100640,2022년 10월 28일 19시,금요일,충청남도 천안시 서북구 성정동,중상사고,0,1,0,0,차대차 - 정면충돌,신호위반,건조,맑음,교차로 - 교차로안,승용,남,60세,상해없음,승용,남,40세,중상
2022102800100641,2022년 10월 28일 19시,금요일,충청남도 홍성군 홍성읍,경상사고,0,0,1,0,차대차 - 추돌,안전운전불이행,건조,맑음,단일로 - 기타,승용,남,33세,기타불명,승용,남,23세,경상
2022102800100642,2022년 10월 28일 19시,금요일,충청남도 천안시 동남구 대흥동,경상사고,0,0,1,0,차대사람 - 횡단중,안전운전불이행,건조,맑음,교차로 - 교차로부근,승합,남,63세,상해없음,보행자,남,38세,경상
2022102800100682,2022년 10월 28일 20시,금요일,충청남도 당진시 순성면,경상사고,0,0,1,0,차대차 - 측면충돌,교차로운행방법위반,건조,맑음,교차로 - 교차로안,승용,여,39세,상해없음,승용,여,51세,경상
2022102800100683,2022년 10월 28일 20시,금요일,충청남도 태안군 근흥면,중상사고,0,2,1,0,차대차 - 추돌,안전운전불이행,건조,맑음,교차로 - 교차로부근,승용,여,41세,상해없음,승용,남,36세,경상
2022102800100759,2022년 10월 28일 23시,금요일,충청남도 아산시 배방읍,중상사고,0,1,0,0,차대사람 - 기타,안전운전불이행,건조,맑음,단일로 - 기타,승용,남,39세,상해없음,보행자,여,42세,중상
2022102900100106,2022년 10월 29일 09시,토요일,충청남도 천안시 동남구 신부동,경상사고,0,0,2,0,차대차 - 추돌,안전운전불이행,건조,맑음,단일로 - 기타,승용,남,43세,상해없음,승용,여,49세,경상
2022102900100107,2022년 10월 29일 09시,토요일,충청남도 천안시 동남구 안서동,경상사고,0,0,1,0,차대사람 - 횡단중,보행자보호의무위반,건조,맑음,교차로 - 교차로부근,승용,여,42세,상해없음,보행자,여,25세,경상
2022102900100148,2022년 10월 29일 10시,토요일,충청남도 예산군 광시면,중상사고,0,1,0,0,차대차 - 측면충돌,안전운전불이행,건조,맑음,단일로 - 기타,자전거,남,80세,중상,승용,남,48세,상해없음
2022102900100193,2022년 10월 29일 11시,토요일,충청남도 논산시 벌곡면,경상사고,0,0,1,0,차대차 - 측면충돌,중앙선침범,건조,맑음,단일로 - 기타,승용,여,62세,상해없음,승용,남,65세,경상
2022102900100194,2022년 10월 29일 11시,토요일,충청남도 아산시 인주면,경상사고,0,0,1,0,차대차 - 기타,안전운전불이행,건조,맑음,교차로 - 교차로안,승용,남,63세,상해없음,승용,남,30세,경상
2022102900100231,2022년 10월 29일 12시,토요일,충청남도 당진시 수청동,경상사고,0,0,1,0,차대차 - 기타,안전운전불이행,건조,맑음,교차로 - 교차로안,승용,남,73세,상해없음,승용,여,29세,경상
2022102900100232,2022년 10월 29일 12시,토요일,충청남도 청양군 목면,경상사고,0,0,1,0,차량단독 - 도로외이탈 - 추락,안전운전불이행,건조,맑음,단일로 - 기타,건설기계,남,60세,경상,,,,
2022102900100268,2022년 10월 29일 13시,토요일,충청남도 아산시 인주면,경상사고,0,0,2,0,차대차 - 추돌,안전운전불이행,건조,맑음,단일로 - 기타,승용,여,36세,상해없음,승용,남,55세,경상
2022102900100269,2022년 10월 29일 13시,토요일,충청남도 천안시 동남구 목천읍,경상사고,0,0,1,0,차대차 - 측면충돌,안전운전불이행,건조,맑음,교차로 - 교차로안,이륜,남,19세,기타불명,승용,여,55세,경상
2022102900100311,2022년 10월 29일 14시,토요일,충청남도 천안시 서북구 백석동,경상사고,0,0,1,0,차대차 - 측면충돌,안전운전불이행,건조,맑음,단일로 - 기타,승용,여,39세,상해없음,이륜,남,27세,경상
2022102900100312,2022년 10월 29일 14시,토요일,충청남도 태안군 안면읍,경상사고,0,0,4,0,차대차 - 기타,직진우회전진행방해,건조,맑음,교차로 - 교차로안,승용,여,56세,상해없음,승용,남,41세,경상
2022102900100386,2022년 10월 29일 16시,토요일,충청남도 아산시 온천동,경상사고,0,0,1,0,차대차 - 기타,안전운전불이행,건조,맑음,교차로 - 교차로안,승용,남,64세,상해없음,화물,남,61세,경상
2022102900100388,2022년 10월 29일 16시,토요일,충청남도 청양군 운곡면,경상사고,0,0,1,0,차대차 - 측면충돌,중앙선침범,건조,맑음,단일로 - 기타,승용,남,60세,상해없음,승용,여,56세,경상
2022102900100548,2022년 10월 29일 20시,토요일,충청남도 천안시 동남구 신부동,경상사고,0,0,1,0,차대차 - 측면충돌,안전운전불이행,건조,맑음,교차로 - 교차로부근,승용,남,57세,상해없음,승용,여,62세,경상
2022102900100585,2022년 10월 29일 21시,토요일,충청남도 아산시 득산동,경상사고,0,0,1,0,차대차 - 후진중충돌,안전운전불이행,건조,맑음,기타 - 기타,승용,남,50세,상해없음,승용,남,30세,상해없음
2022102900100586,2022년 10월 29일 21시,토요일,충청남도 예산군 예산읍,경상사고,0,0,3,0,차대차 - 측면충돌,중앙선침범,건조,맑음,단일로 - 기타,승용,남,76세,경상,승용,남,70세,경상
2022102900100587,2022년 10월 29일 21시,토요일,충청남도 천안시 동남구 성남면,중상사고,0,1,0,0,차량단독 - 기타,안전운전불이행,건조,맑음,단일로 - 기타,원동기,남,32세,중상,,,,
2022102900100588,2022년 10월 29일 21시,토요일,충청남도 태안군 소원면,중상사고,0,2,2,0,차량단독 - 전도전복 - 전도,안전운전불이행,건조,맑음,단일로 - 기타,기타불명,남,53세,상해없음,,,,
2022102900100620,2022년 10월 29일 22시,토요일,충청남도 천안시 서북구 성환읍,경상사고,0,0,1,0,차대차 - 추돌,안전운전불이행,건조,맑음,교차로 - 교차로부근,승용,남,61세,상해없음,승용,남,39세,상해없음
2022102900100646,2022년 10월 29일 23시,토요일,충청남도 공주시 사곡면,중상사고,0,2,1,0,차대차 - 정면충돌,중앙선침범,건조,흐림,단일로 - 기타,승용,여,40세,상해없음,승합,남,63세,중상
2022103000100035,2022년 10월 30일 02시,일요일,충청남도 서산시 지곡면,중상사고,0,1,0,0,차량단독 - 공작물충돌,안전운전불이행,젖음/습기,안개,단일로 - 기타,승용,남,30세,중상,,,,
2022103000100061,2022년 10월 30일 05시,일요일,충청남도 천안시 서북구 두정동,경상사고,0,0,1,0,차대사람 - 기타,안전운전불이행,건조,맑음,교차로 - 교차로부근,승용,남,23세,상해없음,보행자,여,25세,경상
2022103000100097,2022년 10월 30일 08시,일요일,충청남도 홍성군 홍북읍,경상사고,0,0,2,0,차대차 - 추돌,안전운전불이행,건조,맑음,교차로 - 교차로안,승용,남,33세,상해없음,승용,남,32세,경상
2022103000100114,2022년 10월 30일 09시,일요일,충청남도 태안군 안면읍,경상사고,0,0,6,0,차대차 - 기타,교차로운행방법위반,건조,맑음,단일로 - 기타,승용,남,57세,경상,승용,여,60세,경상
2022103000100135,2022년 10월 30일 10시,일요일,충청남도 천안시 서북구 성성동,경상사고,0,0,1,0,차대차 - 측면충돌,안전운전불이행,건조,맑음,교차로 - 교차로안,승용,남,58세,상해없음,승용,남,31세,경상
2022103000100158,2022년 10월 30일 11시,일요일,충청남도 예산군 삽교읍,경상사고,0,0,2,0,차대차 - 측면충돌,안전운전불이행,건조,맑음,단일로 - 기타,승용,남,77세,상해없음,화물,여,37세,경상
2022103000100224,2022년 10월 30일 13시,일요일,충청남도 아산시 염치읍,경상사고,0,0,4,0,차대차 - 추돌,안전운전불이행,건조,맑음,단일로 - 기타,승용,남,29세,상해없음,승용,남,37세,경상
2022103000100258,2022년 10월 30일 14시,일요일,충청남도 아산시 온천동,경상사고,0,0,1,0,차대차 - 기타,안전운전불이행,건조,맑음,교차로 - 교차로안,승용,남,23세,상해없음,승용,남,25세,경상
2022103000100280,2022년 10월 30일 15시,일요일,충청남도 공주시 반포면,경상사고,0,0,1,0,차대사람 - 기타,안전운전불이행,건조,맑음,기타 - 기타,승용,남,25세,상해없음,보행자,여,25세,경상
2022103000100281,2022년 10월 30일 15시,일요일,충청남도 예산군 예산읍,경상사고,0,0,5,0,차대차 - 정면충돌,중앙선침범,건조,맑음,단일로 - 기타,승용,남,81세,경상,승용,여,39세,경상
2022103000100283,2022년 10월 30일 15시,일요일,충청남도 당진시 신평면,중상사고,0,1,0,0,차대차 - 추돌,안전운전불이행,건조,맑음,단일로 - 교량,승용,남,29세,상해없음,승용,남,46세,중상
2022103000100307,2022년 10월 30일 16시,일요일,충청남도 서산시 지곡면,경상사고,0,0,2,0,차대차 - 측면충돌,교차로운행방법위반,건조,맑음,교차로 - 교차로안,승용,여,42세,경상,승용,남,54세,경상
2022103000100308,2022년 10월 30일 16시,일요일,충청남도 홍성군 광천읍,중상사고,0,1,0,0,차대사람 - 횡단중,안전운전불이행,건조,맑음,단일로 - 기타,승용,남,54세,상해없음,보행자,여,6세,중상
2022103000100338,2022년 10월 30일 17시,일요일,충청남도 홍성군 광천읍,경상사고,0,0,4,0,차대차 - 추돌,안전운전불이행,건조,맑음,교차로 - 교차로부근,승용,여,54세,상해없음,승용,남,46세,경상
2022103000100369,2022년 10월 30일 18시,일요일,충청남도 천안시 서북구 불당동,경상사고,0,0,1,0,차대차 - 측면충돌,중앙선침범,건조,맑음,교차로 - 교차로부근,이륜,남,41세,상해없음,승용,여,26세,경상
2022103000100370,2022년 10월 30일 18시,일요일,충청남도 천안시 동남구 목천읍,중상사고,0,1,0,0,차대사람 - 기타,안전운전불이행,건조,맑음,기타 - 기타,이륜,남,64세,상해없음,보행자,여,50세,중상
2022103000100396,2022년 10월 30일 19시,일요일,충청남도 아산시 배방읍,경상사고,0,0,1,0,차대차 - 측면충돌,안전운전불이행,건조,맑음,교차로 - 교차로안,승용,여,61세,상해없음,승용,남,39세,경상
2022103000100437,2022년 10월 30일 22시,일요일,충청남도 아산시 둔포면,경상사고,0,0,1,0,차대차 - 기타,안전운전불이행,건조,맑음,교차로 - 교차로안,승용,남,25세,상해없음,이륜,남,37세,경상
2022103000100443,2022년 10월 30일 23시,일요일,충청남도 천안시 서북구 성정동,경상사고,0,0,1,0,차대사람 - 차도통행중,안전운전불이행,건조,맑음,단일로 - 기타,기타불명,기타불명,미분류,기타불명,보행자,남,46세,경상
2022103100100038,2022년 10월 31일 06시,월요일,충청남도 보령시 궁촌동,경상사고,0,0,1,0,차대사람 - 횡단중,보행자보호의무위반,건조,기타,교차로 - 교차로안,승용,남,48세,상해없음,보행자,남,83세,경상
2022103100100056,2022년 10월 31일 07시,월요일,충청남도 서산시 성연면,경상사고,0,0,3,0,차대차 - 추돌,안전운전불이행,건조,맑음,교차로 - 교차로부근,승용,남,36세,상해없음,승용,남,26세,경상
2022103100100089,2022년 10월 31일 08시,월요일,충청남도 당진시 읍내동,경상사고,0,0,1,0,차대차 - 기타,신호위반,건조,맑음,교차로 - 교차로안,승용,남,82세,상해없음,승용,여,40세,경상
2022103100100090,2022년 10월 31일 08시,월요일,충청남도 천안시 동남구 수신면,경상사고,0,0,1,0,차대차 - 측면충돌,안전운전불이행,건조,맑음,단일로 - 기타,화물,남,73세,상해없음,승용,여,60세,경상
2022103100100137,2022년 10월 31일 09시,월요일,충청남도 천안시 서북구 두정동,중상사고,0,1,0,0,차대차 - 기타,안전운전불이행,건조,맑음,단일로 - 기타,승용,남,60세,상해없음,승용,여,57세,상해없음
2022103100100138,2022년 10월 31일 09시,월요일,충청남도 서천군 종천면,경상사고,0,0,3,0,차대차 - 측면충돌,안전운전불이행,건조,맑음,교차로 - 교차로부근,화물,여,55세,경상,승용,남,37세,경상
2022103100100197,2022년 10월 31일 11시,월요일,충청남도 천안시 서북구 성정동,경상사고,0,0,1,0,차대차 - 추돌,안전운전불이행,건조,맑음,교차로 - 교차로안,이륜,남,32세,상해없음,승용,남,59세,경상
2022103100100265,2022년 10월 31일 13시,월요일,충청남도 공주시 무릉동,경상사고,0,0,2,0,차대차 - 측면충돌,기타,건조,맑음,단일로 - 기타,승용,남,20세,상해없음,승용,남,75세,상해없음
2022103100100301,2022년 10월 31일 14시,월요일,충청남도 천안시 동남구 안서동,경상사고,0,0,1,0,차대차 - 추돌,안전운전불이행,건조,맑음,기타 - 기타,승용,여,34세,상해없음,승용,남,27세,경상
2022103100100345,2022년 10월 31일 15시,월요일,충청남도 천안시 서북구 쌍용동,부상신고사고,0,0,0,1,차대차 - 기타,안전운전불이행,건조,맑음,단일로 - 기타,이륜,남,66세,부상신고,승용,남,35세,상해없음
2022103100100346,2022년 10월 31일 15시,월요일,충청남도 논산시 화지동,중상사고,0,2,1,0,차대차 - 측면충돌,교차로운행방법위반,건조,맑음,교차로 - 교차로안,승합,남,56세,경상,승용,남,33세,중상
2022103100100421,2022년 10월 31일 17시,월요일,충청남도 서산시 인지면,경상사고,0,0,3,0,차대차 - 측면충돌,안전운전불이행,건조,맑음,교차로 - 교차로안,승용,남,57세,경상,승용,여,61세,경상
2022103100100422,2022년 10월 31일 17시,월요일,충청남도 천안시 동남구 풍세면,경상사고,0,0,3,0,차대차 - 기타,신호위반,건조,맑음,교차로 - 교차로안,승용,남,67세,상해없음,화물,남,41세,경상
2022103100100474,2022년 10월 31일 18시,월요일,충청남도 서산시 해미면,경상사고,0,0,2,0,차대차 - 추돌,안전운전불이행,건조,맑음,단일로 - 기타,승용,여,27세,상해없음,승용,여,36세,경상
2022103100100475,2022년 10월 31일 18시,월요일,충청남도 천안시 서북구 성환읍,중상사고,0,1,0,0,차대차 - 측면충돌,안전운전불이행,건조,맑음,교차로 - 교차로안,승용,남,43세,상해없음,자전거,남,66세,중상
2022103100100476,2022년 10월 31일 18시,월요일,충청남도 홍성군 홍성읍,경상사고,0,0,1,0,차대차 - 추돌,안전운전불이행,건조,맑음,단일로 - 기타,승용,여,55세,상해없음,승용,여,29세,경상
2022103100100477,2022년 10월 31일 18시,월요일,충청남도 아산시 탕정면,경상사고,0,0,1,0,차대차 - 기타,안전거리미확보,건조,맑음,단일로 - 기타,화물,남,26세,상해없음,승용,여,35세,경상
2022103100100478,2022년 10월 31일 18시,월요일,충청남도 당진시 송산면,중상사고,0,1,0,0,차대사람 - 횡단중,안전운전불이행,건조,맑음,단일로 - 기타,승용,여,50세,상해없음,보행자,여,87세,중상
2022103100100479,2022년 10월 31일 18시,월요일,충청남도 당진시 송악읍,경상사고,0,0,1,0,차대차 - 추돌,안전거리미확보,건조,맑음,단일로 - 기타,화물,남,43세,상해없음,승용,남,58세,경상
2022103100100528,2022년 10월 31일 19시,월요일,충청남도 서산시 읍내동,경상사고,0,0,2,0,차대차 - 측면충돌,안전운전불이행,건조,맑음,단일로 - 기타,승용,남,70세,상해없음,승용,남,29세,경상
2022103100100529,2022년 10월 31일 19시,월요일,충청남도 서산시 읍내동,경상사고,0,0,2,0,차대차 - 기타,교차로운행방법위반,건조,맑음,교차로 - 교차로안,승용,남,42세,상해없음,승용,남,52세,경상
2022103100100557,2022년 10월 31일 20시,월요일,충청남도 서산시 인지면,경상사고,0,0,1,0,차대차 - 측면충돌,안전거리미확보,건조,맑음,단일로 - 기타,승용,남,56세,상해없음,승용,남,35세,경상