사고번호,사고일시,요일,시군구,사고내용,사망자수,중상자수,경상자수,부상신고자수,사고유형,법규위반,노면상태,기상상태,도로형태,가해운전자 차종,가해운전자 성별,가해운전자 연령,가해운전자 상해정도,피해운전자 차종,피해운전자 성별,피해운전자 연령,피해운전자 상해정도
2022110500100180,2022년 11월 5일 11시,토요일,충청남도 천안시 동남구 신부동,경상사고,0,0,1,0,차대차 - 정면충돌,교차로운행방법위반,건조,맑음,교차로 - 교차로안,승용,여,53세,상해없음,이륜,남,26세,경상
2022110500100220,2022년 11월 5일 12시,토요일,충청남도 서산시 인지면,경상사고,0,0,2,0,차대차 - 추돌,안전거리미확보,건조,맑음,단일로 - 기타,승용,남,75세,경상,승용,남,48세,경상
2022110500100221,2022년 11월 5일 12시,토요일,충청남도 아산시 좌부동,경상사고,0,0,4,0,차대차 - 측면충돌,중앙선침범,건조,맑음,단일로 - 기타,승용,남,40세,상해없음,승용,남,34세,경상
2022110500100222,2022년 11월 5일 12시,토요일,충청남도 아산시 신창면,경상사고,0,0,2,0,차대차 - 추돌,안전운전불이행,건조,맑음,기타 - 기타,승용,남,25세,상해없음,승용,남,33세,경상
2022110500100223,2022년 11월 5일 12시,토요일,충청남도 천안시 동남구 신부동,경상사고,0,0,1,0,차대차 - 측면충돌,안전거리미확보,건조,맑음,단일로 - 기타,승용,남,57세,상해없음,승용,남,59세,경상
2022110500100269,2022년 11월 5일 13시,토요일,충청남도 논산시 내동,경상사고,0,0,2,0,차대차 - 측면충돌,교차로운행방법위반,건조,맑음,교차로 - 교차로안,승용,남,21세,상해없음,승용,남,32세,경상
2022110500100270,2022년 11월 5일 13시,토요일,충청남도 아산시 염치읍,경상사고,0,0,2,0,차대차 - 기타,안전운전불이행,건조,맑음,교차로 - 교차로부근,화물,남,56세,기타불명,승용,남,63세,상해없음
2022110500100323,2022년 11월 5일 14시,토요일,충청남도 천안시 서북구 두정동,경상사고,0,0,1,0,차대차 - 기타,안전운전불이행,건조,맑음,기타 - 기타,승용,여,20세,상해없음,이륜,남,18세,상해없음
2022110500100324,2022년 11월 5일 14시,토요일,충청남도 홍성군 홍성읍,중상사고,0,1,0,0,차대차 - 정면충돌,안전운전불이행,건조,맑음,단일로 - 기타,승용,남,41세,상해없음,승용,남,52세,중상
2022110500100325,2022년 11월 5일 14시,토요일,충청남도 아산시 염치읍,경상사고,0,0,3,0,차대차 - 정면충돌,중앙선침범,건조,맑음,단일로 - 기타,승용,남,69세,상해없음,승용,남,64세,경상
2022110500100326,2022년 11월 5일 14시,토요일,충청남도 천안시 동남구 안서동,경상사고,0,0,1,0,차대사람 - 횡단중,보행자보호의무위반,건조,맑음,교차로 - 교차로안,승용,남,61세,상해없음,보행자,여,68세,경상
2022110500100372,2022년 11월 5일 15시,토요일,충청남도 예산군 예산읍,경상사고,0,0,3,0,차대차 - 후진중충돌,안전운전불이행,건조,맑음,주차장 - 주차장,화물,남,63세,상해없음,승용,남,33세,경상
2022110500100373,2022년 11월 5일 15시,토요일,충청남도 천안시 동남구 목천읍,경상사고,0,0,1,0,차대차 - 정면충돌,안전운전불이행,건조,맑음,교차로 - 교차로안,화물,남,70세,상해없음,승용,여,54세,경상
2022110500100414,2022년 11월 5일 16시,토요일,충청남도 서산시 동문동,경상사고,0,0,1,0,차대사람 - 차도통행중,안전운전불이행,건조,맑음,단일로 - 기타,승용,남,60세,상해없음,보행자,여,65세,경상
2022110500100415,2022년 11월 5일 16시,토요일,충청남도 당진시 송악읍,경상사고,0,0,1,0,차대차 - 기타,신호위반,건조,맑음,교차로 - 교차로안,승용,남,56세,상해없음,승합,여,53세,경상
2022110500100501,2022년 11월 5일 18시,토요일,충청남도 홍성군 홍성읍,중상사고,0,1,0,0,차대차 - 추돌,안전운전불이행,건조,맑음,교차로 - 교차로부근,화물,남,70세,상해없음,승용,여,46세,중상
2022110500100502,2022년 11월 5일 18시,토요일,충청남도 아산시 둔포면,경상사고,0,0,2,0,차대차 - 측면충돌,안전운전불이행,건조,맑음,교차로 - 교차로안,승용,여,53세,경상,승용,여,36세,경상
2022110500100503,2022년 11월 5일 18시,토요일,충청남도 당진시 대덕동,경상사고,0,0,1,0,차대차 - 기타,안전운전불이행,건조,맑음,교차로 - 교차로안,승용,남,70세,상해없음,화물,남,65세,경상
2022110500100555,2022년 11월 5일 19시,토요일,충청남도 당진시 읍내동,중상사고,0,1,0,0,차대사람 - 횡단중,보행자보호의무위반,건조,맑음,교차로 - 교차로횡단보도내,승용,남,75세,상해없음,보행자,남,66세,중상
2022110500100603,2022년 11월 5일 21시,토요일,충청남도 서산시 예천동,경상사고,0,0,1,0,차대차 - 정면충돌,안전운전불이행,건조,맑음,교차로 - 교차로횡단보도내,승용,남,22세,상해없음,개인형이동수단(PM),남,63세,경상
2022110500100604,2022년 11월 5일 21시,토요일,충청남도 보령시 명천동,경상사고,0,0,2,0,차대차 - 추돌,안전운전불이행,건조,맑음,교차로 - 교차로부근,승용,남,36세,상해없음,승용,남,53세,경상
2022110600100006,2022년 11월 6일 00시,일요일,충청남도 아산시 음봉면,중상사고,0,1,0,0,차대차 - 추돌,안전운전불이행,건조,맑음,교차로 - 교차로부근,승용,남,40세,상해없음,이륜,남,31세,중상
2022110600100024,2022년 11월 6일 01시,일요일,충청남도 금산군 추부면,중상사고,0,1,0,0,차량단독 - 공작물충돌,안전운전불이행,건조,흐림,단일로 - 기타,화물,남,48세,중상,,,,
2022110600100033,2022년 11월 6일 02시,일요일,충청남도 천안시 서북구 두정동,경상사고,0,0,1,0,차대사람 - 기타,안전운전불이행,건조,맑음,기타 - 기타,승용,남,35세,상해없음,보행자,남,45세,경상
2022110600100034,2022년 11월 6일 02시,일요일,충청남도 홍성군 홍성읍,경상사고,0,0,1,0,차대사람 - 횡단중,보행자보호의무위반,건조,맑음,교차로 - 교차로안,승용,남,56세,상해없음,보행자,남,34세,경상
2022110600100045,2022년 11월 6일 03시,일요일,충청남도 천안시 동남구 영성동,중상사고,0,1,0,0,차대사람 - 횡단중,안전운전불이행,건조,맑음,기타 - 기타,승용,여,37세,상해없음,보행자,여,76세,중상
2022110600100079,2022년 11월 6일 07시,일요일,충청남도 논산시 광석면,경상사고,0,0,1,0,차대차 - 측면충돌,신호위반,건조,맑음,교차로 - 교차로안,화물,남,42세,상해없음,화물,여,61세,경상
2022110600100080,2022년 11월 6일 07시,일요일,충청남도 보령시 명천동,경상사고,0,0,1,0,차대차 - 측면충돌,신호위반,건조,맑음,교차로 - 교차로안,승용,남,66세,상해없음,승용,남,35세,경상
2022110600100108,2022년 11월 6일 09시,일요일,충청남도 천안시 서북구 불당동,경상사고,0,0,1,0,차대차 - 측면충돌,안전운전불이행,건조,맑음,교차로 - 교차로부근,건설기계,남,69세,상해없음,승용,남,54세,경상
2022110600100130,2022년 11월 6일 10시,일요일,충청남도 서천군 마산면,중상사고,0,2,2,0,차대차 - 정면충돌,중앙선침범,건조,맑음,교차로 - 교차로부근,화물,남,48세,상해없음,승용,남,67세,중상
2022110600100131,2022년 11월 6일 10시,일요일,충청남도 당진시 합덕읍,경상사고,0,0,1,0,차대차 - 기타,안전운전불이행,건조,맑음,교차로 - 교차로안,승용,남,49세,상해없음,승용,여,48세,경상
2022110600100184,2022년 11월 6일 12시,일요일,충청남도 천안시 서북구 불당동,경상사고,0,0,1,0,차대사람 - 횡단중,보행자보호의무위반,건조,맑음,단일로 - 기타,승용,여,55세,상해없음,보행자,남,52세,경상
2022110600100185,2022년 11월 6일 12시,일요일,충청남도 아산시 둔포면,경상사고,0,0,1,0,차대차 - 측면충돌,교차로운행방법위반,건조,맑음,교차로 - 교차로안,승용,남,26세,상해없음,승용,남,51세,경상
2022110600100264,2022년 11월 6일 14시,일요일,충청남도 공주시 신관동,경상사고,0,0,2,0,차대차 - 추돌,안전운전불이행,건조,맑음,단일로 - 기타,승합,남,63세,상해없음,승용,남,38세,경상
2022110600100265,2022년 11월 6일 14시,일요일,충청남도 예산군 예산읍,중상사고,0,1,0,0,차대차 - 추돌,안전운전불이행,건조,맑음,교차로 - 교차로안,승용,남,36세,상해없음,승용,남,43세,중상
2022110600100266,2022년 11월 6일 14시,일요일,충청남도 천안시 동남구 병천면,경상사고,0,0,1,0,차대사람 - 기타,안전운전불이행,건조,맑음,단일로 - 기타,승용,남,70세,상해없음,보행자,남,58세,경상
2022110600100267,2022년 11월 6일 14시,일요일,충청남도 당진시 사기소동,경상사고,0,0,2,0,차대차 - 추돌,안전운전불이행,건조,맑음,단일로 - 기타,승용,남,31세,상해없음,승용,남,50세,경상
2022110600100336,2022년 11월 6일 16시,일요일,충청남도 부여군 은산면,경상사고,0,0,1,0,차량단독 - 공작물충돌,안전운전불이행,건조,맑음,단일로 - 기타,승용,남,64세,경상,,,,
2022110600100365,2022년 11월 6일 17시,일요일,충청남도 아산시 풍기동,중상사고,0,1,0,0,차대사람 - 보도통행중,신호위반,건조,맑음,교차로 - 교차로횡단보도내,원동기,남,37세,상해없음,보행자,남,10세,중상
2022110600100366,2022년 11월 6일 17시,일요일,충청남도 태안군 근흥면,중상사고,0,2,1,0,차대차 - 기타,신호위반,건조,맑음,교차로 - 교차로안,화물,남,66세,상해없음,승용,여,52세,경상
2022110600100402,2022년 11월 6일 18시,일요일,충청남도 논산시 채운면,사망사고,1,0,0,0,차대사람 - 기타,안전운전불이행,건조,맑음,단일로 - 기타,화물,남,65세,상해없음,보행자,남,66세,사망
2022110600100403,2022년 11월 6일 18시,일요일,충청남도 부여군 충화면,경상사고,0,0,1,0,차량단독 - 도로외이탈 - 추락,안전운전불이행,건조,맑음,기타 - 기타,승용,여,53세,경상,,,,
2022110600100493,2022년 11월 6일 21시,일요일,충청남도 천안시 동남구 대흥동,경상사고,0,0,1,0,차대사람 - 기타,기타,건조,맑음,단일로 - 기타,승합,남,49세,상해없음,보행자,남,23세,경상
2022110700100014,2022년 11월 7일 03시,월요일,충청남도 서산시 해미면,경상사고,0,0,2,0,차대차 - 기타,안전운전불이행,건조,맑음,교차로 - 교차로안,승용,남,27세,기타불명,승용,여,59세,경상
2022110700100015,2022년 11월 7일 03시,월요일,충청남도 천안시 서북구 성정동,부상신고사고,0,0,0,1,차량단독 - 공작물충돌,안전운전불이행,건조,맑음,교차로 - 교차로안,이륜,남,44세,부상신고,,,,
2022110700100035,2022년 11월 7일 06시,월요일,충청남도 아산시 탕정면,경상사고,0,0,1,0,차대차 - 기타,안전운전불이행,건조,맑음,교차로 - 교차로부근,승용,여,63세,기타불명,승용,남,38세,경상
2022110700100091,2022년 11월 7일 08시,월요일,충청남도 태안군 남면,사망사고,1,0,0,0,차대사람 - 횡단중,신호위반,건조,맑음,단일로 - 기타,건설기계,남,61세,상해없음,보행자,여,71세,사망
2022110700100143,2022년 11월 7일 09시,월요일,충청남도 공주시 신관동,경상사고,0,0,1,0,차대차 - 측면충돌,신호위반,건조,맑음,교차로 - 교차로안,자전거,남,80세,경상,승용,여,67세,상해없음
2022110700100144,2022년 11월 7일 09시,월요일,충청남도 천안시 동남구 신부동,경상사고,0,0,1,0,차대차 - 기타,안전운전불이행,건조,맑음,단일로 - 기타,승용,남,54세,상해없음,자전거,여,54세,경상
2022110700100145,2022년 11월 7일 09시,월요일,충청남도 천안시 동남구 안서동,중상사고,0,1,0,0,차대사람 - 횡단중,보행자보호의무위반,건조,맑음,기타 - 기타,승용,남,74세,상해없음,보행자,남,28세,중상
2022110700100187,2022년 11월 7일 10시,월요일,충청남도 당진시 행정동,경상사고,0,0,4,0,차대차 - 측면충돌,안전거리미확보,건조,맑음,단일로 - 기타,승용,남,75세,경상,승용,남,29세,경상
2022110700100188,2022년 11월 7일 10시,월요일,충청남도 당진시 채운동,경상사고,0,0,1,0,차대차 - 추돌,안전운전불이행,건조,맑음,단일로 - 기타,승용,남,62세,상해없음,승용,남,35세,경상
2022110700100189,2022년 11월 7일 10시,월요일,충청남도 천안시 동남구 대흥동,경상사고,0,0,1,0,차대사람 - 보도통행중,기타,건조,맑음,단일로 - 기타,승용,남,61세,상해없음,보행자,남,39세,경상
2022110700100218,2022년 11월 7일 11시,월요일,충청남도 아산시 온천동,경상사고,0,0,1,0,차대차 - 기타,신호위반,건조,맑음,교차로 - 교차로안,이륜,남,49세,상해없음,승용,남,31세,경상
2022110700100219,2022년 11월 7일 11시,월요일,충청남도 청양군 남양면,중상사고,0,1,0,0,차량단독 - 기타,안전운전불이행,건조,맑음,단일로 - 기타,원동기,남,25세,중상,,,,
2022110700100253,2022년 11월 7일 12시,월요일,충청남도 천안시 서북구 입장면,경상사고,0,0,1,0,차대차 - 측면충돌,교차로운행방법위반,건조,맑음,교차로 - 교차로부근,화물,남,57세,상해없음,승용,남,62세,경상
2022110700100254,2022년 11월 7일 12시,월요일,충청남도 보령시 주교면,중상사고,0,1,0,0,차대차 - 측면충돌,안전운전불이행,건조,맑음,교차로 - 교차로안,이륜,남,51세,중상,승용,남,23세,상해없음
2022110700100255,2022년 11월 7일 12시,월요일,충청남도 천안시 동남구 원성동,중상사고,0,1,0,0,차대차 - 측면충돌,중앙선침범,건조,맑음,교차로 - 교차로안,원동기,남,23세,상해없음,원동기,남,41세,중상
2022110700100282,2022년 11월 7일 13시,월요일,충청남도 논산시 화지동,경상사고,0,0,1,0,차대차 - 추돌,안전운전불이행,건조,맑음,단일로 - 기타,승용,기타불명,미분류,기타불명,승용,남,26세,경상
2022110700100315,2022년 11월 7일 14시,월요일,충청남도 천안시 서북구 두정동,경상사고,0,0,1,0,차대사람 - 차도통행중,안전운전불이행,건조,맑음,단일로 - 기타,승용,남,57세,기타불명,보행자,여,38세,경상
2022110700100316,2022년 11월 7일 14시,월요일,충청남도 보령시 청소면,중상사고,0,1,1,0,차대차 - 추돌,안전운전불이행,건조,맑음,단일로 - 기타,승용,여,26세,중상,승용,남,48세,경상
2022110700100352,2022년 11월 7일 15시,월요일,충청남도 아산시 인주면,경상사고,0,0,1,0,차대차 - 기타,안전운전불이행,건조,맑음,단일로 - 기타,화물,남,48세,상해없음,승용,남,30세,경상
2022110700100443,2022년 11월 7일 17시,월요일,충청남도 천안시 서북구 불당동,경상사고,0,0,1,0,차대차 - 추돌,안전운전불이행,건조,맑음,단일로 - 기타,승용,남,59세,상해없음,승용,남,52세,경상
2022110700100444,2022년 11월 7일 17시,월요일,충청남도 공주시 반포면,경상사고,0,0,1,0,차대차 - 측면충돌,안전운전불이행,건조,흐림,교차로 - 교차로부근,화물,여,58세,상해없음,화물,남,48세,경상
2022110700100445,2022년 11월 7일 17시,월요일,충청남도 당진시 대덕동,경상사고,0,0,1,0,차대차 - 측면충돌,교차로운행방법위반,건조,맑음,교차로 - 교차로안,승용,남,65세,상해없음,승용,여,19세,경상
2022110700100494,2022년 11월 7일 18시,월요일,충청남도 서산시 석림동,경상사고,0,0,1,1,차대차 - 추돌,안전거리미확보,건조,맑음,교차로 - 교차로부근,농기계,남,70세,부상신고,승용,남,66세,경상
2022110700100495,2022년 11월 7일 18시,월요일,충청남도 천안시 서북구 백석동,경상사고,0,0,1,0,차대차 - 기타,안전운전불이행,건조,맑음,단일로 - 기타,이륜,남,42세,상해없음,승용,남,21세,경상
2022110700100496,2022년 11월 7일 18시,월요일,충청남도 서천군 장항읍,중상사고,0,1,0,0,차대차 - 기타,안전운전불이행,건조,맑음,단일로 - 기타,승용,여,54세,상해없음,자전거,남,61세,중상
2022110700100568,2022년 11월 7일 20시,월요일,충청남도 천안시 서북구 성정동,경상사고,0,0,1,0,차대차 - 측면충돌,불법유턴,건조,맑음,교차로 - 교차로부근,이륜,남,68세,상해없음,이륜,남,36세,경상
2022110700100609,2022년 11월 7일 22시,월요일,충청남도 서산시 고북면,경상사고,0,0,1,0,차대차 - 측면충돌,안전운전불이행,건조,맑음,교차로 - 교차로안,승용,남,68세,상해없음,승용,남,61세,경상
2022110800100050,2022년 11월 8일 06시,화요일,충청남도 아산시 온천동,경상사고,0,0,1,0,차대차 - 추돌,안전운전불이행,건조,맑음,교차로 - 교차로부근,승용,남,45세,상해없음,승용,남,44세,경상
2022110800100069,2022년 11월 8일 07시,화요일,충청남도 천안시 서북구 쌍용동,경상사고,0,0,1,0,차대차 - 측면충돌,안전운전불이행,건조,맑음,교차로 - 교차로안,승용,여,54세,상해없음,자전거,여,14세,경상
2022110800100070,2022년 11월 8일 07시,화요일,충청남도 서천군 마서면,중상사고,0,1,0,0,차대사람 - 기타,기타,건조,맑음,단일로 - 기타,화물,남,47세,상해없음,보행자,여,87세,중상
2022110800100107,2022년 11월 8일 08시,화요일,충청남도 천안시 서북구 직산읍,경상사고,0,0,1,0,차대차 - 기타,안전운전불이행,건조,맑음,기타 - 기타,승용,여,31세,상해없음,승용,여,44세,경상
2022110800100108,2022년 11월 8일 08시,화요일,충청남도 천안시 서북구 업성동,경상사고,0,0,1,0,차대차 - 기타,안전거리미확보,건조,맑음,단일로 - 기타,승용,여,34세,상해없음,승용,남,25세,경상
2022110800100109,2022년 11월 8일 08시,화요일,충청남도 공주시 봉황동,경상사고,0,0,1,0,차대차 - 측면충돌,차로위반,건조,맑음,기타 - 기타,승용,여,33세,상해없음,승용,여,41세,경상
2022110800100110,2022년 11월 8일 08시,화요일,충청남도 당진시 석문면,중상사고,0,1,1,0,차대차 - 측면충돌,신호위반,건조,맑음,교차로 - 교차로안,화물,남,61세,중상,특수,남,58세,경상
2022110800100183,2022년 11월 8일 10시,화요일,충청남도 예산군 삽교읍,경상사고,0,0,1,0,차대차 - 정면충돌,교차로운행방법위반,건조,맑음,교차로 - 교차로안,화물,남,71세,상해없음,승용,남,26세,경상
2022110800100184,2022년 11월 8일 10시,화요일,충청남도 천안시 동남구 안서동,경상사고,0,0,1,0,차대차 - 추돌,안전거리미확보,건조,맑음,교차로 - 교차로부근,승용,남,52세,상해없음,승용,남,31세,경상
2022110800100213,2022년 11월 8일 11시,화요일,충청남도 공주시 신관동,중상사고,0,1,0,0,차대사람 - 보도통행중,신호위반,건조,맑음,교차로 - 교차로횡단보도내,승용,남,66세,상해없음,보행자,남,53세,중상
2022110800100252,2022년 11월 8일 12시,화요일,충청남도 천안시 동남구 안서동,경상사고,0,0,1,0,차대차 - 기타,안전거리미확보,건조,맑음,단일로 - 기타,승용,여,53세,상해없음,승용,남,51세,경상
2022110800100253,2022년 11월 8일 12시,화요일,충청남도 태안군 근흥면,부상신고사고,0,0,0,4,차대차 - 기타,안전운전불이행,건조,맑음,단일로 - 기타,승용,남,30세,상해없음,승용,남,57세,부상신고
2022110800100254,2022년 11월 8일 12시,화요일,충청남도 천안시 동남구 광덕면,경상사고,0,0,1,0,차대차 - 후진중충돌,기타,건조,맑음,기타 - 기타,특수,남,30세,상해없음,특수,남,31세,경상
2022110800100281,2022년 11월 8일 13시,화요일,충청남도 천안시 서북구 두정동,중상사고,0,1,0,0,차대차 - 기타,안전거리미확보,건조,맑음,단일로 - 기타,승용,남,28세,상해없음,이륜,남,29세,중상
2022110800100315,2022년 11월 8일 14시,화요일,충청남도 서산시 성연면,경상사고,0,0,1,0,차대차 - 추돌,안전운전불이행,건조,맑음,단일로 - 기타,화물,남,73세,상해없음,승용,남,45세,경상
2022110800100316,2022년 11월 8일 14시,화요일,충청남도 천안시 동남구 수신면,경상사고,0,0,2,0,차대차 - 정면충돌,안전운전불이행,건조,맑음,기타 - 기타,승용,남,34세,경상,승용,남,59세,경상
2022110800100356,2022년 11월 8일 15시,화요일,충청남도 서천군 서천읍,중상사고,0,1,0,0,차대사람 - 횡단중,보행자보호의무위반,건조,맑음,교차로 - 교차로횡단보도내,이륜,남,18세,상해없음,보행자,여,73세,중상
2022110800100395,2022년 11월 8일 16시,화요일,충청남도 당진시 우강면,경상사고,0,0,1,0,차대사람 - 기타,안전운전불이행,건조,맑음,미분류 - 미분류,화물,남,71세,상해없음,보행자,여,68세,경상
2022110800100441,2022년 11월 8일 17시,화요일,충청남도 서산시 성연면,경상사고,0,0,1,0,차대차 - 측면충돌,교차로운행방법위반,건조,맑음,교차로 - 교차로안,승용,여,36세,상해없음,이륜,남,54세,경상
2022110800100442,2022년 11월 8일 17시,화요일,충청남도 천안시 서북구 성정동,경상사고,0,0,1,0,차대차 - 기타,안전운전불이행,건조,맑음,교차로 - 교차로부근,화물,남,59세,상해없음,승용,여,41세,경상
2022110800100501,2022년 11월 8일 18시,화요일,충청남도 천안시 서북구 불당동,경상사고,0,0,1,0,차대차 - 기타,안전운전불이행,건조,맑음,기타 - 기타,개인형이동수단(PM),여,43세,경상,자전거,남,42세,상해없음
2022110800100502,2022년 11월 8일 18시,화요일,충청남도 천안시 서북구 두정동,중상사고,0,1,0,0,차대차 - 추돌,안전운전불이행,건조,맑음,단일로 - 기타,승용,남,67세,상해없음,건설기계,남,60세,상해없음
2022110800100503,2022년 11월 8일 18시,화요일,충청남도 논산시 부창동,사망사고,1,0,1,0,차대차 - 정면충돌,중앙선침범,건조,맑음,단일로 - 기타,이륜,남,80세,사망,승용,남,37세,경상
2022110800100504,2022년 11월 8일 18시,화요일,충청남도 천안시 동남구 신부동,중상사고,0,1,0,0,차대차 - 추돌,안전거리미확보,건조,맑음,단일로 - 기타,승용,남,39세,상해없음,승용,여,59세,중상
2022110800100505,2022년 11월 8일 18시,화요일,충청남도 태안군 태안읍,중상사고,0,1,0,0,차대사람 - 차도통행중,보행자보호의무위반,건조,맑음,단일로 - 기타,승용,남,66세,상해없음,보행자,여,89세,중상
2022110800100562,2022년 11월 8일 19시,화요일,충청남도 천안시 동남구 신부동,경상사고,0,0,1,0,차대차 - 측면충돌,차로위반,건조,맑음,기타 - 기타,승용,남,64세,상해없음,승용,남,34세,경상
2022110800100596,2022년 11월 8일 20시,화요일,충청남도 서산시 동문동,경상사고,0,0,2,0,차대차 - 기타,안전운전불이행,건조,맑음,교차로 - 교차로부근,승용,여,67세,상해없음,승용,남,37세,경상
2022110900100024,2022년 11월 9일 04시,수요일,충청남도 태안군 태안읍,중상사고,0,1,0,0,차대사람 - 차도통행중,안전운전불이행,젖음/습기,안개,교차로 - 교차로안,승용,남,61세,상해없음,보행자,여,53세,중상
2022110900100043,2022년 11월 9일 06시,수요일,충청남도 아산시 초사동,경상사고,0,0,1,1,차대차 - 추돌,안전운전불이행,건조,맑음,단일로 - 기타,승용,여,49세,부상신고,승용,남,36세,경상
2022110900100044,2022년 11월 9일 06시,수요일,충청남도 아산시 온천동,중상사고,0,1,0,0,차대차 - 측면충돌,안전운전불이행,건조,맑음,교차로 - 교차로안,화물,남,67세,상해없음,화물,남,69세,중상
2022110900100090,2022년 11월 9일 08시,수요일,충청남도 서산시 해미면,경상사고,0,0,1,0,차대사람 - 횡단중,안전운전불이행,건조,맑음,교차로 - 교차로부근,승용,여,76세,상해없음,보행자,여,63세,경상
2022110900100091,2022년 11월 9일 08시,수요일,충청남도 천안시 서북구 직산읍,경상사고,0,0,1,0,차대차 - 추돌,안전운전불이행,건조,맑음,교차로 - 교차로부근,승용,남,52세,상해없음,승용,여,44세,경상
2022110900100130,2022년 11월 9일 09시,수요일,충청남도 태안군 근흥면,경상사고,0,0,1,0,차대차 - 기타,중앙선침범,젖음/습기,안개,단일로 - 기타,이륜,남,54세,상해없음,승용,여,43세,경상
2022110900100159,2022년 11월 9일 10시,수요일,충청남도 태안군 원북면,부상신고사고,0,0,0,1,차대차 - 기타,중앙선침범,건조,맑음,단일로 - 기타,승용,남,65세,상해없음,화물,남,68세,부상신고
2022110900100242,2022년 11월 9일 13시,수요일,충청남도 금산군 금산읍,중상사고,0,1,0,0,차대차 - 측면충돌,안전운전불이행,건조,맑음,단일로 - 기타,승용,여,51세,상해없음,이륜,남,42세,중상
2022110900100349,2022년 11월 9일 16시,수요일,충청남도 논산시 대교동,중상사고,0,1,0,0,차대사람 - 횡단중,보행자보호의무위반,건조,맑음,교차로 - 교차로횡단보도내,승합,남,59세,상해없음,보행자,여,71세,중상
2022110900100350,2022년 11월 9일 16시,수요일,충청남도 아산시 모종동,경상사고,0,0,1,0,차대차 - 추돌,안전운전불이행,건조,맑음,교차로 - 교차로부근,승용,여,56세,상해없음,승용,여,59세,경상
2022110900100351,2022년 11월 9일 16시,수요일,충청남도 서천군 서면,경상사고,0,0,1,0,차대차 - 추돌,안전운전불이행,건조,맑음,단일로 - 기타,승용,남,69세,상해없음,승용,여,75세,경상
2022110900100352,2022년 11월 9일 16시,수요일,충청남도 태안군 태안읍,경상사고,0,0,3,0,차대차 - 기타,안전운전불이행,건조,맑음,교차로 - 교차로안,승용,여,78세,경상,승용,남,25세,경상
2022110900100402,2022년 11월 9일 17시,수요일,충청남도 당진시 합덕읍,경상사고,0,0,1,0,차대차 - 기타,안전운전불이행,건조,맑음,단일로 - 기타,원동기,남,39세,상해없음,자전거,남,77세,경상
2022110900100403,2022년 11월 9일 17시,수요일,충청남도 금산군 남일면,중상사고,0,1,0,0,차대사람 - 길가장자리구역통행중,안전운전불이행,건조,맑음,단일로 - 기타,농기계,남,61세,상해없음,보행자,여,85세,중상
2022110900100404,2022년 11월 9일 17시,수요일,충청남도 청양군 청남면,중상사고,0,1,0,0,차대차 - 추돌,안전운전불이행,건조,맑음,단일로 - 교량,승용,남,61세,상해없음,농기계,남,49세,중상
2022110900100473,2022년 11월 9일 18시,수요일,충청남도 서산시 석림동,경상사고,0,0,1,0,차대차 - 추돌,안전거리미확보,건조,맑음,단일로 - 기타,승용,남,57세,상해없음,승용,남,34세,경상
2022110900100474,2022년 11월 9일 18시,수요일,충청남도 논산시 채운면,경상사고,0,0,2,0,차대차 - 추돌,중앙선침범,건조,맑음,단일로 - 지하차도(도로)내,승용,남,63세,상해없음,승용,남,59세,경상
2022110900100475,2022년 11월 9일 18시,수요일,충청남도 아산시 권곡동,경상사고,0,0,1,0,차대사람 - 횡단중,보행자보호의무위반,건조,맑음,교차로 - 교차로횡단보도내,승용,여,50세,상해없음,보행자,남,90세,경상
2022110900100476,2022년 11월 9일 18시,수요일,충청남도 아산시 배방읍,경상사고,0,0,1,0,차대차 - 측면충돌,안전운전불이행,건조,맑음,교차로 - 교차로안,승용,남,62세,기타불명,자전거,여,35세,경상
2022110900100477,2022년 11월 9일 18시,수요일,충청남도 보령시 웅천읍,중상사고,0,1,0,0,차대사람 - 차도통행중,안전운전불이행,건조,맑음,단일로 - 기타,승용,남,39세,상해없음,보행자,여,58세,중상
2022110900100478,2022년 11월 9일 18시,수요일,충청남도 부여군 임천면,중상사고,0,1,0,0,차대사람 - 기타,안전운전불이행,건조,맑음,단일로 - 기타,화물,남,60세,상해없음,보행자,남,70세,중상
2022110900100479,2022년 11월 9일 18시,수요일,충청남도 천안시 동남구 청당동,경상사고,0,0,1,0,차대차 - 측면충돌,신호위반,건조,맑음,단일로 - 지하차도(도로)내,승용,여,58세,기타불명,승용,남,30세,경상
2022110900100540,2022년 11월 9일 19시,수요일,충청남도 공주시 옥룡동,중상사고,0,1,0,0,차대차 - 측면충돌,중앙선침범,건조,맑음,교차로 - 교차로부근,승용,여,37세,상해없음,이륜,남,26세,중상
2022110900100572,2022년 11월 9일 20시,수요일,충청남도 당진시 읍내동,경상사고,0,0,2,0,차대사람 - 보도통행중,보행자보호의무위반,건조,맑음,교차로 - 교차로횡단보도내,화물,남,48세,상해없음,보행자,남,17세,경상
2022110900100573,2022년 11월 9일 20시,수요일,충청남도 천안시 동남구 신방동,경상사고,0,0,2,0,차대차 - 기타,안전운전불이행,건조,맑음,교차로 - 교차로부근,기타불명,기타불명,미분류,기타불명,승용,남,43세,경상