사고번호,사고일시,요일,시군구,사고내용,사망자수,중상자수,경상자수,부상신고자수,사고유형,법규위반,노면상태,기상상태,도로형태,가해운전자 차종,가해운전자 성별,가해운전자 연령,가해운전자 상해정도,피해운전자 차종,피해운전자 성별,피해운전자 연령,피해운전자 상해정도
2022110900100601,2022년 11월 9일 21시,수요일,충청남도 당진시 읍내동,중상사고,0,1,0,0,차대차 - 기타,중앙선침범,건조,맑음,단일로 - 기타,개인형이동수단(PM),남,18세,상해없음,원동기,남,57세,중상
2022110900100617,2022년 11월 9일 22시,수요일,충청남도 아산시 배방읍,경상사고,0,0,1,0,차대차 - 정면충돌,중앙선침범,건조,맑음,단일로 - 기타,승용,여,23세,상해없음,승용,여,21세,경상
2022111000100011,2022년 11월 10일 00시,목요일,충청남도 당진시 송악읍,경상사고,0,0,1,0,차대차 - 후진중충돌,안전운전불이행,건조,맑음,단일로 - 기타,승용,남,47세,상해없음,승용,남,31세,경상
2022111000100032,2022년 11월 10일 03시,목요일,충청남도 논산시 취암동,중상사고,0,1,4,0,차대차 - 측면충돌,교차로운행방법위반,건조,맑음,교차로 - 교차로안,승용,남,76세,중상,승용,남,20세,경상
2022111000100059,2022년 11월 10일 06시,목요일,충청남도 아산시 모종동,중상사고,0,1,0,0,차대사람 - 횡단중,보행자보호의무위반,건조,흐림,교차로 - 교차로횡단보도내,화물,남,62세,상해없음,보행자,여,47세,중상
2022111000100116,2022년 11월 10일 08시,목요일,충청남도 천안시 서북구 차암동,경상사고,0,0,1,0,차대사람 - 횡단중,보행자보호의무위반,건조,맑음,교차로 - 교차로안,승용,여,44세,상해없음,보행자,남,8세,경상
2022111000100117,2022년 11월 10일 08시,목요일,충청남도 아산시 음봉면,경상사고,0,0,4,0,차대차 - 추돌,안전운전불이행,건조,맑음,단일로 - 터널,승용,남,44세,상해없음,승용,남,30세,경상
2022111000100182,2022년 11월 10일 10시,목요일,충청남도 아산시 모종동,경상사고,0,0,1,0,차대차 - 기타,안전운전불이행,건조,맑음,기타 - 기타,승용,남,78세,기타불명,승용,여,48세,경상
2022111000100183,2022년 11월 10일 10시,목요일,충청남도 당진시 읍내동,경상사고,0,0,1,0,차대사람 - 차도통행중,안전운전불이행,건조,맑음,단일로 - 기타,승용,여,68세,상해없음,보행자,여,61세,경상
2022111000100211,2022년 11월 10일 11시,목요일,충청남도 예산군 신양면,중상사고,0,1,0,0,차대차 - 추돌,안전운전불이행,건조,맑음,단일로 - 기타,원동기,남,67세,중상,농기계,남,63세,상해없음
2022111000100212,2022년 11월 10일 11시,목요일,충청남도 당진시 읍내동,중상사고,0,1,0,0,차대차 - 측면충돌,불법유턴,건조,맑음,교차로 - 교차로부근,승용,남,66세,상해없음,승용,남,45세,중상
2022111000100241,2022년 11월 10일 12시,목요일,충청남도 보령시 웅천읍,중상사고,0,1,0,0,차대사람 - 기타,안전운전불이행,건조,맑음,교차로 - 교차로부근,승용,남,68세,상해없음,보행자,여,70세,중상
2022111000100305,2022년 11월 10일 14시,목요일,충청남도 아산시 배방읍,경상사고,0,0,3,0,차대차 - 기타,안전운전불이행,건조,맑음,단일로 - 기타,승용,여,65세,상해없음,승용,여,37세,경상
2022111000100338,2022년 11월 10일 15시,목요일,충청남도 계룡시 엄사면,사망사고,1,0,0,0,차대차 - 측면충돌,기타,건조,맑음,교차로 - 교차로안,이륜,남,22세,사망,승용,남,51세,상해없음
2022111000100339,2022년 11월 10일 15시,목요일,충청남도 부여군 규암면,경상사고,0,0,2,0,차대차 - 후진중충돌,안전운전불이행,건조,맑음,단일로 - 기타,화물,남,68세,상해없음,승용,남,76세,경상
2022111000100340,2022년 11월 10일 15시,목요일,충청남도 천안시 동남구 신방동,경상사고,0,0,1,0,차대차 - 기타,교차로운행방법위반,건조,맑음,교차로 - 교차로부근,이륜,남,23세,경상,승용,남,58세,상해없음
2022111000100377,2022년 11월 10일 16시,목요일,충청남도 논산시 지산동,경상사고,0,0,1,0,차량단독 - 전도전복 - 전도,안전운전불이행,건조,맑음,단일로 - 기타,이륜,남,80세,경상,,,,
2022111000100378,2022년 11월 10일 16시,목요일,충청남도 보령시 웅천읍,중상사고,0,1,0,0,차대사람 - 기타,안전운전불이행,건조,맑음,교차로 - 교차로부근,승용,남,58세,상해없음,보행자,남,62세,중상
2022111000100419,2022년 11월 10일 17시,목요일,충청남도 논산시 부창동,경상사고,0,0,1,0,차대차 - 측면충돌,안전운전불이행,건조,맑음,교차로 - 교차로부근,승용,여,69세,상해없음,승용,여,28세,경상
2022111000100478,2022년 11월 10일 18시,목요일,충청남도 예산군 예산읍,경상사고,0,0,1,0,차대차 - 추돌,안전운전불이행,건조,맑음,단일로 - 기타,승용,여,33세,상해없음,농기계,남,53세,경상
2022111000100479,2022년 11월 10일 18시,목요일,충청남도 당진시 원당동,경상사고,0,0,1,0,차대차 - 측면충돌,신호위반,건조,맑음,단일로 - 기타,승용,남,47세,상해없음,승용,남,34세,경상
2022111000100480,2022년 11월 10일 18시,목요일,충청남도 천안시 동남구 신부동,부상신고사고,0,0,0,1,차대차 - 측면충돌,안전거리미확보,건조,맑음,단일로 - 기타,승용,남,76세,상해없음,승용,남,23세,부상신고
2022111000100538,2022년 11월 10일 19시,목요일,충청남도 당진시 신평면,경상사고,0,0,1,0,차대차 - 측면충돌,안전운전불이행,건조,맑음,단일로 - 기타,화물,남,59세,상해없음,승용,남,37세,경상
2022111000100590,2022년 11월 10일 21시,목요일,충청남도 천안시 서북구 성정동,부상신고사고,0,0,0,1,차대차 - 기타,안전운전불이행,건조,맑음,단일로 - 기타,화물,남,59세,상해없음,이륜,남,32세,부상신고
2022111000100611,2022년 11월 10일 22시,목요일,충청남도 천안시 서북구 두정동,경상사고,0,0,2,0,차대차 - 추돌,안전운전불이행,건조,맑음,단일로 - 기타,이륜,남,20세,상해없음,승용,남,26세,경상
2022111100100047,2022년 11월 11일 05시,금요일,충청남도 서산시 예천동,경상사고,0,0,1,0,차량단독 - 공작물충돌,안전운전불이행,건조,맑음,교차로 - 교차로부근,이륜,남,18세,경상,,,,
2022111100100063,2022년 11월 11일 06시,금요일,충청남도 천안시 서북구 불당동,경상사고,0,0,2,0,차대차 - 정면충돌,신호위반,건조,맑음,교차로 - 교차로안,승용,남,60세,상해없음,이륜,남,27세,경상
2022111100100064,2022년 11월 11일 06시,금요일,충청남도 당진시 우강면,경상사고,0,0,1,0,차대차 - 측면충돌,신호위반,젖음/습기,안개,교차로 - 교차로안,승용,여,67세,상해없음,승합,남,66세,경상
2022111100100079,2022년 11월 11일 07시,금요일,충청남도 공주시 교동,경상사고,0,0,1,0,차대사람 - 차도통행중,안전운전불이행,건조,맑음,단일로 - 기타,승용,여,43세,상해없음,보행자,여,14세,경상
2022111100100108,2022년 11월 11일 08시,금요일,충청남도 태안군 태안읍,중상사고,0,1,0,0,차대사람 - 횡단중,안전운전불이행,건조,맑음,교차로 - 교차로안,화물,남,57세,상해없음,보행자,여,71세,중상
2022111100100140,2022년 11월 11일 09시,금요일,충청남도 부여군 구룡면,중상사고,0,1,0,0,차대사람 - 기타,교차로운행방법위반,건조,맑음,교차로 - 교차로안,승용,남,48세,상해없음,보행자,남,89세,중상
2022111100100141,2022년 11월 11일 09시,금요일,충청남도 당진시 신평면,경상사고,0,0,1,0,차대차 - 측면충돌,안전운전불이행,건조,맑음,단일로 - 기타,승용,남,63세,상해없음,승용,여,59세,경상
2022111100100172,2022년 11월 11일 10시,금요일,충청남도 예산군 고덕면,사망사고,1,0,0,0,차대차 - 측면충돌,안전운전불이행,건조,맑음,단일로 - 기타,이륜,남,81세,사망,화물,남,65세,상해없음
2022111100100208,2022년 11월 11일 11시,금요일,충청남도 서산시 부석면,부상신고사고,0,0,0,1,차대차 - 기타,안전운전불이행,건조,맑음,단일로 - 기타,농기계,남,65세,상해없음,자전거,남,50세,부상신고
2022111100100209,2022년 11월 11일 11시,금요일,충청남도 천안시 서북구 쌍용동,경상사고,0,0,2,0,차대차 - 기타,안전운전불이행,건조,맑음,교차로 - 교차로부근,승용,여,40세,상해없음,승용,남,42세,경상
2022111100100210,2022년 11월 11일 11시,금요일,충청남도 논산시 화지동,중상사고,0,1,0,0,차대사람 - 길가장자리구역통행중,안전운전불이행,건조,맑음,단일로 - 기타,승용,여,61세,상해없음,보행자,여,78세,중상
2022111100100211,2022년 11월 11일 11시,금요일,충청남도 예산군 대술면,경상사고,0,0,1,0,차대차 - 추돌,안전거리미확보,건조,맑음,단일로 - 기타,화물,남,24세,상해없음,승용,여,64세,경상
2022111100100242,2022년 11월 11일 12시,금요일,충청남도 천안시 서북구 백석동,경상사고,0,0,2,0,차대차 - 측면충돌,안전거리미확보,건조,맑음,단일로 - 기타,승용,남,63세,상해없음,화물,남,35세,경상
2022111100100243,2022년 11월 11일 12시,금요일,충청남도 공주시 중동,부상신고사고,0,0,0,1,차량단독 - 전도전복 - 전도,안전운전불이행,건조,맑음,기타 - 기타,자전거,여,64세,부상신고,,,,
2022111100100244,2022년 11월 11일 12시,금요일,충청남도 당진시 면천면,사망사고,1,0,0,0,차대사람 - 기타,안전운전불이행,건조,맑음,단일로 - 기타,승용,여,63세,상해없음,보행자,여,86세,사망
2022111100100276,2022년 11월 11일 13시,금요일,충청남도 천안시 서북구 쌍용동,경상사고,0,0,1,0,차대차 - 정면충돌,신호위반,건조,맑음,교차로 - 교차로안,개인형이동수단(PM),여,24세,경상,승용,여,55세,상해없음
2022111100100277,2022년 11월 11일 13시,금요일,충청남도 서천군 서천읍,경상사고,0,0,1,0,차량단독 - 전도전복 - 전도,안전운전불이행,건조,맑음,교차로 - 교차로부근,이륜,남,50세,경상,,,,
2022111100100350,2022년 11월 11일 15시,금요일,충청남도 아산시 온천동,경상사고,0,0,1,0,차대차 - 기타,안전운전불이행,건조,맑음,교차로 - 교차로안,승용,남,71세,상해없음,이륜,남,48세,경상
2022111100100394,2022년 11월 11일 16시,금요일,충청남도 천안시 서북구 두정동,중상사고,0,1,0,0,차대사람 - 횡단중,안전운전불이행,건조,맑음,단일로 - 기타,승용,여,37세,상해없음,보행자,여,70세,중상
2022111100100395,2022년 11월 11일 16시,금요일,충청남도 당진시 시곡동,경상사고,0,0,1,0,차대차 - 측면충돌,안전운전불이행,건조,맑음,단일로 - 기타,화물,남,58세,상해없음,승용,남,41세,경상
2022111100100443,2022년 11월 11일 17시,금요일,충청남도 서산시 예천동,경상사고,0,0,1,0,차대차 - 측면충돌,안전운전불이행,건조,맑음,교차로 - 교차로횡단보도내,승용,여,20세,상해없음,자전거,남,12세,경상
2022111100100444,2022년 11월 11일 17시,금요일,충청남도 논산시 취암동,경상사고,0,0,1,0,차대차 - 추돌,안전운전불이행,건조,맑음,교차로 - 교차로부근,승용,남,76세,상해없음,승용,남,28세,상해없음
2022111100100445,2022년 11월 11일 17시,금요일,충청남도 천안시 동남구 청당동,경상사고,0,0,2,0,차대차 - 측면충돌,안전거리미확보,건조,맑음,단일로 - 기타,승용,여,47세,경상,승용,남,71세,경상
2022111100100446,2022년 11월 11일 17시,금요일,충청남도 태안군 태안읍,경상사고,0,0,3,0,차대차 - 추돌,교차로운행방법위반,건조,맑음,교차로 - 교차로부근,승용,남,47세,상해없음,승용,남,34세,경상
2022111100100497,2022년 11월 11일 18시,금요일,충청남도 서산시 온석동,중상사고,0,1,0,0,차대사람 - 횡단중,보행자보호의무위반,건조,맑음,교차로 - 교차로안,승용,여,34세,상해없음,보행자,여,66세,중상
2022111100100498,2022년 11월 11일 18시,금요일,충청남도 논산시 강산동,중상사고,0,1,0,0,차대차 - 추돌,안전운전불이행,건조,맑음,단일로 - 기타,승용,남,63세,상해없음,승용,남,40세,중상
2022111100100499,2022년 11월 11일 18시,금요일,충청남도 아산시 온천동,중상사고,0,1,0,0,차대사람 - 횡단중,안전운전불이행,건조,맑음,교차로 - 교차로횡단보도내,승용,여,45세,상해없음,보행자,여,77세,중상
2022111100100500,2022년 11월 11일 18시,금요일,충청남도 공주시 금흥동,경상사고,0,0,2,0,차대차 - 추돌,안전운전불이행,건조,맑음,단일로 - 기타,승용,여,55세,기타불명,승용,남,45세,경상
2022111100100501,2022년 11월 11일 18시,금요일,충청남도 당진시 송산면,경상사고,0,0,1,0,차대차 - 측면충돌,안전운전불이행,건조,맑음,교차로 - 교차로안,승용,남,43세,상해없음,승용,남,37세,경상
2022111100100552,2022년 11월 11일 19시,금요일,충청남도 청양군 청양읍,경상사고,0,0,4,0,차대차 - 후진중충돌,안전운전불이행,건조,맑음,교차로 - 교차로안,화물,남,67세,상해없음,승용,여,54세,경상
2022111100100586,2022년 11월 11일 20시,금요일,충청남도 서산시 예천동,경상사고,0,0,1,0,차대차 - 측면충돌,안전운전불이행,건조,맑음,교차로 - 교차로안,승용,여,26세,상해없음,이륜,남,30세,경상
2022111100100587,2022년 11월 11일 20시,금요일,충청남도 천안시 서북구 쌍용동,경상사고,0,0,1,0,차대차 - 측면충돌,안전거리미확보,건조,맑음,교차로 - 교차로부근,승용,여,62세,기타불명,승합,남,63세,경상
2022111100100588,2022년 11월 11일 20시,금요일,충청남도 아산시 둔포면,사망사고,1,0,0,0,차대차 - 기타,안전운전불이행,건조,맑음,기타 - 기타,승용,남,36세,사망,승용,남,57세,상해없음
2022111100100589,2022년 11월 11일 20시,금요일,충청남도 예산군 예산읍,중상사고,0,1,0,1,차대차 - 정면충돌,신호위반,건조,맑음,교차로 - 교차로안,승용,남,75세,상해없음,화물,남,34세,중상
2022111100100616,2022년 11월 11일 21시,금요일,충청남도 아산시 배방읍,경상사고,0,0,1,0,차대차 - 추돌,안전운전불이행,건조,맑음,기타 - 기타,화물,남,53세,상해없음,승용,남,52세,경상
2022111100100617,2022년 11월 11일 21시,금요일,충청남도 예산군 고덕면,중상사고,0,1,0,0,차대차 - 추돌,안전운전불이행,건조,맑음,단일로 - 기타,승용,남,58세,상해없음,농기계,남,68세,중상
2022111100100648,2022년 11월 11일 22시,금요일,충청남도 천안시 동남구 풍세면,사망사고,1,0,0,0,차대사람 - 횡단중,안전운전불이행,건조,맑음,단일로 - 기타,승용,남,50세,상해없음,보행자,남,52세,사망
2022111200100019,2022년 11월 12일 01시,토요일,충청남도 천안시 서북구 두정동,경상사고,0,0,1,0,차대차 - 측면충돌,안전운전불이행,건조,맑음,단일로 - 기타,승용,남,31세,상해없음,승용,남,57세,경상
2022111200100077,2022년 11월 12일 07시,토요일,충청남도 천안시 서북구 차암동,경상사고,0,0,1,0,차대차 - 추돌,안전운전불이행,건조,맑음,단일로 - 기타,승용,남,27세,상해없음,승용,남,40세,경상
2022111200100107,2022년 11월 12일 09시,토요일,충청남도 천안시 동남구 성남면,경상사고,0,0,4,0,차대차 - 기타,안전거리미확보,건조,맑음,단일로 - 기타,승용,남,29세,상해없음,특수,남,26세,경상
2022111200100138,2022년 11월 12일 10시,토요일,충청남도 아산시 온천동,경상사고,0,0,3,0,차대차 - 정면충돌,교차로운행방법위반,건조,맑음,교차로 - 교차로안,승용,남,65세,경상,승용,여,60세,경상
2022111200100139,2022년 11월 12일 10시,토요일,충청남도 서산시 고북면,경상사고,0,0,2,0,차대차 - 측면충돌,안전운전불이행,건조,맑음,단일로 - 기타,승용,남,33세,상해없음,승용,남,56세,경상
2022111200100175,2022년 11월 12일 11시,토요일,충청남도 논산시 강경읍,중상사고,0,1,0,0,차대차 - 측면충돌,교차로운행방법위반,건조,맑음,교차로 - 교차로안,화물,남,65세,상해없음,승용,여,42세,중상
2022111200100176,2022년 11월 12일 11시,토요일,충청남도 천안시 동남구 청당동,경상사고,0,0,2,0,차대차 - 추돌,안전운전불이행,건조,맑음,단일로 - 기타,승용,남,73세,기타불명,승용,남,61세,경상
2022111200100177,2022년 11월 12일 11시,토요일,충청남도 천안시 동남구 안서동,경상사고,0,0,3,0,차대차 - 추돌,안전운전불이행,건조,맑음,단일로 - 기타,화물,남,63세,상해없음,승용,남,31세,경상
2022111200100221,2022년 11월 12일 12시,토요일,충청남도 천안시 서북구 성환읍,경상사고,0,0,1,0,차대차 - 기타,교차로운행방법위반,건조,맑음,교차로 - 교차로안,승용,남,51세,상해없음,승용,남,61세,경상
2022111200100254,2022년 11월 12일 13시,토요일,충청남도 천안시 동남구 삼룡동,중상사고,0,1,1,0,차대차 - 기타,안전거리미확보,건조,맑음,교차로 - 교차로부근,승용,여,56세,상해없음,승용,남,37세,중상
2022111200100297,2022년 11월 12일 14시,토요일,충청남도 태안군 태안읍,부상신고사고,0,0,0,2,차대차 - 기타,안전운전불이행,젖음/습기,흐림,주차장 - 주차장,승용,여,28세,상해없음,승용,여,40세,기타불명
2022111200100298,2022년 11월 12일 14시,토요일,충청남도 태안군 안면읍,부상신고사고,0,0,0,1,차대사람 - 차도통행중,안전운전불이행,건조,맑음,단일로 - 기타,승용,여,61세,상해없음,보행자,여,56세,부상신고
2022111200100416,2022년 11월 12일 17시,토요일,충청남도 아산시 염치읍,경상사고,0,0,2,0,차량단독 - 공작물충돌,안전운전불이행,젖음/습기,비,단일로 - 기타,특수,남,41세,경상,,,,
2022111200100473,2022년 11월 12일 18시,토요일,충청남도 서산시 동문동,중상사고,0,1,0,0,차대사람 - 길가장자리구역통행중,안전운전불이행,젖음/습기,흐림,단일로 - 기타,승용,여,36세,상해없음,보행자,남,48세,중상
2022111200100474,2022년 11월 12일 18시,토요일,충청남도 예산군 삽교읍,경상사고,0,0,2,0,차대차 - 추돌,안전운전불이행,젖음/습기,비,교차로 - 교차로안,화물,남,54세,상해없음,승용,남,49세,경상
2022111200100475,2022년 11월 12일 18시,토요일,충청남도 천안시 동남구 신부동,경상사고,0,0,1,0,차대차 - 기타,안전운전불이행,건조,맑음,단일로 - 기타,승합,남,65세,상해없음,화물,남,62세,경상
2022111200100536,2022년 11월 12일 19시,토요일,충청남도 계룡시 신도안면,경상사고,0,0,1,0,차량단독 - 공작물충돌,안전운전불이행,건조,맑음,단일로 - 기타,이륜,남,43세,경상,,,,
2022111200100537,2022년 11월 12일 19시,토요일,충청남도 태안군 안면읍,중상사고,0,1,0,0,차대사람 - 기타,안전운전불이행,젖음/습기,비,단일로 - 기타,승용,남,57세,상해없음,보행자,남,44세,중상
2022111200100584,2022년 11월 12일 20시,토요일,충청남도 아산시 온천동,경상사고,0,0,1,0,차대차 - 측면충돌,안전운전불이행,젖음/습기,비,교차로 - 교차로부근,승용,남,47세,상해없음,이륜,남,50세,경상
2022111200100585,2022년 11월 12일 20시,토요일,충청남도 공주시 정안면,경상사고,0,0,4,0,차대차 - 측면충돌,중앙선침범,젖음/습기,비,교차로 - 교차로부근,승용,남,19세,상해없음,승용,남,37세,경상
2022111200100586,2022년 11월 12일 20시,토요일,충청남도 당진시 합덕읍,중상사고,0,1,0,0,차대사람 - 차도통행중,안전운전불이행,젖음/습기,비,단일로 - 기타,승용,남,47세,상해없음,보행자,남,56세,중상
2022111200100587,2022년 11월 12일 20시,토요일,충청남도 천안시 동남구 구룡동,중상사고,0,1,0,0,차량단독 - 기타,안전운전불이행,건조,맑음,기타 - 기타,이륜,남,47세,중상,,,,
2022111200100658,2022년 11월 12일 22시,토요일,충청남도 천안시 서북구 백석동,경상사고,0,0,1,0,차대차 - 측면충돌,안전거리미확보,젖음/습기,맑음,단일로 - 기타,승용,남,22세,상해없음,승용,여,44세,상해없음
2022111200100659,2022년 11월 12일 22시,토요일,충청남도 논산시 은진면,중상사고,0,1,0,0,차량단독 - 도로외이탈 - 추락,안전운전불이행,건조,맑음,교차로 - 교차로안,화물,남,63세,중상,,,,
2022111200100693,2022년 11월 12일 23시,토요일,충청남도 천안시 서북구 불당동,중상사고,0,1,0,0,차대차 - 측면충돌,안전운전불이행,젖음/습기,비,교차로 - 교차로안,승용,남,23세,상해없음,이륜,남,49세,중상
2022111200100694,2022년 11월 12일 23시,토요일,충청남도 천안시 서북구 성정동,중상사고,0,1,1,0,차대차 - 기타,안전운전불이행,젖음/습기,비,교차로 - 교차로부근,승용,남,51세,상해없음,승용,여,49세,중상
2022111200100695,2022년 11월 12일 23시,토요일,충청남도 천안시 서북구 성성동,경상사고,0,0,2,0,차대차 - 측면충돌,안전운전불이행,젖음/습기,비,단일로 - 기타,승용,여,29세,상해없음,승용,남,38세,경상
2022111200100696,2022년 11월 12일 23시,토요일,충청남도 홍성군 홍성읍,중상사고,0,1,0,0,차대차 - 기타,안전운전불이행,젖음/습기,비,교차로 - 교차로안,화물,남,66세,상해없음,승용,여,40세,상해없음
2022111300100008,2022년 11월 13일 00시,일요일,충청남도 천안시 동남구 구성동,사망사고,1,0,1,0,차대차 - 측면충돌,기타,젖음/습기,비,교차로 - 교차로안,이륜,남,39세,사망,특수,남,31세,상해없음
2022111300100070,2022년 11월 13일 05시,일요일,충청남도 아산시 남동,경상사고,0,0,1,0,차대차 - 기타,신호위반,건조,맑음,교차로 - 교차로안,기타불명,기타불명,미분류,기타불명,승용,남,24세,경상
2022111300100079,2022년 11월 13일 07시,일요일,충청남도 천안시 서북구 직산읍,경상사고,0,0,1,0,차대차 - 기타,안전운전불이행,젖음/습기,맑음,단일로 - 기타,승용,남,28세,경상,화물,남,68세,기타불명
2022111300100100,2022년 11월 13일 09시,일요일,충청남도 계룡시 금암동,경상사고,0,0,2,0,차대차 - 측면충돌,안전운전불이행,건조,맑음,교차로 - 교차로안,승용,남,62세,상해없음,승용,여,42세,경상
2022111300100101,2022년 11월 13일 09시,일요일,충청남도 예산군 고덕면,경상사고,0,0,2,0,차대차 - 측면충돌,신호위반,건조,맑음,교차로 - 교차로안,승용,남,42세,상해없음,승용,남,63세,경상
2022111300100216,2022년 11월 13일 14시,일요일,충청남도 천안시 서북구 두정동,경상사고,0,0,1,0,차대차 - 기타,안전운전불이행,건조,맑음,기타 - 기타,이륜,남,19세,상해없음,승용,남,42세,경상
2022111300100217,2022년 11월 13일 14시,일요일,충청남도 아산시 탕정면,중상사고,0,1,0,0,차대차 - 추돌,안전운전불이행,건조,맑음,교차로 - 교차로부근,승용,남,46세,상해없음,승합,남,57세,중상
2022111300100218,2022년 11월 13일 14시,일요일,충청남도 서천군 비인면,경상사고,0,0,4,0,차대차 - 정면충돌,안전운전불이행,건조,맑음,교차로 - 교차로부근,승용,남,19세,상해없음,승용,남,48세,경상
2022111300100247,2022년 11월 13일 15시,일요일,충청남도 보령시 신흑동,중상사고,0,1,0,0,차대사람 - 횡단중,안전운전불이행,건조,맑음,단일로 - 기타,승용,여,50세,상해없음,보행자,남,63세,중상
2022111300100248,2022년 11월 13일 15시,일요일,충청남도 예산군 예산읍,중상사고,0,1,0,0,차대사람 - 차도통행중,보행자보호의무위반,건조,맑음,기타 - 기타,승용,남,59세,상해없음,보행자,여,74세,중상
2022111300100249,2022년 11월 13일 15시,일요일,충청남도 예산군 예산읍,경상사고,0,0,1,0,차대차 - 측면충돌,직진우회전진행방해,건조,맑음,교차로 - 교차로안,화물,남,54세,상해없음,이륜,남,39세,경상
2022111300100274,2022년 11월 13일 16시,일요일,충청남도 보령시 대천동,중상사고,0,1,0,0,차대사람 - 횡단중,안전운전불이행,건조,맑음,교차로 - 교차로부근,승용,남,58세,상해없음,보행자,여,38세,중상
2022111300100337,2022년 11월 13일 18시,일요일,충청남도 아산시 송악면,경상사고,0,0,3,0,차대차 - 추돌,안전운전불이행,건조,맑음,교차로 - 교차로부근,승용,남,35세,상해없음,승용,남,24세,경상
2022111300100338,2022년 11월 13일 18시,일요일,충청남도 천안시 동남구 봉명동,경상사고,0,0,1,0,차대사람 - 기타,안전운전불이행,건조,맑음,단일로 - 기타,이륜,남,51세,상해없음,보행자,남,61세,경상
2022111300100339,2022년 11월 13일 18시,일요일,충청남도 태안군 소원면,경상사고,0,0,2,0,차대차 - 추돌,교차로운행방법위반,건조,맑음,교차로 - 교차로안,승용,남,51세,상해없음,승용,여,25세,경상
2022111300100369,2022년 11월 13일 19시,일요일,충청남도 논산시 화지동,중상사고,0,1,0,0,차대사람 - 차도통행중,중앙선침범,건조,맑음,교차로 - 교차로안,승용,남,49세,상해없음,보행자,남,76세,중상
2022111300100396,2022년 11월 13일 20시,일요일,충청남도 아산시 신창면,중상사고,0,1,3,0,차대차 - 추돌,안전운전불이행,건조,맑음,기타 - 기타,승용,남,25세,상해없음,승용,여,43세,경상
2022111300100397,2022년 11월 13일 20시,일요일,충청남도 천안시 동남구 신방동,중상사고,0,1,3,0,차대차 - 측면충돌,신호위반,건조,맑음,교차로 - 교차로부근,원동기,남,37세,중상,승용,남,41세,경상
2022111300100425,2022년 11월 13일 21시,일요일,충청남도 아산시 배방읍,경상사고,0,0,3,0,차대차 - 추돌,안전운전불이행,건조,맑음,기타 - 기타,승용,남,60세,상해없음,승용,남,33세,경상
2022111300100441,2022년 11월 13일 22시,일요일,충청남도 천안시 서북구 백석동,경상사고,0,0,1,0,차대차 - 추돌,안전운전불이행,건조,맑음,기타 - 기타,승용,남,55세,상해없음,승용,남,34세,상해없음
2022111400100048,2022년 11월 14일 06시,월요일,충청남도 아산시 음봉면,경상사고,0,0,1,0,차대사람 - 횡단중,신호위반,건조,흐림,교차로 - 교차로안,승용,여,62세,상해없음,보행자,여,74세,경상
2022111400100099,2022년 11월 14일 08시,월요일,충청남도 아산시 권곡동,경상사고,0,0,2,0,차대차 - 측면충돌,신호위반,건조,맑음,교차로 - 교차로안,승용,남,64세,상해없음,승용,남,50세,경상
2022111400100162,2022년 11월 14일 10시,월요일,충청남도 천안시 동남구 신부동,경상사고,0,0,2,0,차대차 - 기타,안전운전불이행,건조,맑음,단일로 - 기타,승합,남,62세,경상,특수,남,62세,경상
2022111400100163,2022년 11월 14일 10시,월요일,충청남도 천안시 동남구 신부동,경상사고,0,0,2,0,차대차 - 기타,차로위반,건조,맑음,단일로 - 기타,승용,여,49세,상해없음,승합,남,58세,경상
2022111400100164,2022년 11월 14일 10시,월요일,충청남도 태안군 태안읍,경상사고,0,0,1,0,차대차 - 기타,신호위반,건조,맑음,교차로 - 교차로안,승용,여,55세,상해없음,승용,남,26세,경상
2022111400100218,2022년 11월 14일 12시,월요일,충청남도 금산군 금산읍,경상사고,0,0,1,0,차대사람 - 기타,안전운전불이행,건조,맑음,단일로 - 기타,승합,남,50세,상해없음,보행자,여,62세,경상
2022111400100252,2022년 11월 14일 13시,월요일,충청남도 천안시 서북구 성거읍,경상사고,0,0,1,0,차대차 - 측면충돌,안전운전불이행,건조,맑음,단일로 - 지하차도(도로)내,화물,남,80세,상해없음,승용,여,29세,경상
2022111400100278,2022년 11월 14일 14시,월요일,충청남도 아산시 배방읍,경상사고,0,0,1,0,차대차 - 후진중충돌,안전운전불이행,건조,맑음,단일로 - 기타,승용,남,49세,상해없음,승용,여,48세,경상
2022111400100311,2022년 11월 14일 15시,월요일,충청남도 아산시 권곡동,경상사고,0,0,1,0,차대차 - 기타,신호위반,건조,맑음,교차로 - 교차로안,승용,여,61세,상해없음,승용,남,48세,경상
2022111400100312,2022년 11월 14일 15시,월요일,충청남도 아산시 온천동,중상사고,0,1,0,0,차대사람 - 기타,기타,건조,맑음,교차로 - 교차로안,승용,남,68세,상해없음,보행자,여,61세,중상
2022111400100313,2022년 11월 14일 15시,월요일,충청남도 금산군 군북면,중상사고,0,1,1,0,차대차 - 측면충돌,신호위반,건조,흐림,교차로 - 교차로안,승용,남,67세,경상,화물,남,50세,중상