사고번호,사고일시,요일,시군구,사고내용,사망자수,중상자수,경상자수,부상신고자수,사고유형,법규위반,노면상태,기상상태,도로형태,가해운전자 차종,가해운전자 성별,가해운전자 연령,가해운전자 상해정도,피해운전자 차종,피해운전자 성별,피해운전자 연령,피해운전자 상해정도
2022111400100352,2022년 11월 14일 16시,월요일,충청남도 천안시 서북구 성정동,부상신고사고,0,0,0,1,차대차 - 추돌,안전운전불이행,건조,맑음,단일로 - 기타,승용,남,33세,상해없음,승용,남,37세,부상신고
2022111400100353,2022년 11월 14일 16시,월요일,충청남도 공주시 신관동,중상사고,0,1,0,0,차대사람 - 횡단중,신호위반,건조,맑음,교차로 - 교차로안,개인형이동수단(PM),남,14세,상해없음,보행자,여,63세,중상
2022111400100398,2022년 11월 14일 17시,월요일,충청남도 공주시 웅진동,중상사고,0,1,0,0,차대차 - 측면충돌,신호위반,건조,맑음,교차로 - 교차로안,승용,남,76세,상해없음,이륜,남,25세,중상
2022111400100501,2022년 11월 14일 19시,월요일,충청남도 서산시 인지면,부상신고사고,0,0,0,2,차대차 - 기타,안전운전불이행,건조,맑음,단일로 - 기타,승용,여,54세,상해없음,화물,남,63세,부상신고
2022111400100502,2022년 11월 14일 19시,월요일,충청남도 아산시 장존동,중상사고,0,1,0,0,차대사람 - 보도통행중,안전운전불이행,건조,흐림,기타 - 기타,승용,남,62세,상해없음,보행자,여,72세,중상
2022111400100584,2022년 11월 14일 22시,월요일,충청남도 서산시 고북면,경상사고,0,0,1,0,차대사람 - 길가장자리구역통행중,안전운전불이행,건조,맑음,단일로 - 기타,기타불명,기타불명,미분류,기타불명,보행자,남,41세,경상
2022111500100038,2022년 11월 15일 05시,화요일,충청남도 천안시 서북구 입장면,중상사고,0,1,0,0,차대사람 - 차도통행중,안전운전불이행,건조,흐림,단일로 - 기타,승합,남,50세,기타불명,보행자,남,71세,중상
2022111500100039,2022년 11월 15일 05시,화요일,충청남도 서천군 장항읍,중상사고,0,1,0,0,차대차 - 추돌,안전거리미확보,건조,맑음,단일로 - 기타,자전거,남,74세,중상,승용,여,68세,상해없음
2022111500100040,2022년 11월 15일 05시,화요일,충청남도 공주시 정안면,경상사고,0,0,1,0,차대차 - 추돌,안전운전불이행,건조,맑음,단일로 - 기타,승용,남,26세,상해없음,승용,남,51세,경상
2022111500100060,2022년 11월 15일 06시,화요일,충청남도 천안시 서북구 부대동,경상사고,0,0,1,0,차대차 - 추돌,안전운전불이행,건조,맑음,단일로 - 지하차도(도로)내,승용,남,22세,상해없음,건설기계,남,49세,상해없음
2022111500100086,2022년 11월 15일 07시,화요일,충청남도 아산시 음봉면,중상사고,0,1,0,0,차대사람 - 기타,안전운전불이행,건조,맑음,단일로 - 기타,화물,남,40세,상해없음,보행자,남,67세,중상
2022111500100087,2022년 11월 15일 07시,화요일,충청남도 천안시 동남구 봉명동,부상신고사고,0,0,0,1,차대차 - 측면충돌,교차로운행방법위반,건조,맑음,교차로 - 교차로안,승용,남,36세,상해없음,승용,남,46세,상해없음
2022111500100125,2022년 11월 15일 08시,화요일,충청남도 천안시 서북구 성성동,경상사고,0,0,1,0,차대차 - 측면충돌,직진우회전진행방해,건조,맑음,교차로 - 교차로안,승용,남,30세,상해없음,승용,남,32세,경상
2022111500100126,2022년 11월 15일 08시,화요일,충청남도 부여군 부여읍,중상사고,0,1,0,0,차대사람 - 횡단중,보행자보호의무위반,건조,맑음,교차로 - 교차로횡단보도내,승용,남,46세,상해없음,보행자,여,79세,중상
2022111500100127,2022년 11월 15일 08시,화요일,충청남도 천안시 동남구 구성동,경상사고,0,0,1,0,차대차 - 기타,안전거리미확보,건조,맑음,교차로 - 교차로부근,승용,남,41세,상해없음,승용,여,57세,경상
2022111500100184,2022년 11월 15일 10시,화요일,충청남도 당진시 면천면,경상사고,0,0,1,0,차대차 - 정면충돌,안전운전불이행,건조,맑음,단일로 - 기타,승용,여,67세,상해없음,승용,남,44세,경상
2022111500100212,2022년 11월 15일 11시,화요일,충청남도 천안시 서북구 입장면,부상신고사고,0,0,0,1,차량단독 - 공작물충돌,기타,건조,맑음,단일로 - 기타,승용,여,53세,상해없음,,,,
2022111500100251,2022년 11월 15일 12시,화요일,충청남도 천안시 동남구 봉명동,경상사고,0,0,1,0,차대차 - 기타,직진우회전진행방해,건조,맑음,교차로 - 교차로안,승합,여,47세,상해없음,이륜,남,32세,경상
2022111500100285,2022년 11월 15일 13시,화요일,충청남도 천안시 서북구 성환읍,부상신고사고,0,0,0,1,차량단독 - 전도전복 - 전도,신호위반,건조,맑음,교차로 - 교차로부근,특수,남,33세,부상신고,,,,
2022111500100286,2022년 11월 15일 13시,화요일,충청남도 아산시 권곡동,경상사고,0,0,1,0,차대사람 - 차도통행중,안전운전불이행,건조,맑음,교차로 - 교차로부근,승용,여,50세,상해없음,보행자,여,74세,경상
2022111500100327,2022년 11월 15일 14시,화요일,충청남도 천안시 서북구 입장면,중상사고,0,1,1,0,차량단독 - 기타,안전운전불이행,건조,맑음,단일로 - 기타,승용,여,55세,상해없음,,,,
2022111500100328,2022년 11월 15일 14시,화요일,충청남도 서천군 화양면,경상사고,0,0,1,0,차량단독 - 기타,안전운전불이행,건조,맑음,교차로 - 교차로부근,농기계,남,65세,경상,,,,
2022111500100356,2022년 11월 15일 15시,화요일,충청남도 서산시 동문동,경상사고,0,0,1,0,차대차 - 측면충돌,불법유턴,건조,맑음,교차로 - 교차로안,승합,남,53세,상해없음,승용,여,55세,경상
2022111500100357,2022년 11월 15일 15시,화요일,충청남도 논산시 은진면,경상사고,0,0,1,0,차대차 - 측면충돌,중앙선침범,건조,맑음,교차로 - 교차로안,승용,여,62세,경상,승용,남,38세,상해없음
2022111500100358,2022년 11월 15일 15시,화요일,충청남도 아산시 신창면,경상사고,0,0,1,0,차대차 - 기타,중앙선침범,건조,맑음,기타 - 기타,화물,남,67세,상해없음,화물,남,52세,경상
2022111500100392,2022년 11월 15일 16시,화요일,충청남도 천안시 서북구 두정동,중상사고,0,1,0,0,차대차 - 측면충돌,안전거리미확보,건조,맑음,단일로 - 기타,이륜,여,18세,중상,승용,남,65세,상해없음
2022111500100393,2022년 11월 15일 16시,화요일,충청남도 서천군 마서면,중상사고,0,1,0,0,차대차 - 측면충돌,직진우회전진행방해,건조,맑음,교차로 - 교차로안,화물,남,64세,상해없음,화물,남,48세,중상
2022111500100498,2022년 11월 15일 18시,화요일,충청남도 서산시 인지면,중상사고,0,1,0,0,차대차 - 기타,안전운전불이행,건조,맑음,단일로 - 기타,승용,남,31세,상해없음,승용,여,61세,중상
2022111500100499,2022년 11월 15일 18시,화요일,충청남도 서산시 석림동,중상사고,0,1,1,0,차대차 - 추돌,안전거리미확보,건조,맑음,주차장 - 주차장,승용,여,60세,상해없음,승용,여,49세,중상
2022111500100500,2022년 11월 15일 18시,화요일,충청남도 천안시 서북구 쌍용동,중상사고,0,1,0,0,차대차 - 기타,신호위반,건조,맑음,교차로 - 교차로안,기타불명,기타불명,미분류,기타불명,이륜,남,51세,중상
2022111500100501,2022년 11월 15일 18시,화요일,충청남도 천안시 서북구 백석동,경상사고,0,0,1,0,차대차 - 후진중충돌,안전운전불이행,건조,맑음,교차로 - 교차로안,승용,남,41세,상해없음,자전거,남,10세,경상
2022111500100502,2022년 11월 15일 18시,화요일,충청남도 천안시 서북구 성환읍,경상사고,0,0,1,0,차대사람 - 횡단중,안전운전불이행,건조,맑음,단일로 - 기타,기타불명,기타불명,미분류,기타불명,보행자,여,31세,경상
2022111500100503,2022년 11월 15일 18시,화요일,충청남도 아산시 모종동,중상사고,0,1,0,0,차대사람 - 차도통행중,안전운전불이행,건조,맑음,교차로 - 교차로안,화물,남,57세,상해없음,보행자,여,70세,중상
2022111500100504,2022년 11월 15일 18시,화요일,충청남도 금산군 금성면,중상사고,0,1,0,0,차대차 - 추돌,안전운전불이행,건조,맑음,단일로 - 기타,건설기계,남,48세,상해없음,농기계,남,65세,중상
2022111500100543,2022년 11월 15일 19시,화요일,충청남도 천안시 동남구 오룡동,경상사고,0,0,3,0,차대차 - 측면충돌,안전운전불이행,건조,맑음,교차로 - 교차로안,승용,남,37세,경상,승용,남,27세,경상
2022111500100571,2022년 11월 15일 20시,화요일,충청남도 보령시 주교면,중상사고,0,1,0,0,차대사람 - 차도통행중,안전운전불이행,건조,맑음,단일로 - 기타,승용,여,62세,상해없음,보행자,여,62세,중상
2022111500100572,2022년 11월 15일 20시,화요일,충청남도 공주시 신관동,경상사고,0,0,1,0,차대사람 - 길가장자리구역통행중,기타,건조,흐림,단일로 - 기타,승용,남,19세,상해없음,보행자,남,43세,경상
2022111500100621,2022년 11월 15일 22시,화요일,충청남도 천안시 동남구 신부동,경상사고,0,0,1,0,차대차 - 측면충돌,차로위반,젖음/습기,비,단일로 - 기타,승용,여,57세,상해없음,승용,여,26세,경상
2022111600100025,2022년 11월 16일 02시,수요일,충청남도 공주시 신관동,경상사고,0,0,2,0,차대차 - 추돌,안전운전불이행,젖음/습기,비,단일로 - 기타,승용,남,24세,상해없음,승용,남,61세,경상
2022111600100037,2022년 11월 16일 05시,수요일,충청남도 태안군 태안읍,중상사고,0,1,0,0,차대차 - 기타,안전운전불이행,건조,맑음,단일로 - 기타,승용,남,62세,상해없음,농기계,남,78세,중상
2022111600100050,2022년 11월 16일 06시,수요일,충청남도 천안시 서북구 쌍용동,부상신고사고,0,0,0,1,차대차 - 측면충돌,신호위반,건조,맑음,교차로 - 교차로안,승용,남,50세,상해없음,이륜,남,19세,부상신고
2022111600100051,2022년 11월 16일 06시,수요일,충청남도 천안시 서북구 부대동,경상사고,0,0,1,0,차대차 - 추돌,안전거리미확보,건조,맑음,교차로 - 교차로부근,화물,남,61세,상해없음,승합,남,52세,경상
2022111600100052,2022년 11월 16일 06시,수요일,충청남도 홍성군 홍성읍,경상사고,0,0,1,0,차대차 - 측면충돌,신호위반,건조,맑음,교차로 - 교차로안,승용,남,66세,상해없음,화물,남,51세,경상
2022111600100053,2022년 11월 16일 06시,수요일,충청남도 아산시 온천동,경상사고,0,0,1,0,차대사람 - 기타,보행자보호의무위반,건조,맑음,단일로 - 기타,승용,남,51세,상해없음,보행자,남,52세,경상
2022111600100115,2022년 11월 16일 08시,수요일,충청남도 아산시 신동,중상사고,0,1,0,0,차대차 - 기타,안전운전불이행,건조,맑음,기타 - 기타,승용,여,21세,상해없음,이륜,남,41세,중상
2022111600100189,2022년 11월 16일 10시,수요일,충청남도 아산시 염치읍,경상사고,0,0,2,0,차대차 - 기타,안전운전불이행,건조,맑음,교차로 - 교차로부근,승용,여,29세,경상,승용,여,51세,경상
2022111600100190,2022년 11월 16일 10시,수요일,충청남도 공주시 유구읍,경상사고,0,0,1,0,차대차 - 기타,중앙선침범,건조,맑음,단일로 - 기타,승합,남,69세,상해없음,이륜,여,79세,경상
2022111600100229,2022년 11월 16일 11시,수요일,충청남도 천안시 동남구 신부동,경상사고,0,0,1,0,차대사람 - 횡단중,보행자보호의무위반,건조,맑음,단일로 - 기타,승용,여,28세,상해없음,보행자,여,30세,경상
2022111600100268,2022년 11월 16일 12시,수요일,충청남도 천안시 서북구 성정동,경상사고,0,0,3,0,차대차 - 측면충돌,직진우회전진행방해,건조,맑음,교차로 - 교차로안,승용,남,36세,상해없음,화물,남,23세,경상
2022111600100269,2022년 11월 16일 12시,수요일,충청남도 논산시 취암동,경상사고,0,0,1,0,차대사람 - 보도통행중,기타,건조,맑음,단일로 - 기타,개인형이동수단(PM),남,23세,상해없음,보행자,남,96세,경상
2022111600100270,2022년 11월 16일 12시,수요일,충청남도 홍성군 홍성읍,경상사고,0,0,1,0,차대사람 - 횡단중,보행자보호의무위반,건조,맑음,단일로 - 기타,승용,여,63세,상해없음,보행자,여,67세,경상
2022111600100305,2022년 11월 16일 13시,수요일,충청남도 천안시 동남구 신방동,중상사고,0,1,0,0,차대차 - 기타,안전운전불이행,건조,맑음,단일로 - 기타,승용,여,36세,상해없음,이륜,남,46세,중상
2022111600100342,2022년 11월 16일 14시,수요일,충청남도 서산시 동문동,경상사고,0,0,1,0,차대차 - 후진중충돌,안전운전불이행,건조,맑음,단일로 - 기타,승용,남,74세,상해없음,승용,여,43세,경상
2022111600100343,2022년 11월 16일 14시,수요일,충청남도 예산군 고덕면,경상사고,0,0,1,0,차대차 - 측면충돌,직진우회전진행방해,건조,맑음,교차로 - 교차로안,승용,남,59세,상해없음,특수,남,45세,경상
2022111600100344,2022년 11월 16일 14시,수요일,충청남도 공주시 정안면,경상사고,0,0,1,0,차대차 - 기타,신호위반,건조,맑음,단일로 - 교량,특수,남,32세,상해없음,특수,남,31세,경상
2022111600100391,2022년 11월 16일 15시,수요일,충청남도 천안시 서북구 직산읍,중상사고,0,2,1,0,차대차 - 추돌,안전운전불이행,건조,맑음,단일로 - 기타,화물,남,37세,상해없음,화물,남,41세,중상
2022111600100392,2022년 11월 16일 15시,수요일,충청남도 천안시 서북구 두정동,경상사고,0,0,3,0,차대차 - 측면충돌,안전운전불이행,건조,맑음,단일로 - 기타,승용,여,37세,상해없음,승용,남,27세,경상
2022111600100393,2022년 11월 16일 15시,수요일,충청남도 공주시 의당면,경상사고,0,0,1,0,차대차 - 측면충돌,안전운전불이행,건조,맑음,교차로 - 교차로안,화물,남,40세,상해없음,화물,남,59세,경상
2022111600100428,2022년 11월 16일 16시,수요일,충청남도 아산시 염치읍,경상사고,0,0,1,0,차대차 - 기타,안전운전불이행,건조,맑음,주차장 - 주차장,승용,남,38세,경상,화물,남,70세,상해없음
2022111600100479,2022년 11월 16일 17시,수요일,충청남도 천안시 서북구 성정동,경상사고,0,0,1,0,차대차 - 기타,안전운전불이행,건조,맑음,단일로 - 기타,승용,여,41세,상해없음,이륜,남,21세,경상
2022111600100480,2022년 11월 16일 17시,수요일,충청남도 아산시 득산동,경상사고,0,0,3,0,차대차 - 측면충돌,차로위반,건조,맑음,단일로 - 기타,승용,남,51세,경상,화물,남,60세,경상
2022111600100547,2022년 11월 16일 18시,수요일,충청남도 논산시 취암동,경상사고,0,0,1,0,차대차 - 후진중충돌,안전운전불이행,건조,맑음,교차로 - 교차로안,승용,여,68세,상해없음,승용,남,60세,경상
2022111600100548,2022년 11월 16일 18시,수요일,충청남도 예산군 덕산면,경상사고,0,0,2,0,차대차 - 측면충돌,신호위반,건조,맑음,교차로 - 교차로안,승용,남,62세,상해없음,승용,여,37세,경상
2022111600100549,2022년 11월 16일 18시,수요일,충청남도 부여군 규암면,중상사고,0,1,0,0,차대사람 - 길가장자리구역통행중,안전운전불이행,건조,맑음,단일로 - 기타,화물,남,51세,상해없음,보행자,여,55세,중상
2022111600100550,2022년 11월 16일 18시,수요일,충청남도 당진시 합덕읍,경상사고,0,0,1,0,차대사람 - 기타,보행자보호의무위반,건조,맑음,교차로 - 교차로부근,승용,여,63세,상해없음,보행자,여,85세,경상
2022111600100617,2022년 11월 16일 19시,수요일,충청남도 당진시 석문면,경상사고,0,0,2,0,차대사람 - 기타,안전운전불이행,건조,맑음,교차로 - 교차로부근,승합,남,49세,상해없음,보행자,남,22세,경상
2022111600100618,2022년 11월 16일 19시,수요일,충청남도 청양군 화성면,중상사고,0,2,1,0,차대차 - 추돌,안전운전불이행,건조,맑음,교차로 - 교차로부근,승용,남,23세,경상,화물,남,67세,중상
2022111600100659,2022년 11월 16일 21시,수요일,충청남도 계룡시 금암동,경상사고,0,0,1,0,차대차 - 정면충돌,중앙선침범,건조,맑음,단일로 - 기타,승용,여,52세,상해없음,승용,여,46세,경상
2022111600100675,2022년 11월 16일 22시,수요일,충청남도 천안시 서북구 두정동,경상사고,0,0,1,0,차대사람 - 기타,신호위반,건조,맑음,교차로 - 교차로안,이륜,남,39세,경상,보행자,남,28세,상해없음
2022111600100676,2022년 11월 16일 22시,수요일,충청남도 아산시 영인면,사망사고,1,0,0,0,차대사람 - 기타,안전운전불이행,건조,맑음,단일로 - 기타,승용,남,47세,기타불명,보행자,남,34세,사망
2022111600100677,2022년 11월 16일 22시,수요일,충청남도 서천군 서면,경상사고,0,0,1,0,차량단독 - 공작물충돌,안전운전불이행,건조,맑음,교차로 - 교차로안,승용,남,60세,상해없음,,,,
2022111700100039,2022년 11월 17일 05시,목요일,충청남도 천안시 서북구 성정동,경상사고,0,0,2,0,차대차 - 측면충돌,안전운전불이행,건조,맑음,교차로 - 교차로안,승용,남,29세,상해없음,승용,남,24세,경상
2022111700100057,2022년 11월 17일 06시,목요일,충청남도 천안시 서북구 직산읍,경상사고,0,0,1,0,차대차 - 기타,안전운전불이행,건조,맑음,교차로 - 교차로안,화물,남,52세,상해없음,이륜,남,56세,경상
2022111700100095,2022년 11월 17일 08시,목요일,충청남도 천안시 서북구 불당동,경상사고,0,0,3,0,차대차 - 기타,안전운전불이행,건조,맑음,교차로 - 교차로부근,승용,남,66세,상해없음,승용,여,47세,경상
2022111700100130,2022년 11월 17일 09시,목요일,충청남도 서산시 석남동,중상사고,0,1,0,0,차대사람 - 기타,안전운전불이행,건조,맑음,단일로 - 기타,화물,남,50세,상해없음,보행자,남,68세,중상
2022111700100131,2022년 11월 17일 09시,목요일,충청남도 보령시 대천동,중상사고,0,1,0,0,차대사람 - 횡단중,안전운전불이행,건조,맑음,교차로 - 교차로안,화물,남,68세,상해없음,보행자,여,73세,중상
2022111700100132,2022년 11월 17일 09시,목요일,충청남도 당진시 읍내동,경상사고,0,0,1,0,차대차 - 측면충돌,교차로운행방법위반,건조,맑음,교차로 - 교차로안,승용,남,73세,상해없음,승용,남,62세,경상
2022111700100133,2022년 11월 17일 09시,목요일,충청남도 청양군 화성면,중상사고,0,1,0,0,차량단독 - 공작물충돌,안전운전불이행,건조,맑음,교차로 - 교차로부근,원동기,여,77세,중상,,,,
2022111700100157,2022년 11월 17일 10시,목요일,충청남도 천안시 동남구 다가동,경상사고,0,0,2,0,차대차 - 추돌,안전운전불이행,건조,맑음,기타 - 기타,이륜,남,53세,상해없음,승용,여,47세,경상
2022111700100193,2022년 11월 17일 11시,목요일,충청남도 천안시 서북구 쌍용동,경상사고,0,0,3,0,차대차 - 기타,안전운전불이행,건조,맑음,기타 - 기타,화물,남,63세,상해없음,승용,여,39세,경상
2022111700100194,2022년 11월 17일 11시,목요일,충청남도 예산군 고덕면,중상사고,0,1,0,0,차대차 - 측면충돌,안전운전불이행,건조,맑음,교차로 - 교차로부근,승용,남,59세,상해없음,이륜,남,78세,중상
2022111700100232,2022년 11월 17일 12시,목요일,충청남도 아산시 배방읍,경상사고,0,0,1,0,차대차 - 측면충돌,안전운전불이행,건조,맑음,교차로 - 교차로안,이륜,남,49세,상해없음,승용,여,32세,경상
2022111700100233,2022년 11월 17일 12시,목요일,충청남도 공주시 옥룡동,중상사고,0,1,0,0,차대사람 - 기타,안전운전불이행,건조,맑음,교차로 - 교차로부근,승용,남,69세,상해없음,보행자,여,77세,중상
2022111700100259,2022년 11월 17일 13시,목요일,충청남도 부여군 임천면,중상사고,0,1,0,0,차대차 - 측면충돌,중앙선침범,건조,맑음,단일로 - 기타,사륜오토바이(ATV),여,77세,중상,승용,남,83세,상해없음
2022111700100291,2022년 11월 17일 14시,목요일,충청남도 서산시 음암면,경상사고,0,0,2,0,차대차 - 측면충돌,교차로운행방법위반,건조,맑음,교차로 - 교차로안,승용,남,52세,경상,승용,남,62세,경상
2022111700100292,2022년 11월 17일 14시,목요일,충청남도 천안시 서북구 신당동,중상사고,0,1,0,0,차대사람 - 기타,안전운전불이행,건조,맑음,단일로 - 기타,화물,남,35세,상해없음,보행자,여,63세,중상
2022111700100328,2022년 11월 17일 15시,목요일,충청남도 천안시 서북구 직산읍,경상사고,0,0,1,0,차대차 - 기타,안전운전불이행,건조,맑음,교차로 - 교차로안,승용,여,51세,상해없음,화물,남,76세,경상
2022111700100353,2022년 11월 17일 16시,목요일,충청남도 서산시 죽성동,경상사고,0,0,2,0,차대차 - 기타,교차로운행방법위반,건조,맑음,교차로 - 교차로안,승용,여,42세,경상,승용,여,50세,경상
2022111700100354,2022년 11월 17일 16시,목요일,충청남도 예산군 삽교읍,경상사고,0,0,2,0,차대차 - 측면충돌,중앙선침범,건조,맑음,단일로 - 기타,승용,남,25세,경상,승용,남,70세,경상
2022111700100355,2022년 11월 17일 16시,목요일,충청남도 천안시 동남구 신부동,경상사고,0,0,1,0,차대차 - 기타,안전운전불이행,건조,맑음,교차로 - 교차로부근,승합,남,70세,상해없음,승용,남,59세,경상
2022111700100402,2022년 11월 17일 17시,목요일,충청남도 청양군 화성면,경상사고,0,0,1,0,차량단독 - 공작물충돌,안전운전불이행,건조,맑음,교차로 - 교차로부근,승용,남,76세,상해없음,,,,
2022111700100403,2022년 11월 17일 17시,목요일,충청남도 천안시 동남구 신부동,경상사고,0,0,1,0,차대사람 - 횡단중,중앙선침범,건조,맑음,교차로 - 교차로부근,승용,남,42세,상해없음,보행자,여,19세,경상
2022111700100404,2022년 11월 17일 17시,목요일,충청남도 공주시 탄천면,경상사고,0,0,1,0,차대차 - 기타,안전거리미확보,건조,맑음,단일로 - 기타,화물,남,54세,상해없음,승용,남,42세,경상
2022111700100460,2022년 11월 17일 18시,목요일,충청남도 서산시 팔봉면,중상사고,0,1,0,0,차대사람 - 횡단중,기타,건조,맑음,교차로 - 교차로부근,승용,여,28세,상해없음,보행자,여,75세,중상
2022111700100461,2022년 11월 17일 18시,목요일,충청남도 천안시 서북구 백석동,경상사고,0,0,1,0,차대차 - 기타,안전거리미확보,건조,맑음,교차로 - 교차로안,승합,남,53세,상해없음,승용,남,24세,경상
2022111700100462,2022년 11월 17일 18시,목요일,충청남도 홍성군 홍북읍,경상사고,0,0,1,0,차대차 - 기타,신호위반,건조,맑음,교차로 - 교차로안,승합,여,48세,상해없음,승용,남,40세,경상
2022111700100463,2022년 11월 17일 18시,목요일,충청남도 아산시 탕정면,경상사고,0,0,1,0,차대차 - 측면충돌,안전운전불이행,건조,맑음,기타 - 기타,승용,여,52세,상해없음,승용,남,44세,경상
2022111700100465,2022년 11월 17일 18시,목요일,충청남도 천안시 동남구 청수동,경상사고,0,0,1,0,차대사람 - 차도통행중,안전운전불이행,건조,맑음,교차로 - 교차로안,승용,여,33세,상해없음,보행자,남,73세,경상
2022111700100466,2022년 11월 17일 18시,목요일,충청남도 천안시 동남구 신부동,경상사고,0,0,1,0,차대차 - 측면충돌,안전거리미확보,건조,맑음,단일로 - 기타,승용,여,37세,상해없음,승용,남,31세,경상
2022111700100522,2022년 11월 17일 19시,목요일,충청남도 천안시 서북구 성정동,경상사고,0,0,1,0,차대차 - 기타,안전거리미확보,건조,맑음,기타 - 기타,승용,여,26세,상해없음,이륜,남,37세,경상
2022111700100523,2022년 11월 17일 19시,목요일,충청남도 아산시 배방읍,중상사고,0,1,0,0,차대차 - 기타,신호위반,건조,맑음,교차로 - 교차로안,승용,남,40세,기타불명,이륜,남,21세,중상
2022111700100524,2022년 11월 17일 19시,목요일,충청남도 천안시 동남구 신부동,중상사고,0,1,1,0,차대차 - 정면충돌,신호위반,건조,맑음,교차로 - 교차로안,이륜,남,35세,중상,승용,남,55세,경상
2022111700100625,2022년 11월 17일 23시,목요일,충청남도 천안시 서북구 불당동,경상사고,0,0,2,0,차대차 - 기타,신호위반,건조,맑음,기타 - 기타,승용,남,27세,상해없음,승용,남,35세,경상
2022111800100034,2022년 11월 18일 04시,금요일,충청남도 예산군 예산읍,경상사고,0,0,1,0,차량단독 - 기타,안전운전불이행,젖음/습기,안개,단일로 - 기타,이륜,남,15세,경상,,,,
2022111800100044,2022년 11월 18일 05시,금요일,충청남도 천안시 서북구 성환읍,경상사고,0,0,1,0,차대차 - 추돌,안전운전불이행,건조,맑음,교차로 - 교차로부근,승용,남,32세,상해없음,승용,남,42세,경상
2022111800100058,2022년 11월 18일 06시,금요일,충청남도 당진시 송산면,중상사고,0,1,0,0,차대차 - 측면충돌,신호위반,건조,맑음,교차로 - 교차로부근,승용,남,55세,상해없음,승용,남,32세,중상
2022111800100097,2022년 11월 18일 08시,금요일,충청남도 천안시 서북구 불당동,경상사고,0,0,1,0,차대차 - 측면충돌,교차로운행방법위반,건조,맑음,교차로 - 교차로안,승용,남,69세,상해없음,원동기,남,39세,경상
2022111800100098,2022년 11월 18일 08시,금요일,충청남도 논산시 취암동,경상사고,0,0,1,0,차대차 - 추돌,안전운전불이행,건조,맑음,단일로 - 기타,승용,여,30세,상해없음,승용,남,24세,경상
2022111800100099,2022년 11월 18일 08시,금요일,충청남도 서천군 한산면,중상사고,0,1,0,0,차대사람 - 기타,기타,건조,맑음,교차로 - 교차로안,승용,남,29세,상해없음,보행자,여,74세,중상
2022111800100164,2022년 11월 18일 10시,금요일,충청남도 천안시 서북구 성성동,경상사고,0,0,1,0,차대차 - 추돌,안전운전불이행,건조,맑음,교차로 - 교차로안,승용,여,59세,상해없음,승용,남,29세,경상
2022111800100165,2022년 11월 18일 10시,금요일,충청남도 논산시 취암동,중상사고,0,1,0,0,차대차 - 정면충돌,중앙선침범,건조,맑음,교차로 - 교차로부근,승용,남,56세,상해없음,승용,여,67세,중상
2022111800100166,2022년 11월 18일 10시,금요일,충청남도 서천군 서천읍,경상사고,0,0,1,0,차대사람 - 차도통행중,직진우회전진행방해,건조,맑음,교차로 - 교차로안,승용,남,60세,상해없음,보행자,남,66세,경상
2022111800100167,2022년 11월 18일 10시,금요일,충청남도 공주시 유구읍,중상사고,0,1,0,0,차대사람 - 기타,안전운전불이행,건조,맑음,단일로 - 기타,승합,남,57세,상해없음,보행자,남,85세,중상
2022111800100168,2022년 11월 18일 10시,금요일,충청남도 태안군 근흥면,중상사고,0,2,2,0,차대차 - 추돌,안전운전불이행,건조,맑음,단일로 - 기타,화물,남,73세,중상,화물,남,45세,경상
2022111800100199,2022년 11월 18일 11시,금요일,충청남도 천안시 동남구 신부동,경상사고,0,0,1,0,차대차 - 측면충돌,교차로운행방법위반,건조,맑음,교차로 - 교차로안,승용,남,81세,상해없음,승용,여,34세,경상
2022111800100200,2022년 11월 18일 11시,금요일,충청남도 천안시 동남구 병천면,경상사고,0,0,2,0,차대차 - 측면충돌,안전운전불이행,건조,맑음,단일로 - 기타,원동기,남,70세,상해없음,승용,남,62세,경상
2022111800100225,2022년 11월 18일 12시,금요일,충청남도 서산시 동문동,경상사고,0,0,1,0,차대사람 - 길가장자리구역통행중,안전운전불이행,건조,맑음,단일로 - 기타,승용,여,61세,상해없음,보행자,여,52세,경상
2022111800100226,2022년 11월 18일 12시,금요일,충청남도 논산시 취암동,중상사고,0,1,2,0,차대차 - 측면충돌,안전운전불이행,건조,맑음,교차로 - 교차로안,이륜,남,29세,중상,화물,남,72세,경상
2022111800100303,2022년 11월 18일 14시,금요일,충청남도 서산시 음암면,중상사고,0,1,1,0,차대차 - 측면충돌,직진우회전진행방해,건조,맑음,교차로 - 교차로안,화물,남,51세,중상,화물,남,57세,경상
2022111800100304,2022년 11월 18일 14시,금요일,충청남도 천안시 서북구 성정동,경상사고,0,0,1,0,차대차 - 추돌,안전운전불이행,건조,맑음,교차로 - 교차로안,승용,남,36세,상해없음,승용,남,53세,경상
2022111800100305,2022년 11월 18일 14시,금요일,충청남도 예산군 예산읍,경상사고,0,0,1,0,차대사람 - 차도통행중,안전운전불이행,건조,맑음,교차로 - 교차로안,승용,여,67세,상해없음,보행자,여,66세,경상