사고번호,사고일시,요일,시군구,사고내용,사망자수,중상자수,경상자수,부상신고자수,사고유형,법규위반,노면상태,기상상태,도로형태,가해운전자 차종,가해운전자 성별,가해운전자 연령,가해운전자 상해정도,피해운전자 차종,피해운전자 성별,피해운전자 연령,피해운전자 상해정도
2022112300100058,2022년 11월 23일 07시,수요일,충청남도 서산시 석림동,경상사고,0,0,2,0,차대차 - 측면충돌,교차로운행방법위반,건조,맑음,교차로 - 교차로안,승용,여,55세,경상,화물,남,50세,경상
2022112300100059,2022년 11월 23일 07시,수요일,충청남도 천안시 서북구 직산읍,경상사고,0,0,1,0,차대차 - 측면충돌,기타,건조,맑음,단일로 - 기타,화물,남,35세,상해없음,승용,남,24세,경상
2022112300100060,2022년 11월 23일 07시,수요일,충청남도 아산시 온천동,중상사고,0,1,0,0,차대사람 - 기타,안전운전불이행,건조,맑음,교차로 - 교차로안,화물,남,59세,상해없음,보행자,여,39세,중상
2022112300100089,2022년 11월 23일 08시,수요일,충청남도 천안시 서북구 두정동,경상사고,0,0,2,0,차대차 - 측면충돌,안전운전불이행,건조,맑음,단일로 - 기타,승용,여,42세,경상,승용,여,27세,경상
2022112300100090,2022년 11월 23일 08시,수요일,충청남도 아산시 둔포면,중상사고,0,1,0,0,차대사람 - 횡단중,보행자보호의무위반,건조,흐림,교차로 - 교차로횡단보도내,화물,남,60세,상해없음,보행자,남,7세,중상
2022112300100091,2022년 11월 23일 08시,수요일,충청남도 천안시 동남구 신부동,경상사고,0,0,1,0,차대사람 - 횡단중,안전운전불이행,건조,맑음,교차로 - 교차로안,승용,여,41세,상해없음,보행자,남,73세,경상
2022112300100109,2022년 11월 23일 09시,수요일,충청남도 공주시 유구읍,중상사고,0,1,0,0,차대차 - 기타,중앙선침범,건조,맑음,단일로 - 기타,이륜,남,79세,중상,화물,남,70세,상해없음
2022112300100229,2022년 11월 23일 13시,수요일,충청남도 천안시 동남구 신방동,경상사고,0,0,1,0,차대차 - 정면충돌,차로위반,건조,맑음,교차로 - 교차로부근,승용,여,51세,상해없음,승용,여,39세,경상
2022112300100252,2022년 11월 23일 14시,수요일,충청남도 천안시 동남구 다가동,경상사고,0,0,5,0,차대차 - 측면충돌,신호위반,건조,맑음,교차로 - 교차로안,화물,남,33세,경상,승용,남,61세,경상
2022112300100294,2022년 11월 23일 15시,수요일,충청남도 아산시 용화동,중상사고,0,1,0,0,차대사람 - 횡단중,안전운전불이행,건조,맑음,기타 - 기타,승용,여,44세,상해없음,보행자,여,67세,중상
2022112300100365,2022년 11월 23일 17시,수요일,충청남도 천안시 서북구 성정동,경상사고,0,0,1,0,차대차 - 측면충돌,교차로운행방법위반,건조,맑음,기타 - 기타,승용,여,32세,상해없음,이륜,남,28세,경상
2022112300100366,2022년 11월 23일 17시,수요일,충청남도 당진시 대덕동,중상사고,0,1,0,0,차대차 - 측면충돌,신호위반,건조,맑음,교차로 - 교차로안,화물,남,58세,상해없음,이륜,남,45세,중상
2022112300100423,2022년 11월 23일 18시,수요일,충청남도 서천군 장항읍,경상사고,0,0,1,0,차대차 - 정면충돌,교차로운행방법위반,건조,맑음,교차로 - 교차로안,승용,남,67세,상해없음,자전거,남,52세,경상
2022112300100424,2022년 11월 23일 18시,수요일,충청남도 보령시 주교면,중상사고,0,1,0,0,차대사람 - 횡단중,안전운전불이행,건조,맑음,교차로 - 교차로부근,승용,남,30세,상해없음,보행자,여,53세,중상
2022112300100478,2022년 11월 23일 19시,수요일,충청남도 아산시 신창면,경상사고,0,0,1,0,차대차 - 기타,중앙선침범,건조,맑음,교차로 - 교차로부근,기타불명,기타불명,미분류,기타불명,승용,남,58세,경상
2022112300100479,2022년 11월 23일 19시,수요일,충청남도 천안시 동남구 원성동,경상사고,0,0,1,0,차대차 - 추돌,안전운전불이행,건조,맑음,단일로 - 기타,승용,남,29세,상해없음,승용,여,29세,경상
2022112300100512,2022년 11월 23일 20시,수요일,충청남도 천안시 서북구 쌍용동,경상사고,0,0,1,0,차대차 - 기타,신호위반,건조,흐림,교차로 - 교차로부근,이륜,남,47세,상해없음,이륜,남,24세,경상
2022112300100513,2022년 11월 23일 20시,수요일,충청남도 천안시 동남구 청당동,중상사고,0,1,0,0,차대차 - 기타,신호위반,건조,맑음,교차로 - 교차로안,이륜,남,33세,기타불명,이륜,남,28세,중상
2022112300100540,2022년 11월 23일 21시,수요일,충청남도 천안시 서북구 성거읍,경상사고,0,0,1,0,차대차 - 후진중충돌,안전운전불이행,건조,맑음,단일로 - 기타,승용,남,23세,상해없음,승용,여,41세,경상
2022112300100541,2022년 11월 23일 21시,수요일,충청남도 보령시 대천동,중상사고,0,1,0,0,차대차 - 측면충돌,안전운전불이행,건조,맑음,단일로 - 기타,기타불명,기타불명,미분류,기타불명,자전거,남,70세,중상
2022112300100557,2022년 11월 23일 22시,수요일,충청남도 부여군 세도면,중상사고,0,2,0,0,차대차 - 추돌,안전운전불이행,건조,맑음,단일로 - 기타,화물,남,43세,상해없음,승용,여,47세,중상
2022112400100031,2022년 11월 24일 04시,목요일,충청남도 천안시 서북구 성환읍,부상신고사고,0,0,0,1,차량단독 - 공작물충돌,안전운전불이행,건조,맑음,단일로 - 기타,승용,남,32세,부상신고,,,,
2022112400100059,2022년 11월 24일 07시,목요일,충청남도 서산시 수석동,경상사고,0,0,2,0,차대차 - 추돌,안전운전불이행,건조,맑음,단일로 - 기타,화물,남,56세,상해없음,승용,남,31세,경상
2022112400100060,2022년 11월 24일 07시,목요일,충청남도 천안시 서북구 성성동,중상사고,0,1,0,0,차대차 - 측면충돌,안전운전불이행,건조,맑음,교차로 - 교차로부근,화물,남,70세,상해없음,승용,남,58세,중상
2022112400100061,2022년 11월 24일 07시,목요일,충청남도 공주시 산성동,경상사고,0,0,1,0,차대차 - 측면충돌,안전운전불이행,건조,맑음,단일로 - 기타,이륜,남,56세,경상,화물,남,45세,기타불명
2022112400100101,2022년 11월 24일 08시,목요일,충청남도 서산시 예천동,경상사고,0,0,1,0,차대사람 - 기타,안전운전불이행,기타,맑음,주차장 - 주차장,승용,여,31세,상해없음,보행자,여,40세,경상
2022112400100102,2022년 11월 24일 08시,목요일,충청남도 논산시 연무읍,경상사고,0,0,3,0,차대차 - 측면충돌,신호위반,건조,맑음,교차로 - 교차로안,화물,남,53세,상해없음,승용,남,74세,경상
2022112400100103,2022년 11월 24일 08시,목요일,충청남도 공주시 우성면,경상사고,0,0,1,0,차대차 - 추돌,신호위반,건조,맑음,교차로 - 교차로부근,승용,여,29세,기타불명,승용,남,25세,경상
2022112400100179,2022년 11월 24일 10시,목요일,충청남도 논산시 취암동,경상사고,0,0,1,0,차대사람 - 차도통행중,안전운전불이행,건조,맑음,단일로 - 기타,승용,여,51세,상해없음,보행자,여,17세,경상
2022112400100199,2022년 11월 24일 11시,목요일,충청남도 서산시 동문동,중상사고,0,1,0,0,차대차 - 기타,안전운전불이행,건조,맑음,교차로 - 교차로안,승용,여,48세,상해없음,이륜,남,40세,중상
2022112400100200,2022년 11월 24일 11시,목요일,충청남도 계룡시 두마면,경상사고,0,0,2,0,차대차 - 정면충돌,중앙선침범,건조,맑음,단일로 - 기타,승용,남,48세,상해없음,화물,남,29세,경상
2022112400100261,2022년 11월 24일 13시,목요일,충청남도 청양군 청양읍,중상사고,0,1,0,0,차량단독 - 기타,안전운전불이행,건조,맑음,단일로 - 기타,이륜,남,73세,중상,,,,
2022112400100338,2022년 11월 24일 15시,목요일,충청남도 논산시 은진면,중상사고,0,2,3,0,차대차 - 정면충돌,중앙선침범,건조,맑음,단일로 - 기타,승용,남,26세,경상,화물,남,65세,중상
2022112400100376,2022년 11월 24일 16시,목요일,충청남도 천안시 동남구 청당동,경상사고,0,0,1,0,차대차 - 기타,교차로운행방법위반,건조,맑음,교차로 - 교차로안,승용,남,71세,상해없음,승용,여,52세,경상
2022112400100418,2022년 11월 24일 17시,목요일,충청남도 천안시 서북구 성성동,경상사고,0,0,1,0,차대차 - 기타,안전거리미확보,건조,맑음,단일로 - 기타,승용,남,28세,상해없음,승용,남,28세,경상
2022112400100419,2022년 11월 24일 17시,목요일,충청남도 아산시 염치읍,경상사고,0,0,3,0,차대차 - 추돌,안전운전불이행,건조,맑음,단일로 - 기타,화물,남,82세,상해없음,승용,남,48세,경상
2022112400100477,2022년 11월 24일 18시,목요일,충청남도 서천군 장항읍,경상사고,0,0,1,0,차량단독 - 공작물충돌,안전운전불이행,건조,맑음,단일로 - 기타,승용,남,60세,상해없음,,,,
2022112400100478,2022년 11월 24일 18시,목요일,충청남도 당진시 읍내동,경상사고,0,0,1,0,차대차 - 측면충돌,교차로운행방법위반,건조,맑음,교차로 - 교차로안,승용,여,47세,상해없음,이륜,남,20세,경상
2022112400100522,2022년 11월 24일 19시,목요일,충청남도 천안시 서북구 쌍용동,경상사고,0,0,2,0,차대차 - 추돌,안전운전불이행,건조,맑음,단일로 - 기타,화물,남,27세,상해없음,승용,여,63세,경상
2022112400100523,2022년 11월 24일 19시,목요일,충청남도 천안시 서북구 성정동,경상사고,0,0,1,0,차대차 - 기타,안전운전불이행,건조,맑음,단일로 - 기타,승용,남,49세,상해없음,승용,여,60세,경상
2022112400100559,2022년 11월 24일 20시,목요일,충청남도 서산시 읍내동,경상사고,0,0,1,0,차대차 - 기타,안전운전불이행,건조,맑음,단일로 - 기타,승용,여,58세,상해없음,이륜,남,35세,경상
2022112400100560,2022년 11월 24일 20시,목요일,충청남도 당진시 송악읍,경상사고,0,0,1,0,차대차 - 추돌,안전운전불이행,건조,맑음,교차로 - 교차로부근,승용,남,42세,상해없음,승용,남,22세,경상
2022112400100584,2022년 11월 24일 21시,목요일,충청남도 천안시 서북구 성정동,경상사고,0,0,1,0,차대차 - 추돌,안전운전불이행,건조,맑음,교차로 - 교차로부근,승용,남,26세,상해없음,승용,남,57세,경상
2022112400100585,2022년 11월 24일 21시,목요일,충청남도 천안시 동남구 신방동,경상사고,0,0,2,0,차대차 - 측면충돌,안전운전불이행,건조,맑음,교차로 - 교차로부근,승용,남,59세,경상,승용,여,28세,경상
2022112400100606,2022년 11월 24일 22시,목요일,충청남도 천안시 서북구 두정동,중상사고,0,2,1,0,차대차 - 측면충돌,안전운전불이행,건조,맑음,교차로 - 교차로부근,승용,여,39세,중상,이륜,남,51세,중상
2022112400100625,2022년 11월 24일 23시,목요일,충청남도 천안시 서북구 성정동,중상사고,0,1,0,0,차대차 - 측면충돌,중앙선침범,건조,맑음,단일로 - 기타,승용,남,35세,상해없음,이륜,남,41세,중상
2022112400100626,2022년 11월 24일 23시,목요일,충청남도 논산시 강산동,경상사고,0,0,1,0,차대차 - 추돌,안전운전불이행,건조,맑음,단일로 - 기타,승용,남,22세,상해없음,승용,남,59세,경상
2022112400100627,2022년 11월 24일 23시,목요일,충청남도 천안시 동남구 신부동,중상사고,0,1,1,0,차대사람 - 기타,보행자보호의무위반,건조,맑음,교차로 - 교차로횡단보도내,이륜,남,15세,상해없음,보행자,남,26세,중상
2022112500100023,2022년 11월 25일 01시,금요일,충청남도 천안시 동남구 봉명동,중상사고,0,1,1,0,차대차 - 후진중충돌,안전운전불이행,건조,맑음,단일로 - 기타,승용,남,59세,상해없음,승용,남,35세,중상
2022112500100041,2022년 11월 25일 05시,금요일,충청남도 아산시 용화동,경상사고,0,0,1,0,차대사람 - 기타,안전운전불이행,건조,맑음,주차장 - 주차장,승용,남,68세,상해없음,보행자,남,38세,경상
2022112500100048,2022년 11월 25일 06시,금요일,충청남도 아산시 풍기동,중상사고,0,1,0,0,차대사람 - 횡단중,안전운전불이행,건조,흐림,교차로 - 교차로안,승용,남,45세,상해없음,보행자,남,36세,중상
2022112500100072,2022년 11월 25일 07시,금요일,충청남도 아산시 탕정면,경상사고,0,0,1,0,차대차 - 측면충돌,신호위반,건조,맑음,교차로 - 교차로안,승용,남,29세,상해없음,승용,남,40세,경상
2022112500100096,2022년 11월 25일 08시,금요일,충청남도 서천군 서천읍,경상사고,0,0,1,0,차대차 - 측면충돌,직진우회전진행방해,건조,맑음,교차로 - 교차로안,화물,남,78세,상해없음,화물,남,63세,경상
2022112500100127,2022년 11월 25일 09시,금요일,충청남도 아산시 배방읍,경상사고,0,0,1,0,차대차 - 측면충돌,안전운전불이행,건조,맑음,교차로 - 교차로부근,승용,남,55세,상해없음,승용,여,45세,경상
2022112500100128,2022년 11월 25일 09시,금요일,충청남도 당진시 원당동,경상사고,0,0,1,0,차대차 - 기타,안전운전불이행,건조,맑음,교차로 - 교차로안,승용,여,31세,상해없음,화물,남,53세,경상
2022112500100157,2022년 11월 25일 10시,금요일,충청남도 청양군 청양읍,경상사고,0,0,1,0,차대차 - 추돌,안전운전불이행,건조,맑음,교차로 - 교차로부근,원동기,남,77세,경상,승용,남,33세,상해없음
2022112500100191,2022년 11월 25일 11시,금요일,충청남도 예산군 예산읍,경상사고,0,0,2,0,차대차 - 측면충돌,직진우회전진행방해,건조,맑음,교차로 - 교차로안,승용,여,26세,경상,화물,남,80세,경상
2022112500100192,2022년 11월 25일 11시,금요일,충청남도 태안군 고남면,중상사고,0,1,1,0,차대차 - 정면충돌,중앙선침범,건조,맑음,단일로 - 기타,화물,남,72세,상해없음,승용,남,25세,중상
2022112500100224,2022년 11월 25일 12시,금요일,충청남도 당진시 읍내동,부상신고사고,0,0,0,1,차대차 - 기타,안전운전불이행,건조,맑음,교차로 - 교차로횡단보도내,개인형이동수단(PM),남,62세,부상신고,승용,여,60세,상해없음
2022112500100306,2022년 11월 25일 15시,금요일,충청남도 당진시 원당동,경상사고,0,0,1,1,차대차 - 기타,안전거리미확보,건조,맑음,단일로 - 기타,승용,여,69세,부상신고,승합,남,63세,상해없음
2022112500100307,2022년 11월 25일 15시,금요일,충청남도 당진시 읍내동,경상사고,0,0,2,0,차대차 - 기타,안전운전불이행,건조,맑음,교차로 - 교차로안,화물,남,36세,경상,화물,남,42세,경상
2022112500100353,2022년 11월 25일 16시,금요일,충청남도 아산시 풍기동,중상사고,0,1,0,0,차대사람 - 횡단중,안전운전불이행,건조,맑음,교차로 - 교차로횡단보도내,승용,남,61세,상해없음,보행자,여,62세,중상
2022112500100354,2022년 11월 25일 16시,금요일,충청남도 아산시 탕정면,사망사고,1,0,0,0,차대차 - 추돌,안전운전불이행,건조,맑음,교차로 - 교차로부근,원동기,남,63세,사망,승용,여,28세,상해없음
2022112500100355,2022년 11월 25일 16시,금요일,충청남도 천안시 동남구 목천읍,경상사고,0,0,1,0,차대차 - 추돌,안전운전불이행,건조,맑음,단일로 - 기타,승용,여,39세,상해없음,승용,남,48세,경상
2022112500100404,2022년 11월 25일 17시,금요일,충청남도 금산군 금산읍,중상사고,0,1,0,0,차대차 - 측면충돌,안전운전불이행,건조,맑음,단일로 - 기타,화물,남,63세,상해없음,승용,남,39세,상해없음
2022112500100405,2022년 11월 25일 17시,금요일,충청남도 천안시 동남구 청수동,중상사고,0,1,0,0,차대차 - 기타,안전운전불이행,건조,맑음,단일로 - 기타,승용,여,23세,상해없음,승용,남,54세,중상
2022112500100473,2022년 11월 25일 18시,금요일,충청남도 천안시 서북구 성환읍,경상사고,0,0,2,0,차대차 - 기타,안전운전불이행,건조,맑음,기타 - 기타,화물,남,57세,상해없음,승용,남,52세,경상
2022112500100474,2022년 11월 25일 18시,금요일,충청남도 아산시 탕정면,중상사고,0,1,0,0,차대차 - 측면충돌,안전운전불이행,건조,맑음,단일로 - 기타,화물,남,54세,상해없음,이륜,남,44세,중상
2022112500100475,2022년 11월 25일 18시,금요일,충청남도 공주시 중학동,경상사고,0,0,1,0,차대차 - 측면충돌,중앙선침범,건조,맑음,교차로 - 교차로안,이륜,남,70세,경상,승용,남,33세,상해없음
2022112500100476,2022년 11월 25일 18시,금요일,충청남도 천안시 동남구 성황동,경상사고,0,0,1,0,차대차 - 측면충돌,교차로운행방법위반,건조,맑음,교차로 - 교차로안,승용,여,28세,상해없음,화물,남,56세,경상
2022112500100477,2022년 11월 25일 18시,금요일,충청남도 태안군 남면,중상사고,0,1,0,0,차대차 - 추돌,안전운전불이행,건조,맑음,단일로 - 기타,승용,남,40세,상해없음,농기계,남,69세,중상
2022112500100526,2022년 11월 25일 19시,금요일,충청남도 천안시 서북구 불당동,경상사고,0,0,1,0,차대차 - 기타,안전운전불이행,건조,맑음,기타 - 기타,승용,여,25세,상해없음,승용,여,40세,경상
2022112500100569,2022년 11월 25일 20시,금요일,충청남도 천안시 서북구 불당동,경상사고,0,0,1,0,차대차 - 기타,안전운전불이행,건조,맑음,교차로 - 교차로안,승용,남,37세,상해없음,이륜,남,26세,경상
2022112500100570,2022년 11월 25일 20시,금요일,충청남도 아산시 배방읍,경상사고,0,0,1,0,차대차 - 후진중충돌,안전운전불이행,건조,기타,주차장 - 주차장,승용,남,34세,상해없음,승용,남,30세,경상
2022112500100596,2022년 11월 25일 21시,금요일,충청남도 서산시 동문동,경상사고,0,0,1,0,차대사람 - 횡단중,보행자보호의무위반,건조,맑음,교차로 - 교차로횡단보도내,승용,남,30세,상해없음,보행자,남,44세,경상
2022112500100597,2022년 11월 25일 21시,금요일,충청남도 천안시 서북구 성정동,경상사고,0,0,1,0,차대차 - 기타,교차로운행방법위반,건조,맑음,기타 - 기타,승용,남,60세,상해없음,승용,남,37세,경상
2022112500100598,2022년 11월 25일 21시,금요일,충청남도 천안시 서북구 두정동,중상사고,0,1,0,0,차대차 - 기타,안전운전불이행,건조,맑음,단일로 - 교량,승용,여,24세,상해없음,이륜,남,39세,중상
2022112500100599,2022년 11월 25일 21시,금요일,충청남도 공주시 탄천면,경상사고,0,0,1,0,차량단독 - 공작물충돌,안전운전불이행,건조,맑음,단일로 - 기타,승용,남,64세,경상,,,,
2022112500100635,2022년 11월 25일 22시,금요일,충청남도 천안시 서북구 불당동,경상사고,0,0,2,0,차대차 - 기타,안전운전불이행,건조,맑음,교차로 - 교차로부근,승용,남,34세,상해없음,승용,여,22세,경상
2022112500100636,2022년 11월 25일 22시,금요일,충청남도 논산시 채운면,중상사고,0,1,1,0,차대차 - 추돌,안전운전불이행,건조,맑음,단일로 - 기타,승용,남,50세,경상,농기계,남,42세,중상
2022112600100011,2022년 11월 26일 00시,토요일,충청남도 아산시 용화동,중상사고,0,1,2,0,차대차 - 정면충돌,안전운전불이행,건조,맑음,교차로 - 교차로안,승용,남,26세,중상,승용,남,33세,경상
2022112600100073,2022년 11월 26일 06시,토요일,충청남도 당진시 송산면,부상신고사고,0,0,0,1,차대사람 - 보도통행중,안전운전불이행,건조,맑음,단일로 - 기타,이륜,남,75세,부상신고,보행자,남,51세,상해없음
2022112600100094,2022년 11월 26일 08시,토요일,충청남도 청양군 목면,경상사고,0,0,1,0,차대차 - 측면충돌,교차로운행방법위반,건조,맑음,교차로 - 교차로부근,화물,남,75세,상해없음,이륜,여,70세,경상
2022112600100117,2022년 11월 26일 09시,토요일,충청남도 천안시 서북구 두정동,중상사고,0,1,0,0,차대차 - 추돌,안전운전불이행,건조,맑음,단일로 - 기타,승용,여,30세,상해없음,승용,남,28세,중상
2022112600100140,2022년 11월 26일 10시,토요일,충청남도 아산시 음봉면,중상사고,0,2,2,0,차대차 - 추돌,안전운전불이행,건조,맑음,교차로 - 교차로부근,승용,여,59세,경상,건설기계,남,27세,경상
2022112600100266,2022년 11월 26일 14시,토요일,충청남도 당진시 송악읍,경상사고,0,0,1,0,차대차 - 기타,안전운전불이행,건조,맑음,교차로 - 교차로안,승용,남,59세,기타불명,승용,남,28세,경상
2022112600100294,2022년 11월 26일 15시,토요일,충청남도 예산군 대술면,경상사고,0,0,1,0,차대차 - 기타,안전운전불이행,건조,맑음,단일로 - 기타,농기계,남,59세,상해없음,승용,여,52세,경상
2022112600100333,2022년 11월 26일 16시,토요일,충청남도 공주시 반포면,중상사고,0,1,0,0,차대차 - 측면충돌,안전운전불이행,건조,맑음,단일로 - 기타,승용,남,61세,상해없음,승용,남,34세,중상
2022112600100334,2022년 11월 26일 16시,토요일,충청남도 부여군 홍산면,경상사고,0,0,1,0,차대차 - 기타,안전운전불이행,건조,맑음,단일로 - 기타,화물,남,49세,상해없음,승용,여,42세,경상
2022112600100415,2022년 11월 26일 18시,토요일,충청남도 홍성군 홍성읍,경상사고,0,0,1,0,차대차 - 측면충돌,중앙선침범,건조,맑음,단일로 - 기타,화물,남,25세,상해없음,원동기,남,40세,경상
2022112600100416,2022년 11월 26일 18시,토요일,충청남도 부여군 구룡면,사망사고,1,0,0,0,차대사람 - 횡단중,안전운전불이행,건조,맑음,단일로 - 기타,승용,남,46세,상해없음,보행자,여,66세,사망
2022112600100417,2022년 11월 26일 18시,토요일,충청남도 천안시 동남구 신부동,경상사고,0,0,1,0,차대차 - 측면충돌,교차로운행방법위반,건조,맑음,교차로 - 교차로안,승용,남,65세,상해없음,승용,남,19세,경상
2022112600100418,2022년 11월 26일 18시,토요일,충청남도 태안군 태안읍,경상사고,0,0,1,0,차대차 - 추돌,안전거리미확보,건조,맑음,단일로 - 기타,승용,여,50세,상해없음,승용,남,46세,경상
2022112600100452,2022년 11월 26일 19시,토요일,충청남도 아산시 탕정면,경상사고,0,0,2,0,차대차 - 측면충돌,기타,건조,맑음,단일로 - 기타,승용,남,45세,상해없음,화물,남,56세,경상
2022112600100483,2022년 11월 26일 20시,토요일,충청남도 서산시 동문동,경상사고,0,0,1,0,차대사람 - 길가장자리구역통행중,안전운전불이행,건조,맑음,단일로 - 기타,승용,여,45세,상해없음,보행자,남,32세,경상
2022112600100484,2022년 11월 26일 20시,토요일,충청남도 서산시 석림동,경상사고,0,0,1,0,차대차 - 측면충돌,안전운전불이행,건조,맑음,기타 - 기타,승용,여,31세,기타불명,이륜,남,35세,경상
2022112600100485,2022년 11월 26일 20시,토요일,충청남도 논산시 연산면,경상사고,0,0,1,0,차대차 - 기타,안전운전불이행,건조,맑음,단일로 - 기타,승용,남,38세,상해없음,승용,남,61세,경상
2022112600100486,2022년 11월 26일 20시,토요일,충청남도 홍성군 홍성읍,중상사고,0,1,0,0,차대차 - 측면충돌,중앙선침범,건조,맑음,교차로 - 교차로안,이륜,남,29세,중상,화물,남,56세,상해없음
2022112600100504,2022년 11월 26일 21시,토요일,충청남도 청양군 장평면,중상사고,0,1,0,0,차량단독 - 공작물충돌,안전운전불이행,건조,맑음,단일로 - 기타,화물,남,63세,중상,,,,
2022112600100505,2022년 11월 26일 21시,토요일,충청남도 천안시 동남구 다가동,중상사고,0,1,3,0,차대차 - 측면충돌,교차로운행방법위반,건조,맑음,교차로 - 교차로안,승용,남,31세,경상,승합,남,38세,경상
2022112600100519,2022년 11월 26일 22시,토요일,충청남도 아산시 둔포면,경상사고,0,0,2,0,차대차 - 측면충돌,안전운전불이행,건조,맑음,단일로 - 기타,승용,남,60세,상해없음,승용,남,45세,상해없음
2022112600100520,2022년 11월 26일 22시,토요일,충청남도 당진시 송산면,중상사고,0,1,0,0,차대사람 - 기타,안전운전불이행,건조,맑음,단일로 - 기타,화물,남,34세,상해없음,보행자,남,66세,중상
2022112600100533,2022년 11월 26일 23시,토요일,충청남도 천안시 동남구 목천읍,경상사고,0,0,1,0,차대차 - 후진중충돌,안전운전불이행,건조,맑음,주차장 - 주차장,승용,남,58세,상해없음,이륜,남,19세,경상
2022112700100020,2022년 11월 27일 01시,일요일,충청남도 천안시 서북구 쌍용동,경상사고,0,0,1,0,차대사람 - 기타,안전운전불이행,건조,맑음,단일로 - 기타,승용,남,40세,상해없음,보행자,여,26세,경상
2022112700100035,2022년 11월 27일 03시,일요일,충청남도 천안시 서북구 성정동,중상사고,0,1,0,0,차대사람 - 횡단중,안전운전불이행,건조,맑음,교차로 - 교차로횡단보도내,승용,남,56세,상해없음,보행자,남,26세,중상
2022112700100050,2022년 11월 27일 05시,일요일,충청남도 천안시 서북구 두정동,중상사고,0,2,1,0,차대사람 - 기타,안전운전불이행,건조,맑음,단일로 - 기타,승용,남,29세,상해없음,보행자,남,31세,중상
2022112700100110,2022년 11월 27일 11시,일요일,충청남도 서천군 서천읍,중상사고,0,1,0,0,차대차 - 측면충돌,직진우회전진행방해,건조,맑음,교차로 - 교차로안,승용,여,66세,상해없음,자전거,남,87세,중상
2022112700100140,2022년 11월 27일 12시,일요일,충청남도 공주시 의당면,중상사고,0,1,0,0,차대차 - 측면충돌,안전운전불이행,건조,맑음,교차로 - 교차로안,승용,남,68세,상해없음,이륜,남,67세,중상
2022112700100164,2022년 11월 27일 13시,일요일,충청남도 서산시 성연면,경상사고,0,0,1,0,차대차 - 추돌,안전운전불이행,건조,맑음,단일로 - 기타,승용,남,30세,상해없음,승용,여,49세,경상
2022112700100165,2022년 11월 27일 13시,일요일,충청남도 아산시 배방읍,경상사고,0,0,1,0,차대차 - 추돌,신호위반,건조,맑음,단일로 - 기타,승용,남,48세,상해없음,승용,남,50세,경상
2022112700100166,2022년 11월 27일 13시,일요일,충청남도 태안군 안면읍,경상사고,0,0,1,0,차대차 - 기타,안전운전불이행,건조,맑음,주차장 - 주차장,화물,남,67세,상해없음,승용,여,29세,경상
2022112700100221,2022년 11월 27일 15시,일요일,충청남도 천안시 서북구 성정동,부상신고사고,0,0,0,1,차대차 - 기타,신호위반,건조,맑음,교차로 - 교차로안,화물,여,64세,상해없음,개인형이동수단(PM),남,22세,부상신고
2022112700100222,2022년 11월 27일 15시,일요일,충청남도 논산시 강경읍,경상사고,0,0,1,0,차대차 - 측면충돌,안전운전불이행,건조,맑음,교차로 - 교차로부근,화물,남,65세,상해없음,자전거,여,80세,경상
2022112700100281,2022년 11월 27일 17시,일요일,충청남도 천안시 서북구 입장면,경상사고,0,0,7,0,차대차 - 추돌,안전운전불이행,건조,맑음,교차로 - 교차로부근,화물,남,51세,상해없음,승용,남,50세,경상
2022112700100325,2022년 11월 27일 18시,일요일,충청남도 아산시 권곡동,경상사고,0,0,2,0,차대차 - 기타,중앙선침범,건조,맑음,교차로 - 교차로부근,승용,여,46세,상해없음,승용,남,51세,경상
2022112700100389,2022년 11월 27일 21시,일요일,충청남도 천안시 서북구 쌍용동,경상사고,0,0,1,0,차대차 - 기타,안전거리미확보,젖음/습기,흐림,단일로 - 기타,이륜,남,65세,기타불명,이륜,남,23세,경상
2022112800100010,2022년 11월 28일 01시,월요일,충청남도 서산시 읍내동,경상사고,0,0,1,0,차대차 - 측면충돌,기타,건조,맑음,단일로 - 기타,승용,남,45세,상해없음,승용,여,56세,경상
2022112800100016,2022년 11월 28일 03시,월요일,충청남도 천안시 서북구 직산읍,경상사고,0,0,1,0,차대차 - 후진중충돌,안전운전불이행,건조,맑음,기타 - 기타,승용,남,44세,상해없음,승용,남,41세,경상
2022112800100032,2022년 11월 28일 05시,월요일,충청남도 천안시 서북구 두정동,경상사고,0,0,1,0,차대차 - 추돌,안전운전불이행,건조,맑음,단일로 - 기타,승용,남,42세,상해없음,승용,남,22세,상해없음
2022112800100033,2022년 11월 28일 05시,월요일,충청남도 천안시 동남구 성황동,경상사고,0,0,2,0,차대차 - 측면충돌,중앙선침범,건조,맑음,단일로 - 기타,화물,남,46세,상해없음,이륜,남,17세,경상
2022112800100050,2022년 11월 28일 06시,월요일,충청남도 천안시 서북구 쌍용동,경상사고,0,0,2,0,차대차 - 측면충돌,신호위반,건조,맑음,교차로 - 교차로부근,승용,여,53세,경상,화물,남,55세,경상