사고번호,사고일시,요일,시군구,사고내용,사망자수,중상자수,경상자수,부상신고자수,사고유형,법규위반,노면상태,기상상태,도로형태,가해운전자 차종,가해운전자 성별,가해운전자 연령,가해운전자 상해정도,피해운전자 차종,피해운전자 성별,피해운전자 연령,피해운전자 상해정도
2022120200100343,2022년 12월 2일 15시,금요일,충청남도 금산군 금산읍,중상사고,0,1,0,0,차대차 - 후진중충돌,안전운전불이행,건조,맑음,단일로 - 기타,화물,남,66세,상해없음,이륜,남,85세,중상
2022120200100379,2022년 12월 2일 16시,금요일,충청남도 천안시 서북구 성정동,경상사고,0,0,1,0,차대차 - 기타,신호위반,건조,맑음,교차로 - 교차로안,승용,남,55세,상해없음,승용,여,52세,경상
2022120200100436,2022년 12월 2일 17시,금요일,충청남도 아산시 염치읍,경상사고,0,0,3,0,차대차 - 추돌,안전운전불이행,건조,맑음,단일로 - 기타,화물,남,54세,상해없음,화물,남,54세,경상
2022120200100491,2022년 12월 2일 18시,금요일,충청남도 서산시 예천동,부상신고사고,0,0,0,1,차대차 - 측면충돌,안전거리미확보,건조,맑음,단일로 - 기타,승용,남,24세,상해없음,승용,여,47세,부상신고
2022120200100492,2022년 12월 2일 18시,금요일,충청남도 아산시 온천동,중상사고,0,1,0,0,차대차 - 기타,안전운전불이행,건조,맑음,단일로 - 기타,기타불명,기타불명,미분류,기타불명,이륜,남,37세,중상
2022120200100493,2022년 12월 2일 18시,금요일,충청남도 청양군 장평면,경상사고,0,0,1,0,차량단독 - 기타,안전운전불이행,건조,맑음,단일로 - 기타,개인형이동수단(PM),남,20세,경상,,,,
2022120200100494,2022년 12월 2일 18시,금요일,충청남도 태안군 태안읍,경상사고,0,0,1,1,차대차 - 추돌,안전운전불이행,건조,맑음,단일로 - 기타,승용,남,39세,상해없음,승용,여,54세,경상
2022120200100553,2022년 12월 2일 19시,금요일,충청남도 천안시 동남구 신방동,경상사고,0,0,1,0,차대차 - 측면충돌,안전운전불이행,건조,맑음,단일로 - 기타,승용,남,53세,상해없음,승용,남,25세,경상
2022120200100586,2022년 12월 2일 20시,금요일,충청남도 논산시 내동,중상사고,0,1,0,0,차대사람 - 횡단중,신호위반,건조,맑음,교차로 - 교차로횡단보도내,승용,여,56세,상해없음,보행자,여,14세,중상
2022120200100623,2022년 12월 2일 22시,금요일,충청남도 천안시 동남구 청당동,중상사고,0,1,1,0,차대사람 - 기타,안전운전불이행,건조,맑음,단일로 - 기타,이륜,남,16세,중상,보행자,남,16세,경상
2022120200100641,2022년 12월 2일 23시,금요일,충청남도 홍성군 홍북읍,중상사고,0,1,0,0,차대차 - 정면충돌,안전운전불이행,건조,맑음,교차로 - 교차로안,승용,여,41세,상해없음,이륜,남,38세,중상
2022120300100004,2022년 12월 3일 00시,토요일,충청남도 천안시 서북구 불당동,중상사고,0,1,0,0,차대사람 - 차도통행중,안전운전불이행,건조,맑음,교차로 - 교차로안,승용,남,41세,상해없음,보행자,남,46세,중상
2022120300100005,2022년 12월 3일 00시,토요일,충청남도 천안시 서북구 성정동,경상사고,0,0,1,0,차대차 - 측면충돌,직진우회전진행방해,건조,맑음,교차로 - 교차로안,원동기,남,35세,경상,승용,남,21세,상해없음
2022120300100025,2022년 12월 3일 02시,토요일,충청남도 천안시 서북구 백석동,중상사고,0,1,0,0,차량단독 - 전도전복 - 전도,안전운전불이행,건조,맑음,단일로 - 기타,개인형이동수단(PM),남,46세,중상,,,,
2022120300100082,2022년 12월 3일 07시,토요일,충청남도 서산시 수석동,부상신고사고,0,0,0,1,차대차 - 기타,안전운전불이행,젖음/습기,비,교차로 - 교차로부근,건설기계,남,55세,상해없음,승합,남,59세,상해없음
2022120300100116,2022년 12월 3일 08시,토요일,충청남도 천안시 서북구 백석동,경상사고,0,0,1,0,차대차 - 추돌,안전운전불이행,건조,맑음,단일로 - 기타,승용,남,32세,상해없음,승용,남,23세,경상
2022120300100176,2022년 12월 3일 11시,토요일,충청남도 서산시 예천동,경상사고,0,0,4,0,차대차 - 기타,안전운전불이행,젖음/습기,맑음,교차로 - 교차로부근,화물,남,26세,상해없음,승용,남,34세,경상
2022120300100177,2022년 12월 3일 11시,토요일,충청남도 아산시 둔포면,경상사고,0,0,1,0,차대차 - 기타,안전운전불이행,건조,맑음,교차로 - 교차로안,화물,남,40세,기타불명,화물,남,39세,경상
2022120300100206,2022년 12월 3일 12시,토요일,충청남도 천안시 서북구 쌍용동,경상사고,0,0,1,0,차대차 - 기타,안전운전불이행,젖음/습기,흐림,기타 - 기타,승용,남,48세,상해없음,승용,남,25세,경상
2022120300100207,2022년 12월 3일 12시,토요일,충청남도 천안시 동남구 구성동,경상사고,0,0,1,0,차대차 - 측면충돌,차로위반,건조,맑음,교차로 - 교차로안,승용,남,51세,상해없음,승용,남,52세,경상
2022120300100270,2022년 12월 3일 14시,토요일,충청남도 천안시 서북구 성정동,경상사고,0,0,3,0,차대차 - 기타,안전운전불이행,건조,맑음,기타 - 기타,승용,여,53세,상해없음,승용,남,39세,경상
2022120300100271,2022년 12월 3일 14시,토요일,충청남도 아산시 방축동,경상사고,0,0,3,0,차대차 - 측면충돌,안전운전불이행,건조,맑음,기타 - 기타,건설기계,남,56세,상해없음,승용,남,59세,경상
2022120300100272,2022년 12월 3일 14시,토요일,충청남도 아산시 둔포면,중상사고,0,1,0,0,차대차 - 정면충돌,안전운전불이행,건조,맑음,교차로 - 교차로안,승용,남,40세,상해없음,승용,남,32세,중상
2022120300100340,2022년 12월 3일 16시,토요일,충청남도 금산군 남이면,경상사고,0,0,2,0,차대차 - 측면충돌,직진우회전진행방해,건조,맑음,교차로 - 교차로안,승용,남,52세,상해없음,승용,여,36세,경상
2022120300100383,2022년 12월 3일 17시,토요일,충청남도 부여군 은산면,중상사고,0,1,0,0,차대사람 - 보도통행중,안전운전불이행,건조,맑음,교차로 - 교차로횡단보도내,승용,남,73세,상해없음,보행자,남,64세,중상
2022120300100384,2022년 12월 3일 17시,토요일,충청남도 태안군 태안읍,경상사고,0,0,1,0,차대차 - 추돌,안전거리미확보,건조,맑음,단일로 - 기타,화물,남,63세,상해없음,승용,남,45세,경상
2022120300100416,2022년 12월 3일 18시,토요일,충청남도 천안시 서북구 백석동,경상사고,0,0,3,0,차대차 - 추돌,안전운전불이행,건조,맑음,단일로 - 기타,승용,남,28세,상해없음,승용,남,37세,경상
2022120300100417,2022년 12월 3일 18시,토요일,충청남도 아산시 용화동,경상사고,0,0,2,0,차대차 - 측면충돌,신호위반,건조,맑음,교차로 - 교차로안,승용,남,49세,상해없음,승용,남,65세,경상
2022120300100418,2022년 12월 3일 18시,토요일,충청남도 아산시 방축동,경상사고,0,0,1,0,차대사람 - 횡단중,보행자보호의무위반,건조,맑음,교차로 - 교차로횡단보도내,승용,여,30세,기타불명,보행자,남,54세,경상
2022120300100419,2022년 12월 3일 18시,토요일,충청남도 예산군 예산읍,부상신고사고,0,0,0,1,차대사람 - 기타,안전운전불이행,건조,맑음,단일로 - 기타,승용,남,63세,상해없음,보행자,남,58세,부상신고
2022120300100420,2022년 12월 3일 18시,토요일,충청남도 당진시 송산면,경상사고,0,0,1,0,차대차 - 추돌,안전운전불이행,건조,맑음,단일로 - 기타,승용,남,70세,상해없음,승용,남,41세,경상
2022120300100483,2022년 12월 3일 20시,토요일,충청남도 공주시 신관동,경상사고,0,0,3,0,차대차 - 측면충돌,안전운전불이행,건조,맑음,교차로 - 교차로부근,승용,여,50세,기타불명,승용,여,49세,경상
2022120300100484,2022년 12월 3일 20시,토요일,충청남도 예산군 광시면,사망사고,1,0,0,0,차대사람 - 기타,안전운전불이행,건조,맑음,단일로 - 기타,승용,남,48세,상해없음,보행자,여,83세,사망
2022120300100516,2022년 12월 3일 21시,토요일,충청남도 천안시 서북구 쌍용동,경상사고,0,0,1,0,차대사람 - 기타,안전운전불이행,건조,맑음,단일로 - 기타,승합,남,57세,상해없음,보행자,여,24세,경상
2022120300100517,2022년 12월 3일 21시,토요일,충청남도 천안시 동남구 대흥동,경상사고,0,0,1,0,차대사람 - 횡단중,보행자보호의무위반,건조,맑음,교차로 - 교차로부근,승용,남,64세,상해없음,보행자,여,26세,경상
2022120300100556,2022년 12월 3일 23시,토요일,충청남도 부여군 부여읍,경상사고,0,0,1,0,차대차 - 측면충돌,안전운전불이행,건조,맑음,단일로 - 기타,승용,여,52세,상해없음,이륜,남,35세,경상
2022120400100024,2022년 12월 4일 01시,일요일,충청남도 천안시 동남구 구성동,중상사고,0,1,0,0,차대사람 - 기타,안전운전불이행,건조,맑음,단일로 - 기타,승용,남,51세,상해없음,보행자,여,24세,중상
2022120400100033,2022년 12월 4일 03시,일요일,충청남도 천안시 동남구 다가동,경상사고,0,0,4,0,차대차 - 측면충돌,안전운전불이행,건조,맑음,교차로 - 교차로안,승용,남,45세,경상,승용,남,41세,경상
2022120400100038,2022년 12월 4일 04시,일요일,충청남도 천안시 서북구 성정동,경상사고,0,0,1,0,차대차 - 기타,안전운전불이행,건조,맑음,기타 - 기타,승용,남,23세,상해없음,승용,남,68세,경상
2022120400100073,2022년 12월 4일 09시,일요일,충청남도 아산시 배방읍,경상사고,0,0,2,0,차대차 - 기타,신호위반,건조,맑음,교차로 - 교차로안,승용,남,23세,상해없음,승용,여,40세,경상
2022120400100093,2022년 12월 4일 10시,일요일,충청남도 천안시 서북구 두정동,부상신고사고,0,0,0,1,차대차 - 측면충돌,안전운전불이행,건조,맑음,단일로 - 기타,승용,여,57세,상해없음,이륜,남,67세,부상신고
2022120400100116,2022년 12월 4일 11시,일요일,충청남도 서천군 장항읍,경상사고,0,0,2,0,차대차 - 기타,안전거리미확보,건조,맑음,단일로 - 기타,승용,남,71세,상해없음,승용,남,38세,경상
2022120400100185,2022년 12월 4일 14시,일요일,충청남도 천안시 서북구 두정동,경상사고,0,0,1,0,차대차 - 측면충돌,교차로운행방법위반,건조,맑음,교차로 - 교차로안,승용,남,71세,상해없음,승용,남,39세,경상
2022120400100186,2022년 12월 4일 14시,일요일,충청남도 아산시 남동,중상사고,0,1,0,0,차대차 - 측면충돌,안전운전불이행,건조,맑음,단일로 - 기타,승용,남,42세,상해없음,승합,남,58세,상해없음
2022120400100187,2022년 12월 4일 14시,일요일,충청남도 아산시 배방읍,경상사고,0,0,1,0,차대차 - 측면충돌,신호위반,건조,맑음,교차로 - 교차로안,승용,여,42세,상해없음,승용,여,65세,경상
2022120400100188,2022년 12월 4일 14시,일요일,충청남도 천안시 동남구 봉명동,경상사고,0,0,1,0,차대차 - 측면충돌,불법유턴,건조,맑음,교차로 - 교차로안,승용,남,58세,상해없음,원동기,남,48세,경상
2022120400100215,2022년 12월 4일 15시,일요일,충청남도 천안시 서북구 불당동,경상사고,0,0,2,0,차대차 - 기타,안전운전불이행,건조,맑음,교차로 - 교차로안,승용,남,31세,상해없음,승용,여,43세,경상
2022120400100216,2022년 12월 4일 15시,일요일,충청남도 논산시 반월동,중상사고,0,1,0,0,차대차 - 측면충돌,신호위반,건조,맑음,교차로 - 교차로안,원동기,여,62세,상해없음,이륜,여,64세,중상
2022120400100217,2022년 12월 4일 15시,일요일,충청남도 부여군 외산면,경상사고,0,0,2,0,차대차 - 기타,기타,건조,맑음,교차로 - 교차로안,화물,남,68세,경상,승용,여,68세,경상
2022120400100307,2022년 12월 4일 18시,일요일,충청남도 천안시 서북구 두정동,중상사고,0,1,0,0,차대차 - 측면충돌,안전운전불이행,건조,흐림,교차로 - 교차로안,승용,여,30세,기타불명,승용,남,53세,중상
2022120400100336,2022년 12월 4일 19시,일요일,충청남도 서산시 동문동,중상사고,0,1,0,0,차대차 - 추돌,안전운전불이행,건조,맑음,교차로 - 교차로부근,승용,여,57세,상해없음,승용,여,57세,중상
2022120400100337,2022년 12월 4일 19시,일요일,충청남도 천안시 서북구 불당동,경상사고,0,0,1,0,차대차 - 기타,중앙선침범,건조,맑음,교차로 - 교차로부근,승용,남,45세,상해없음,승용,남,19세,경상
2022120400100381,2022년 12월 4일 21시,일요일,충청남도 천안시 서북구 성정동,부상신고사고,0,0,0,1,차대차 - 기타,중앙선침범,건조,맑음,교차로 - 교차로부근,승용,남,60세,상해없음,이륜,남,32세,부상신고
2022120400100382,2022년 12월 4일 21시,일요일,충청남도 서천군 서천읍,경상사고,0,0,1,0,차대차 - 기타,직진우회전진행방해,건조,맑음,단일로 - 기타,승용,여,48세,상해없음,이륜,남,31세,경상
2022120500100002,2022년 12월 5일 00시,월요일,충청남도 청양군 남양면,중상사고,0,1,0,0,차량단독 - 공작물충돌,안전운전불이행,건조,맑음,단일로 - 기타,승용,여,43세,중상,,,,
2022120500100018,2022년 12월 5일 05시,월요일,충청남도 천안시 동남구 구룡동,경상사고,0,0,1,0,차대차 - 측면충돌,신호위반,건조,맑음,교차로 - 교차로안,승용,남,67세,상해없음,화물,남,56세,경상
2022120500100068,2022년 12월 5일 08시,월요일,충청남도 천안시 서북구 불당동,경상사고,0,0,1,0,차대차 - 측면충돌,안전운전불이행,건조,맑음,단일로 - 기타,승용,여,57세,상해없음,승용,남,20세,경상
2022120500100069,2022년 12월 5일 08시,월요일,충청남도 천안시 서북구 백석동,경상사고,0,0,2,0,차대차 - 측면충돌,직진우회전진행방해,건조,맑음,교차로 - 교차로안,승용,여,27세,경상,승용,남,42세,경상
2022120500100070,2022년 12월 5일 08시,월요일,충청남도 보령시 대천동,경상사고,0,0,1,0,차대차 - 추돌,안전운전불이행,건조,맑음,단일로 - 기타,승용,여,48세,상해없음,승용,여,38세,경상
2022120500100094,2022년 12월 5일 09시,월요일,충청남도 당진시 읍내동,경상사고,0,0,1,0,차대사람 - 기타,보행자보호의무위반,건조,흐림,교차로 - 교차로부근,승용,남,55세,상해없음,보행자,여,35세,경상
2022120500100126,2022년 12월 5일 10시,월요일,충청남도 천안시 서북구 쌍용동,경상사고,0,0,1,0,차대차 - 추돌,안전운전불이행,건조,맑음,교차로 - 교차로부근,승용,남,57세,상해없음,승용,여,36세,경상
2022120500100198,2022년 12월 5일 13시,월요일,충청남도 공주시 신관동,중상사고,0,1,0,0,차대차 - 추돌,안전운전불이행,건조,맑음,교차로 - 교차로부근,승용,남,52세,상해없음,승용,여,38세,중상
2022120500100199,2022년 12월 5일 13시,월요일,충청남도 천안시 동남구 원성동,중상사고,0,1,0,0,차대차 - 기타,안전운전불이행,건조,맑음,교차로 - 교차로부근,승용,남,60세,상해없음,자전거,여,66세,중상
2022120500100230,2022년 12월 5일 14시,월요일,충청남도 서천군 서천읍,경상사고,0,0,1,0,차대사람 - 기타,안전운전불이행,건조,맑음,단일로 - 기타,승용,남,73세,상해없음,보행자,여,49세,경상
2022120500100231,2022년 12월 5일 14시,월요일,충청남도 공주시 이인면,경상사고,0,0,3,0,차대차 - 정면충돌,안전운전불이행,건조,맑음,단일로 - 기타,농기계,남,66세,상해없음,승용,여,64세,경상
2022120500100297,2022년 12월 5일 16시,월요일,충청남도 논산시 취암동,중상사고,0,1,0,0,차대사람 - 횡단중,보행자보호의무위반,건조,맑음,단일로 - 기타,승용,남,32세,상해없음,보행자,여,74세,중상
2022120500100298,2022년 12월 5일 16시,월요일,충청남도 보령시 동대동,경상사고,0,0,1,0,차대차 - 정면충돌,직진우회전진행방해,건조,맑음,교차로 - 교차로안,승용,남,77세,상해없음,승용,여,68세,경상
2022120500100337,2022년 12월 5일 17시,월요일,충청남도 천안시 서북구 직산읍,경상사고,0,0,1,0,차대차 - 측면충돌,기타,건조,맑음,단일로 - 기타,화물,남,66세,상해없음,승용,여,50세,상해없음
2022120500100378,2022년 12월 5일 18시,월요일,충청남도 천안시 서북구 차암동,경상사고,0,0,1,0,차대차 - 측면충돌,안전운전불이행,건조,맑음,단일로 - 기타,승합,남,59세,상해없음,화물,남,56세,경상
2022120500100434,2022년 12월 5일 19시,월요일,충청남도 천안시 서북구 성정동,경상사고,0,0,1,0,차대차 - 후진중충돌,안전운전불이행,건조,맑음,교차로 - 교차로부근,화물,남,64세,상해없음,이륜,남,28세,경상
2022120500100458,2022년 12월 5일 20시,월요일,충청남도 계룡시 엄사면,사망사고,1,0,0,0,차량단독 - 공작물충돌,안전운전불이행,건조,맑음,교차로 - 교차로부근,화물,남,37세,사망,,,,
2022120500100459,2022년 12월 5일 20시,월요일,충청남도 아산시 배방읍,경상사고,0,0,2,0,차대차 - 추돌,안전운전불이행,건조,흐림,교차로 - 교차로부근,승용,여,39세,상해없음,승용,남,28세,경상
2022120500100504,2022년 12월 5일 22시,월요일,충청남도 천안시 서북구 성성동,경상사고,0,0,1,0,차대차 - 측면충돌,신호위반,건조,맑음,교차로 - 교차로안,승용,여,33세,상해없음,승용,남,31세,경상
2022120500100505,2022년 12월 5일 22시,월요일,충청남도 홍성군 홍북읍,사망사고,1,0,0,0,차대사람 - 기타,안전운전불이행,건조,맑음,단일로 - 기타,승용,남,41세,상해없음,보행자,남,51세,사망
2022120600100006,2022년 12월 6일 01시,화요일,충청남도 아산시 용화동,경상사고,0,0,1,0,차대차 - 추돌,안전운전불이행,건조,맑음,교차로 - 교차로부근,승용,남,36세,상해없음,승용,남,56세,경상
2022120600100042,2022년 12월 6일 06시,화요일,충청남도 천안시 서북구 불당동,경상사고,0,0,1,0,차대차 - 기타,안전운전불이행,적설,눈,단일로 - 기타,승용,여,37세,기타불명,승용,남,35세,경상
2022120600100064,2022년 12월 6일 07시,화요일,충청남도 아산시 영인면,경상사고,0,0,2,0,차대차 - 추돌,안전운전불이행,젖음/습기,눈,단일로 - 기타,화물,남,58세,상해없음,화물,남,40세,경상
2022120600100065,2022년 12월 6일 07시,화요일,충청남도 아산시 신창면,경상사고,0,0,2,0,차대차 - 추돌,안전운전불이행,적설,눈,기타 - 기타,화물,남,25세,상해없음,승용,남,47세,경상
2022120600100066,2022년 12월 6일 07시,화요일,충청남도 아산시 음봉면,경상사고,0,0,1,0,차대차 - 기타,안전운전불이행,적설,눈,기타 - 기타,특수,남,64세,상해없음,승용,남,26세,경상
2022120600100067,2022년 12월 6일 07시,화요일,충청남도 당진시 순성면,중상사고,0,1,0,0,차대사람 - 기타,안전운전불이행,서리/결빙,눈,단일로 - 기타,승용,남,36세,상해없음,보행자,남,47세,중상
2022120600100068,2022년 12월 6일 07시,화요일,충청남도 천안시 동남구 신부동,경상사고,0,0,1,0,차대차 - 측면충돌,신호위반,건조,맑음,교차로 - 교차로안,승용,여,27세,상해없음,승용,남,30세,경상
2022120600100069,2022년 12월 6일 07시,화요일,충청남도 천안시 동남구 풍세면,경상사고,0,0,1,0,차대차 - 측면충돌,안전운전불이행,서리/결빙,눈,단일로 - 기타,화물,남,64세,상해없음,승용,남,46세,경상
2022120600100070,2022년 12월 6일 07시,화요일,충청남도 천안시 동남구 성남면,경상사고,0,0,1,0,차대차 - 기타,안전운전불이행,서리/결빙,눈,단일로 - 기타,승용,여,55세,상해없음,승용,남,22세,경상
2022120600100112,2022년 12월 6일 08시,화요일,충청남도 천안시 서북구 두정동,경상사고,0,0,1,0,차대차 - 추돌,안전운전불이행,건조,맑음,교차로 - 교차로부근,승용,남,24세,상해없음,승용,남,34세,경상
2022120600100113,2022년 12월 6일 08시,화요일,충청남도 아산시 인주면,경상사고,0,0,1,0,차대차 - 기타,안전운전불이행,젖음/습기,흐림,기타 - 기타,화물,남,71세,상해없음,화물,여,58세,경상
2022120600100114,2022년 12월 6일 08시,화요일,충청남도 청양군 정산면,경상사고,0,0,2,0,차대차 - 측면충돌,중앙선침범,건조,맑음,단일로 - 기타,승용,여,64세,경상,승용,남,27세,경상
2022120600100115,2022년 12월 6일 08시,화요일,충청남도 천안시 동남구 봉명동,경상사고,0,0,2,0,차대차 - 기타,안전운전불이행,서리/결빙,눈,교차로 - 교차로안,승용,여,44세,기타불명,화물,남,35세,경상
2022120600100176,2022년 12월 6일 09시,화요일,충청남도 아산시 둔포면,경상사고,0,0,1,0,차대차 - 기타,안전운전불이행,서리/결빙,눈,단일로 - 기타,승용,남,22세,상해없음,화물,남,56세,경상
2022120600100177,2022년 12월 6일 09시,화요일,충청남도 아산시 탕정면,경상사고,0,0,1,0,차대차 - 추돌,안전운전불이행,적설,눈,단일로 - 기타,승용,여,34세,상해없음,승용,여,28세,경상
2022120600100214,2022년 12월 6일 10시,화요일,충청남도 천안시 서북구 입장면,경상사고,0,0,1,0,차대차 - 기타,안전운전불이행,서리/결빙,맑음,교차로 - 교차로안,승용,남,46세,상해없음,화물,남,62세,경상
2022120600100215,2022년 12월 6일 10시,화요일,충청남도 서천군 서천읍,경상사고,0,0,2,0,차대차 - 측면충돌,직진우회전진행방해,건조,맑음,교차로 - 교차로안,화물,남,58세,상해없음,승용,남,78세,경상
2022120600100249,2022년 12월 6일 11시,화요일,충청남도 서천군 서천읍,경상사고,0,0,1,0,차대사람 - 기타,안전운전불이행,건조,맑음,교차로 - 교차로안,승용,여,68세,상해없음,보행자,여,38세,경상
2022120600100279,2022년 12월 6일 12시,화요일,충청남도 청양군 남양면,경상사고,0,0,1,0,차대차 - 기타,기타,젖음/습기,맑음,단일로 - 교량,화물,남,38세,상해없음,승용,남,26세,경상
2022120600100361,2022년 12월 6일 15시,화요일,충청남도 서산시 예천동,경상사고,0,0,1,0,차대차 - 추돌,안전운전불이행,건조,맑음,교차로 - 교차로안,승용,남,63세,상해없음,승용,남,55세,경상
2022120600100395,2022년 12월 6일 16시,화요일,충청남도 아산시 음봉면,중상사고,0,1,0,0,차대차 - 정면충돌,중앙선침범,건조,맑음,단일로 - 기타,특수,남,40세,상해없음,자전거,여,61세,중상
2022120600100450,2022년 12월 6일 17시,화요일,충청남도 천안시 서북구 불당동,경상사고,0,0,1,0,차대차 - 기타,안전운전불이행,건조,맑음,교차로 - 교차로안,승용,여,44세,상해없음,승용,여,48세,경상
2022120600100451,2022년 12월 6일 17시,화요일,충청남도 보령시 주포면,사망사고,1,0,0,0,차대사람 - 횡단중,안전운전불이행,젖음/습기,흐림,단일로 - 기타,승용,남,62세,상해없음,보행자,남,72세,사망
2022120600100498,2022년 12월 6일 18시,화요일,충청남도 아산시 탕정면,중상사고,0,1,4,0,차대차 - 추돌,안전운전불이행,건조,맑음,기타 - 기타,승용,남,56세,상해없음,승용,남,23세,중상
2022120600100499,2022년 12월 6일 18시,화요일,충청남도 아산시 신동,경상사고,0,0,2,0,차대차 - 측면충돌,중앙선침범,건조,맑음,단일로 - 기타,승용,남,37세,상해없음,승용,남,27세,경상
2022120600100500,2022년 12월 6일 18시,화요일,충청남도 금산군 금산읍,중상사고,0,1,0,0,차대사람 - 횡단중,교차로운행방법위반,건조,맑음,교차로 - 교차로안,이륜,남,61세,상해없음,보행자,여,82세,중상
2022120600100544,2022년 12월 6일 19시,화요일,충청남도 홍성군 홍북읍,경상사고,0,0,2,0,차대차 - 측면충돌,신호위반,건조,맑음,교차로 - 교차로안,이륜,남,23세,경상,승용,남,30세,경상
2022120600100578,2022년 12월 6일 20시,화요일,충청남도 천안시 서북구 두정동,경상사고,0,0,1,0,차대차 - 기타,안전거리미확보,건조,맑음,단일로 - 기타,승용,남,68세,상해없음,화물,남,47세,경상
2022120600100579,2022년 12월 6일 20시,화요일,충청남도 금산군 금성면,중상사고,0,1,0,0,차대차 - 측면충돌,교차로운행방법위반,건조,맑음,교차로 - 교차로안,승용,남,61세,상해없음,이륜,여,59세,중상
2022120600100603,2022년 12월 6일 21시,화요일,충청남도 서산시 석남동,경상사고,0,0,5,0,차대차 - 측면충돌,직진우회전진행방해,젖음/습기,비,교차로 - 교차로안,승용,남,28세,상해없음,승합,남,73세,상해없음
2022120600100627,2022년 12월 6일 22시,화요일,충청남도 천안시 동남구 안서동,부상신고사고,0,0,0,1,차대차 - 기타,안전거리미확보,건조,맑음,단일로 - 기타,기타불명,기타불명,미분류,기타불명,원동기,남,22세,부상신고
2022120600100644,2022년 12월 6일 23시,화요일,충청남도 천안시 서북구 쌍용동,중상사고,0,1,0,0,차대차 - 기타,안전운전불이행,건조,맑음,단일로 - 지하차도(도로)내,승용,남,36세,상해없음,승용,남,53세,중상
2022120700100003,2022년 12월 7일 00시,수요일,충청남도 예산군 예산읍,경상사고,0,0,1,0,차대사람 - 기타,안전운전불이행,건조,맑음,기타 - 기타,승용,남,65세,상해없음,보행자,남,39세,경상
2022120700100008,2022년 12월 7일 01시,수요일,충청남도 천안시 동남구 신방동,경상사고,0,0,2,0,차대차 - 측면충돌,안전운전불이행,건조,맑음,교차로 - 교차로안,승용,여,52세,상해없음,승용,남,32세,경상
2022120700100022,2022년 12월 7일 04시,수요일,충청남도 천안시 서북구 불당동,중상사고,0,1,0,1,차량단독 - 공작물충돌,안전운전불이행,서리/결빙,흐림,단일로 - 기타,화물,남,69세,부상신고,,,,
2022120700100023,2022년 12월 7일 04시,수요일,충청남도 천안시 서북구 두정동,중상사고,0,1,0,0,차대차 - 추돌,기타,젖음/습기,흐림,단일로 - 기타,승용,남,27세,상해없음,이륜,남,39세,중상
2022120700100033,2022년 12월 7일 05시,수요일,충청남도 아산시 탕정면,중상사고,0,1,0,4,차량단독 - 공작물충돌,안전운전불이행,서리/결빙,흐림,단일로 - 기타,승합,남,52세,상해없음,,,,
2022120700100070,2022년 12월 7일 07시,수요일,충청남도 천안시 동남구 성남면,경상사고,0,0,8,0,차대차 - 추돌,안전거리미확보,서리/결빙,맑음,단일로 - 교량,승용,남,54세,상해없음,승합,남,43세,경상
2022120700100104,2022년 12월 7일 08시,수요일,충청남도 천안시 서북구 와촌동,경상사고,0,0,1,0,차대차 - 기타,신호위반,건조,맑음,교차로 - 교차로안,승용,남,32세,상해없음,승용,남,35세,경상
2022120700100188,2022년 12월 7일 11시,수요일,충청남도 서천군 서면,경상사고,0,0,1,0,차대차 - 후진중충돌,안전운전불이행,건조,맑음,교차로 - 교차로부근,화물,남,48세,상해없음,승용,여,65세,경상
2022120700100189,2022년 12월 7일 11시,수요일,충청남도 천안시 동남구 사직동,경상사고,0,0,1,0,차대차 - 측면충돌,안전운전불이행,건조,맑음,교차로 - 교차로안,승합,남,53세,상해없음,승용,여,62세,상해없음
2022120700100245,2022년 12월 7일 13시,수요일,충청남도 금산군 추부면,경상사고,0,0,1,0,차대사람 - 기타,안전운전불이행,건조,맑음,단일로 - 기타,승용,여,63세,상해없음,보행자,여,82세,경상
2022120700100276,2022년 12월 7일 14시,수요일,충청남도 천안시 서북구 백석동,경상사고,0,0,2,0,차대차 - 기타,교차로운행방법위반,건조,맑음,기타 - 기타,승용,여,44세,기타불명,승용,남,52세,경상
2022120700100277,2022년 12월 7일 14시,수요일,충청남도 청양군 청양읍,경상사고,0,0,2,0,차대차 - 정면충돌,직진우회전진행방해,건조,맑음,교차로 - 교차로안,승용,남,68세,상해없음,화물,남,67세,경상
2022120700100306,2022년 12월 7일 15시,수요일,충청남도 서산시 동문동,중상사고,0,1,0,0,차대사람 - 차도통행중,안전운전불이행,건조,맑음,교차로 - 교차로부근,승용,여,62세,상해없음,보행자,남,9세,중상
2022120700100307,2022년 12월 7일 15시,수요일,충청남도 공주시 신관동,경상사고,0,0,1,0,차대차 - 기타,안전운전불이행,건조,맑음,단일로 - 기타,승합,남,34세,상해없음,이륜,남,72세,경상
2022120700100340,2022년 12월 7일 16시,수요일,충청남도 계룡시 엄사면,중상사고,0,1,0,0,차대차 - 후진중충돌,불법유턴,건조,맑음,주차장 - 주차장,승용,남,30세,상해없음,승용,남,28세,중상