사고번호,사고일시,요일,시군구,사고내용,사망자수,중상자수,경상자수,부상신고자수,사고유형,법규위반,노면상태,기상상태,도로형태,가해운전자 차종,가해운전자 성별,가해운전자 연령,가해운전자 상해정도,피해운전자 차종,피해운전자 성별,피해운전자 연령,피해운전자 상해정도
2022120700100341,2022년 12월 7일 16시,수요일,충청남도 아산시 남동,경상사고,0,0,2,0,차대차 - 측면충돌,안전운전불이행,건조,맑음,기타 - 기타,특수,남,54세,상해없음,승용,남,48세,경상
2022120700100462,2022년 12월 7일 18시,수요일,충청남도 천안시 동남구 영성동,경상사고,0,0,1,0,차대사람 - 기타,안전운전불이행,건조,맑음,단일로 - 기타,기타불명,기타불명,미분류,기타불명,보행자,여,44세,경상
2022120700100516,2022년 12월 7일 19시,수요일,충청남도 서산시 예천동,경상사고,0,0,1,0,차대사람 - 기타,보행자보호의무위반,건조,맑음,교차로 - 교차로부근,승용,남,53세,상해없음,보행자,남,24세,경상
2022120700100517,2022년 12월 7일 19시,수요일,충청남도 보령시 동대동,중상사고,0,1,0,0,차대사람 - 횡단중,신호위반,건조,맑음,교차로 - 교차로횡단보도내,이륜,남,42세,상해없음,보행자,남,52세,중상
2022120700100518,2022년 12월 7일 19시,수요일,충청남도 당진시 채운동,중상사고,0,1,0,0,차대차 - 측면충돌,교차로운행방법위반,건조,맑음,교차로 - 교차로안,승용,남,41세,상해없음,이륜,남,59세,중상
2022120700100519,2022년 12월 7일 19시,수요일,충청남도 천안시 동남구 안서동,경상사고,0,0,2,0,차대차 - 측면충돌,안전운전불이행,건조,맑음,교차로 - 교차로안,승용,여,58세,경상,승합,남,47세,경상
2022120700100520,2022년 12월 7일 19시,수요일,충청남도 천안시 동남구 수신면,경상사고,0,0,1,0,차대차 - 측면충돌,교차로운행방법위반,건조,맑음,교차로 - 교차로안,승용,여,43세,상해없음,승용,여,58세,경상
2022120700100558,2022년 12월 7일 20시,수요일,충청남도 청양군 청양읍,경상사고,0,0,1,0,차대사람 - 차도통행중,안전운전불이행,건조,맑음,주차장 - 주차장,승용,남,50세,상해없음,보행자,남,50세,경상
2022120700100580,2022년 12월 7일 21시,수요일,충청남도 서산시 대산읍,중상사고,0,1,1,0,차대차 - 추돌,안전운전불이행,건조,맑음,교차로 - 교차로부근,승용,남,56세,상해없음,승용,남,44세,경상
2022120700100581,2022년 12월 7일 21시,수요일,충청남도 천안시 서북구 성환읍,경상사고,0,0,1,0,차대차 - 기타,신호위반,건조,맑음,교차로 - 교차로안,승용,여,44세,상해없음,승합,남,52세,상해없음
2022120700100623,2022년 12월 7일 23시,수요일,충청남도 서산시 읍내동,경상사고,0,0,4,0,차대차 - 추돌,안전운전불이행,건조,맑음,교차로 - 교차로부근,승용,여,47세,상해없음,승용,남,55세,경상
2022120800100049,2022년 12월 8일 05시,목요일,충청남도 천안시 동남구 신부동,경상사고,0,0,1,0,차대차 - 기타,안전운전불이행,건조,맑음,단일로 - 기타,승용,남,23세,상해없음,승용,여,25세,경상
2022120800100070,2022년 12월 8일 06시,목요일,충청남도 홍성군 홍성읍,중상사고,0,1,0,0,차대사람 - 차도통행중,안전운전불이행,건조,맑음,단일로 - 기타,화물,남,46세,상해없음,보행자,남,56세,중상
2022120800100167,2022년 12월 8일 09시,목요일,충청남도 천안시 서북구 불당동,경상사고,0,0,1,0,차대사람 - 횡단중,보행자보호의무위반,건조,맑음,교차로 - 교차로횡단보도내,승용,여,41세,상해없음,보행자,여,60세,경상
2022120800100204,2022년 12월 8일 10시,목요일,충청남도 예산군 덕산면,중상사고,0,1,1,0,차대차 - 정면충돌,중앙선침범,건조,맑음,단일로 - 기타,승용,여,38세,경상,승용,여,49세,중상
2022120800100245,2022년 12월 8일 11시,목요일,충청남도 아산시 온천동,경상사고,0,0,1,0,차대차 - 기타,안전운전불이행,건조,맑음,교차로 - 교차로안,이륜,남,50세,상해없음,승용,여,59세,경상
2022120800100246,2022년 12월 8일 11시,목요일,충청남도 천안시 동남구 동면,경상사고,0,0,1,0,차대차 - 정면충돌,중앙선침범,건조,맑음,기타 - 기타,화물,남,53세,기타불명,건설기계,남,44세,경상
2022120800100269,2022년 12월 8일 12시,목요일,충청남도 천안시 동남구 목천읍,경상사고,0,0,4,0,차대차 - 추돌,안전운전불이행,건조,맑음,기타 - 기타,승용,남,41세,상해없음,승용,남,67세,경상
2022120800100307,2022년 12월 8일 13시,목요일,충청남도 예산군 대술면,경상사고,0,0,4,0,차대차 - 추돌,안전운전불이행,건조,맑음,단일로 - 기타,화물,남,51세,상해없음,승용,남,75세,경상
2022120800100340,2022년 12월 8일 14시,목요일,충청남도 아산시 신창면,경상사고,0,0,1,0,차대차 - 기타,안전운전불이행,건조,맑음,단일로 - 기타,특수,남,27세,상해없음,화물,남,27세,경상
2022120800100413,2022년 12월 8일 16시,목요일,충청남도 서산시 동문동,경상사고,0,0,1,1,차대차 - 측면충돌,교차로운행방법위반,건조,맑음,교차로 - 교차로안,승용,여,56세,경상,승용,여,50세,부상신고
2022120800100414,2022년 12월 8일 16시,목요일,충청남도 천안시 동남구 봉명동,중상사고,0,1,0,0,차대사람 - 횡단중,안전운전불이행,건조,맑음,교차로 - 교차로부근,승용,여,37세,상해없음,보행자,남,55세,중상
2022120800100415,2022년 12월 8일 16시,목요일,충청남도 천안시 동남구 청당동,중상사고,0,1,0,0,차대차 - 기타,안전거리미확보,건조,맑음,단일로 - 기타,승용,여,48세,상해없음,이륜,남,29세,중상
2022120800100441,2022년 12월 8일 17시,목요일,충청남도 홍성군 홍성읍,경상사고,0,0,1,0,차대사람 - 횡단중,보행자보호의무위반,건조,맑음,기타 - 기타,승용,남,51세,상해없음,보행자,남,67세,경상
2022120800100505,2022년 12월 8일 18시,목요일,충청남도 서산시 석림동,경상사고,0,0,1,0,차대사람 - 보도통행중,보행자보호의무위반,건조,맑음,교차로 - 교차로횡단보도내,화물,남,62세,기타불명,보행자,남,8세,경상
2022120800100506,2022년 12월 8일 18시,목요일,충청남도 천안시 동남구 북면,중상사고,0,2,0,0,차대차 - 측면충돌,중앙선침범,건조,맑음,단일로 - 기타,승용,남,71세,상해없음,승용,남,57세,중상
2022120800100601,2022년 12월 8일 20시,목요일,충청남도 천안시 서북구 성환읍,경상사고,0,0,1,0,차대차 - 측면충돌,안전운전불이행,건조,맑음,교차로 - 교차로안,승용,여,53세,상해없음,승용,여,40세,경상
2022120800100621,2022년 12월 8일 21시,목요일,충청남도 공주시 이인면,중상사고,0,1,0,0,차량단독 - 도로외이탈 - 추락,안전운전불이행,건조,맑음,단일로 - 기타,화물,남,53세,중상,,,,
2022120800100622,2022년 12월 8일 21시,목요일,충청남도 당진시 송악읍,경상사고,0,0,1,0,차대차 - 기타,안전운전불이행,건조,맑음,단일로 - 기타,승용,남,27세,상해없음,승용,여,49세,경상
2022120800100644,2022년 12월 8일 22시,목요일,충청남도 천안시 서북구 불당동,경상사고,0,0,1,0,차대사람 - 기타,안전운전불이행,건조,맑음,단일로 - 기타,승용,남,48세,상해없음,보행자,남,35세,경상
2022120800100660,2022년 12월 8일 23시,목요일,충청남도 천안시 동남구 문화동,경상사고,0,0,2,0,차대차 - 추돌,교차로운행방법위반,건조,맑음,교차로 - 교차로부근,화물,남,32세,상해없음,승용,남,47세,경상
2022120900100026,2022년 12월 9일 03시,금요일,충청남도 천안시 서북구 두정동,경상사고,0,0,1,0,차대차 - 기타,교차로운행방법위반,건조,맑음,교차로 - 교차로안,승용,남,62세,상해없음,승용,남,20세,상해없음
2022120900100039,2022년 12월 9일 05시,금요일,충청남도 서산시 음암면,중상사고,0,1,0,0,차대사람 - 차도통행중,안전운전불이행,건조,맑음,교차로 - 교차로안,승용,남,63세,상해없음,보행자,남,80세,중상
2022120900100053,2022년 12월 9일 06시,금요일,충청남도 아산시 도고면,중상사고,0,1,0,0,차대차 - 기타,안전운전불이행,건조,맑음,단일로 - 기타,승용,남,67세,상해없음,건설기계,남,65세,상해없음
2022120900100054,2022년 12월 9일 06시,금요일,충청남도 공주시 오곡동,중상사고,0,1,0,0,차량단독 - 기타,안전운전불이행,건조,맑음,기타 - 기타,승합,남,59세,상해없음,,,,
2022120900100055,2022년 12월 9일 06시,금요일,충청남도 천안시 동남구 삼룡동,사망사고,1,0,0,0,차대사람 - 기타,안전운전불이행,건조,맑음,단일로 - 기타,화물,남,42세,상해없음,보행자,남,60세,사망
2022120900100084,2022년 12월 9일 08시,금요일,충청남도 천안시 서북구 성성동,경상사고,0,0,1,0,차대차 - 측면충돌,안전운전불이행,건조,맑음,교차로 - 교차로부근,승용,여,60세,상해없음,승용,남,34세,경상
2022120900100085,2022년 12월 9일 08시,금요일,충청남도 아산시 신창면,경상사고,0,0,1,0,차대사람 - 차도통행중,안전운전불이행,건조,맑음,교차로 - 교차로안,승용,여,36세,상해없음,보행자,남,8세,경상
2022120900100120,2022년 12월 9일 09시,금요일,충청남도 계룡시 금암동,중상사고,0,1,0,0,차대사람 - 기타,기타,건조,맑음,단일로 - 기타,승합,남,62세,상해없음,보행자,여,85세,중상
2022120900100144,2022년 12월 9일 10시,금요일,충청남도 아산시 배방읍,경상사고,0,0,1,0,차대차 - 기타,안전운전불이행,건조,맑음,단일로 - 기타,화물,남,51세,상해없음,승용,여,57세,경상
2022120900100145,2022년 12월 9일 10시,금요일,충청남도 태안군 근흥면,경상사고,0,0,1,0,차대사람 - 차도통행중,안전운전불이행,건조,맑음,단일로 - 기타,화물,남,48세,상해없음,보행자,남,87세,경상
2022120900100170,2022년 12월 9일 11시,금요일,충청남도 공주시 신관동,사망사고,1,0,0,0,차대차 - 측면충돌,교차로운행방법위반,건조,맑음,교차로 - 교차로안,이륜,남,22세,사망,화물,남,42세,상해없음
2022120900100204,2022년 12월 9일 12시,금요일,충청남도 예산군 예산읍,중상사고,0,1,0,0,차대차 - 추돌,안전운전불이행,건조,맑음,단일로 - 기타,화물,남,63세,상해없음,이륜,남,86세,중상
2022120900100233,2022년 12월 9일 13시,금요일,충청남도 논산시 취암동,중상사고,0,1,0,0,차대차 - 측면충돌,교차로운행방법위반,건조,맑음,교차로 - 교차로안,승용,여,28세,상해없음,화물,남,75세,중상
2022120900100234,2022년 12월 9일 13시,금요일,충청남도 부여군 홍산면,경상사고,0,0,1,0,차대차 - 측면충돌,안전운전불이행,건조,맑음,교차로 - 교차로안,화물,여,67세,상해없음,건설기계,남,44세,경상
2022120900100261,2022년 12월 9일 14시,금요일,충청남도 서천군 문산면,경상사고,0,0,1,0,차량단독 - 전도전복 - 전도,안전운전불이행,건조,맑음,단일로 - 기타,농기계,남,77세,경상,,,,
2022120900100262,2022년 12월 9일 14시,금요일,충청남도 태안군 태안읍,중상사고,0,2,1,0,차대차 - 기타,중앙선침범,건조,맑음,단일로 - 기타,화물,남,79세,경상,승용,남,39세,중상
2022120900100287,2022년 12월 9일 15시,금요일,충청남도 천안시 동남구 사직동,중상사고,0,1,0,0,차대차 - 기타,안전운전불이행,건조,맑음,단일로 - 기타,승용,남,61세,상해없음,승용,남,62세,중상
2022120900100323,2022년 12월 9일 16시,금요일,충청남도 천안시 서북구 성정동,경상사고,0,0,2,0,차대차 - 측면충돌,불법유턴,건조,맑음,교차로 - 교차로부근,자전거,여,53세,상해없음,승용,남,22세,경상
2022120900100369,2022년 12월 9일 17시,금요일,충청남도 천안시 서북구 성정동,부상신고사고,0,0,0,1,차대차 - 측면충돌,기타,건조,맑음,단일로 - 기타,이륜,남,37세,상해없음,개인형이동수단(PM),여,20세,부상신고
2022120900100370,2022년 12월 9일 17시,금요일,충청남도 논산시 채운면,경상사고,0,0,1,0,차량단독 - 주/정차차량 충돌,안전운전불이행,건조,맑음,단일로 - 교량,승용,남,61세,경상,,,,
2022120900100371,2022년 12월 9일 17시,금요일,충청남도 청양군 청양읍,중상사고,0,1,0,0,차대차 - 측면충돌,직진우회전진행방해,건조,맑음,교차로 - 교차로안,원동기,남,58세,중상,승용,여,60세,상해없음
2022120900100372,2022년 12월 9일 17시,금요일,충청남도 천안시 동남구 구룡동,경상사고,0,0,1,0,차대차 - 기타,안전운전불이행,건조,맑음,단일로 - 기타,화물,남,47세,상해없음,승용,남,46세,경상
2022120900100431,2022년 12월 9일 18시,금요일,충청남도 천안시 서북구 성정동,경상사고,0,0,2,1,차대차 - 측면충돌,안전운전불이행,건조,맑음,단일로 - 기타,승용,남,43세,상해없음,승용,남,64세,경상
2022120900100432,2022년 12월 9일 18시,금요일,충청남도 아산시 배방읍,경상사고,0,0,1,0,차대사람 - 기타,안전운전불이행,건조,맑음,기타 - 기타,승용,여,36세,상해없음,보행자,남,11세,경상
2022120900100433,2022년 12월 9일 18시,금요일,충청남도 아산시 배방읍,경상사고,0,0,1,0,차대차 - 추돌,중앙선침범,건조,맑음,단일로 - 기타,승용,남,31세,상해없음,승용,남,26세,경상
2022120900100501,2022년 12월 9일 19시,금요일,충청남도 서천군 비인면,중상사고,0,1,0,0,차량단독 - 공작물충돌,안전운전불이행,건조,맑음,단일로 - 기타,승용,여,63세,중상,,,,
2022120900100531,2022년 12월 9일 20시,금요일,충청남도 천안시 서북구 성정동,중상사고,0,1,0,0,차대차 - 추돌,안전운전불이행,건조,맑음,단일로 - 기타,이륜,남,32세,중상,승용,남,30세,상해없음
2022120900100565,2022년 12월 9일 21시,금요일,충청남도 천안시 서북구 불당동,중상사고,0,1,0,0,차대차 - 기타,안전거리미확보,건조,맑음,교차로 - 교차로안,승용,남,20세,상해없음,개인형이동수단(PM),남,23세,중상
2022120900100589,2022년 12월 9일 22시,금요일,충청남도 천안시 서북구 성정동,중상사고,0,1,0,0,차대차 - 추돌,안전운전불이행,건조,맑음,교차로 - 교차로안,승용,남,36세,상해없음,이륜,남,39세,중상
2022121000100012,2022년 12월 10일 00시,토요일,충청남도 서산시 석림동,경상사고,0,0,1,0,차대차 - 추돌,안전운전불이행,건조,맑음,교차로 - 교차로부근,승용,남,29세,상해없음,승용,남,46세,경상
2022121000100013,2022년 12월 10일 00시,토요일,충청남도 천안시 서북구 성정동,경상사고,0,0,1,0,차대차 - 측면충돌,안전거리미확보,건조,맑음,교차로 - 교차로안,승용,남,56세,상해없음,승용,여,27세,경상
2022121000100038,2022년 12월 10일 01시,토요일,충청남도 아산시 배방읍,경상사고,0,0,2,0,차대차 - 추돌,안전운전불이행,건조,맑음,교차로 - 교차로부근,승용,남,23세,상해없음,승용,남,37세,경상
2022121000100072,2022년 12월 10일 05시,토요일,충청남도 천안시 서북구 불당동,중상사고,0,1,0,0,차대사람 - 횡단중,안전운전불이행,적설,눈,단일로 - 기타,승용,남,61세,상해없음,보행자,여,63세,중상
2022121000100082,2022년 12월 10일 06시,토요일,충청남도 공주시 옥룡동,사망사고,1,0,0,0,차대사람 - 기타,기타,건조,맑음,단일로 - 기타,승합,남,49세,상해없음,보행자,여,86세,사망
2022121000100095,2022년 12월 10일 07시,토요일,충청남도 천안시 서북구 쌍용동,경상사고,0,0,1,0,차대사람 - 차도통행중,안전운전불이행,건조,맑음,교차로 - 교차로안,승용,여,52세,상해없음,보행자,여,81세,경상
2022121000100111,2022년 12월 10일 08시,토요일,충청남도 천안시 서북구 성정동,중상사고,0,1,0,0,차대차 - 측면충돌,기타,젖음/습기,안개,단일로 - 기타,승용,여,37세,중상,이륜,남,25세,상해없음
2022121000100112,2022년 12월 10일 08시,토요일,충청남도 천안시 동남구 안서동,경상사고,0,0,1,0,차대차 - 측면충돌,안전거리미확보,건조,맑음,단일로 - 기타,승용,남,26세,상해없음,승용,남,29세,경상
2022121000100150,2022년 12월 10일 10시,토요일,충청남도 천안시 동남구 대흥동,부상신고사고,0,0,0,1,차대차 - 측면충돌,신호위반,건조,맑음,교차로 - 교차로안,자전거,남,70세,부상신고,승합,남,79세,상해없음
2022121000100188,2022년 12월 10일 11시,토요일,충청남도 논산시 반월동,경상사고,0,0,1,0,차대차 - 측면충돌,안전운전불이행,건조,맑음,교차로 - 교차로부근,승용,남,62세,상해없음,승용,남,58세,경상
2022121000100259,2022년 12월 10일 13시,토요일,충청남도 서산시 해미면,경상사고,0,0,2,0,차대차 - 추돌,안전거리미확보,건조,맑음,교차로 - 교차로안,화물,남,60세,상해없음,승용,남,41세,경상
2022121000100260,2022년 12월 10일 13시,토요일,충청남도 청양군 청양읍,중상사고,0,1,0,0,차대차 - 후진중충돌,안전운전불이행,건조,맑음,단일로 - 기타,화물,남,53세,상해없음,이륜,남,67세,중상
2022121000100290,2022년 12월 10일 14시,토요일,충청남도 서산시 동문동,경상사고,0,0,1,0,차대차 - 측면충돌,안전운전불이행,건조,맑음,교차로 - 교차로안,승용,여,43세,상해없음,자전거,남,81세,경상
2022121000100291,2022년 12월 10일 14시,토요일,충청남도 당진시 읍내동,중상사고,0,1,0,0,차대사람 - 횡단중,보행자보호의무위반,건조,맑음,교차로 - 교차로안,승용,여,54세,상해없음,보행자,여,79세,중상
2022121000100313,2022년 12월 10일 15시,토요일,충청남도 천안시 서북구 두정동,경상사고,0,0,1,0,차대차 - 측면충돌,안전운전불이행,건조,맑음,교차로 - 교차로안,승용,남,61세,상해없음,이륜,남,51세,경상
2022121000100330,2022년 12월 10일 16시,토요일,충청남도 천안시 동남구 성남면,중상사고,0,1,1,0,차대차 - 기타,안전운전불이행,건조,맑음,단일로 - 기타,승용,남,40세,중상,승용,남,31세,경상
2022121000100368,2022년 12월 10일 17시,토요일,충청남도 천안시 동남구 신방동,중상사고,0,1,0,0,차대사람 - 횡단중,보행자보호의무위반,건조,맑음,교차로 - 교차로횡단보도내,승용,여,46세,상해없음,보행자,남,63세,중상
2022121000100413,2022년 12월 10일 18시,토요일,충청남도 천안시 동남구 병천면,사망사고,1,0,0,0,차대차 - 기타,안전운전불이행,건조,맑음,교차로 - 교차로안,화물,남,58세,상해없음,이륜,남,23세,사망
2022121000100448,2022년 12월 10일 19시,토요일,충청남도 천안시 서북구 두정동,경상사고,0,0,1,0,차대차 - 측면충돌,안전운전불이행,건조,맑음,단일로 - 기타,승용,남,68세,상해없음,이륜,남,27세,경상
2022121000100474,2022년 12월 10일 20시,토요일,충청남도 천안시 서북구 백석동,경상사고,0,0,1,0,차대차 - 기타,신호위반,건조,맑음,교차로 - 교차로횡단보도내,승용,남,57세,상해없음,자전거,남,29세,경상
2022121000100492,2022년 12월 10일 21시,토요일,충청남도 천안시 서북구 쌍용동,경상사고,0,0,2,0,차대차 - 추돌,안전운전불이행,건조,맑음,교차로 - 교차로부근,승용,여,56세,상해없음,승용,남,32세,경상
2022121100100062,2022년 12월 11일 07시,일요일,충청남도 천안시 동남구 목천읍,경상사고,0,0,1,0,차대차 - 측면충돌,안전거리미확보,건조,맑음,단일로 - 기타,승합,남,42세,상해없음,화물,남,39세,경상
2022121100100081,2022년 12월 11일 09시,일요일,충청남도 예산군 예산읍,사망사고,1,0,0,0,차대사람 - 기타,안전운전불이행,건조,맑음,단일로 - 기타,건설기계,남,65세,상해없음,보행자,남,54세,사망
2022121100100096,2022년 12월 11일 10시,일요일,충청남도 공주시 탄천면,중상사고,0,1,2,0,차대차 - 측면충돌,기타,건조,맑음,교차로 - 교차로안,승용,남,63세,경상,승용,남,77세,중상
2022121100100208,2022년 12월 11일 14시,일요일,충청남도 아산시 둔포면,경상사고,0,0,3,0,차대차 - 기타,신호위반,건조,맑음,교차로 - 교차로안,승용,남,52세,상해없음,승용,여,38세,경상
2022121100100209,2022년 12월 11일 14시,일요일,충청남도 당진시 대호지면,중상사고,0,1,0,0,차대사람 - 차도통행중,안전운전불이행,건조,맑음,교차로 - 교차로안,화물,남,64세,상해없음,보행자,남,76세,중상
2022121100100210,2022년 12월 11일 14시,일요일,충청남도 금산군 제원면,경상사고,0,0,2,0,차대차 - 추돌,안전운전불이행,건조,맑음,교차로 - 교차로부근,승용,남,68세,상해없음,승용,남,65세,경상
2022121100100211,2022년 12월 11일 14시,일요일,충청남도 공주시 우성면,중상사고,0,2,7,0,차대차 - 추돌,안전운전불이행,건조,맑음,단일로 - 기타,승합,남,60세,상해없음,승용,남,55세,경상
2022121100100303,2022년 12월 11일 17시,일요일,충청남도 아산시 배방읍,중상사고,0,1,0,0,차대차 - 측면충돌,안전운전불이행,건조,맑음,교차로 - 교차로안,이륜,남,43세,상해없음,이륜,남,52세,중상
2022121100100440,2022년 12월 11일 23시,일요일,충청남도 서산시 석남동,경상사고,0,0,1,0,차대차 - 측면충돌,신호위반,건조,맑음,교차로 - 교차로안,특수,남,42세,상해없음,승용,남,40세,경상
2022121200100037,2022년 12월 12일 06시,월요일,충청남도 공주시 이인면,경상사고,0,0,1,0,차대차 - 기타,안전운전불이행,서리/결빙,눈,단일로 - 기타,건설기계,남,60세,상해없음,건설기계,남,57세,경상
2022121200100079,2022년 12월 12일 08시,월요일,충청남도 천안시 서북구 쌍용동,경상사고,0,0,1,0,차대차 - 기타,안전운전불이행,건조,맑음,교차로 - 교차로안,화물,남,57세,상해없음,승용,여,37세,경상
2022121200100080,2022년 12월 12일 08시,월요일,충청남도 공주시 산성동,경상사고,0,0,1,0,차대차 - 기타,중앙선침범,건조,맑음,단일로 - 기타,자전거,남,17세,경상,승용,남,49세,상해없음
2022121200100081,2022년 12월 12일 08시,월요일,충청남도 천안시 동남구 사직동,경상사고,0,0,2,0,차대차 - 측면충돌,교차로운행방법위반,건조,맑음,교차로 - 교차로안,화물,남,70세,상해없음,승합,남,55세,경상
2022121200100082,2022년 12월 12일 08시,월요일,충청남도 공주시 정안면,경상사고,0,0,1,0,차대차 - 추돌,안전운전불이행,건조,맑음,단일로 - 기타,승용,남,55세,상해없음,승용,남,51세,경상
2022121200100104,2022년 12월 12일 09시,월요일,충청남도 서천군 마서면,경상사고,0,0,1,0,차대차 - 측면충돌,중앙선침범,건조,맑음,단일로 - 기타,화물,남,38세,상해없음,화물,여,68세,경상
2022121200100131,2022년 12월 12일 10시,월요일,충청남도 태안군 원북면,사망사고,1,0,0,0,차대사람 - 차도통행중,안전운전불이행,건조,맑음,단일로 - 기타,화물,남,84세,상해없음,보행자,여,82세,사망
2022121200100190,2022년 12월 12일 12시,월요일,충청남도 서산시 고북면,중상사고,0,1,0,0,차대차 - 측면충돌,안전거리미확보,건조,맑음,단일로 - 기타,자전거,남,83세,중상,승용,남,29세,상해없음
2022121200100247,2022년 12월 12일 14시,월요일,충청남도 서산시 음암면,경상사고,0,0,2,0,차대차 - 측면충돌,안전거리미확보,건조,맑음,단일로 - 기타,승용,여,64세,경상,승용,남,50세,경상
2022121200100248,2022년 12월 12일 14시,월요일,충청남도 예산군 신양면,중상사고,0,1,1,0,차대차 - 추돌,안전운전불이행,젖음/습기,흐림,교차로 - 교차로부근,특수,남,40세,상해없음,승용,여,51세,중상
2022121200100276,2022년 12월 12일 15시,월요일,충청남도 천안시 서북구 성정동,경상사고,0,0,1,0,차대사람 - 기타,안전운전불이행,건조,맑음,단일로 - 기타,승용,남,61세,상해없음,보행자,여,60세,경상
2022121200100277,2022년 12월 12일 15시,월요일,충청남도 천안시 서북구 직산읍,부상신고사고,0,0,0,1,차대차 - 측면충돌,교차로운행방법위반,건조,맑음,교차로 - 교차로안,승용,여,30세,상해없음,승용,남,35세,부상신고
2022121200100312,2022년 12월 12일 16시,월요일,충청남도 예산군 예산읍,중상사고,0,1,0,0,차대차 - 측면충돌,안전운전불이행,건조,맑음,교차로 - 교차로부근,승용,여,63세,상해없음,이륜,남,80세,중상
2022121200100359,2022년 12월 12일 17시,월요일,충청남도 천안시 동남구 신부동,경상사고,0,0,1,0,차대사람 - 보도통행중,신호위반,건조,맑음,단일로 - 기타,개인형이동수단(PM),남,15세,상해없음,보행자,여,45세,경상
2022121200100425,2022년 12월 12일 18시,월요일,충청남도 논산시 취암동,중상사고,0,2,0,0,차대사람 - 보도통행중,보행자보호의무위반,건조,맑음,교차로 - 교차로횡단보도내,승용,남,72세,상해없음,보행자,여,57세,중상
2022121200100426,2022년 12월 12일 18시,월요일,충청남도 천안시 동남구 원성동,경상사고,0,0,1,0,차대차 - 측면충돌,교차로운행방법위반,건조,맑음,단일로 - 기타,승용,남,57세,상해없음,승용,여,59세,경상
2022121200100427,2022년 12월 12일 18시,월요일,충청남도 천안시 동남구 유량동,중상사고,0,1,0,0,차대차 - 기타,안전운전불이행,젖음/습기,비,교차로 - 교차로안,화물,남,60세,상해없음,이륜,남,36세,중상
2022121200100428,2022년 12월 12일 18시,월요일,충청남도 태안군 태안읍,경상사고,0,0,1,0,차대사람 - 차도통행중,안전운전불이행,젖음/습기,비,기타 - 기타,승용,남,39세,상해없음,보행자,여,40세,경상
2022121200100485,2022년 12월 12일 19시,월요일,충청남도 천안시 서북구 성정동,경상사고,0,0,1,0,차대차 - 측면충돌,직진우회전진행방해,젖음/습기,흐림,교차로 - 교차로안,승용,남,34세,상해없음,화물,남,44세,경상
2022121200100522,2022년 12월 12일 20시,월요일,충청남도 당진시 대호지면,중상사고,0,1,0,0,차대사람 - 횡단중,안전운전불이행,젖음/습기,흐림,단일로 - 기타,승용,남,54세,기타불명,보행자,남,81세,중상
2022121200100548,2022년 12월 12일 21시,월요일,충청남도 아산시 배방읍,사망사고,1,0,0,0,차대사람 - 횡단중,기타,건조,흐림,단일로 - 기타,승용,여,26세,상해없음,보행자,남,57세,사망
2022121300100027,2022년 12월 13일 04시,화요일,충청남도 천안시 서북구 성거읍,중상사고,0,1,0,0,차대차 - 측면충돌,신호위반,건조,맑음,교차로 - 교차로안,승용,여,49세,중상,화물,남,60세,상해없음
2022121300100052,2022년 12월 13일 06시,화요일,충청남도 아산시 음봉면,경상사고,0,0,1,0,차대차 - 기타,안전운전불이행,젖음/습기,비,교차로 - 교차로부근,승용,남,62세,기타불명,화물,남,63세,경상
2022121300100124,2022년 12월 13일 09시,화요일,충청남도 서산시 동문동,경상사고,0,0,1,0,차대사람 - 기타,안전운전불이행,건조,맑음,단일로 - 기타,승용,남,52세,상해없음,보행자,남,54세,경상
2022121300100148,2022년 12월 13일 10시,화요일,충청남도 청양군 운곡면,경상사고,0,0,2,0,차대차 - 측면충돌,안전운전불이행,젖음/습기,흐림,교차로 - 교차로안,승용,여,23세,상해없음,승용,남,47세,경상
2022121300100210,2022년 12월 13일 12시,화요일,충청남도 천안시 서북구 성거읍,경상사고,0,0,1,0,차대사람 - 차도통행중,안전운전불이행,적설,눈,교차로 - 교차로안,승용,남,26세,상해없음,보행자,여,73세,경상
2022121300100262,2022년 12월 13일 14시,화요일,충청남도 천안시 서북구 두정동,중상사고,0,1,0,0,차대사람 - 기타,안전운전불이행,젖음/습기,눈,단일로 - 기타,이륜,남,48세,상해없음,보행자,여,57세,중상
2022121300100290,2022년 12월 13일 15시,화요일,충청남도 천안시 서북구 쌍용동,부상신고사고,0,0,0,1,차대차 - 측면충돌,안전운전불이행,젖음/습기,비,단일로 - 기타,원동기,남,49세,부상신고,승용,남,67세,상해없음
2022121300100291,2022년 12월 13일 15시,화요일,충청남도 서천군 서천읍,경상사고,0,0,1,0,차대차 - 측면충돌,중앙선침범,건조,흐림,교차로 - 교차로부근,승용,남,67세,상해없음,자전거,남,62세,경상
2022121300100292,2022년 12월 13일 15시,화요일,충청남도 천안시 동남구 대흥동,중상사고,0,1,0,0,차대사람 - 기타,보행자보호의무위반,서리/결빙,눈,단일로 - 기타,화물,여,63세,상해없음,보행자,여,32세,중상
2022121300100317,2022년 12월 13일 16시,화요일,충청남도 아산시 배방읍,경상사고,0,0,1,0,차대차 - 추돌,안전운전불이행,젖음/습기,눈,단일로 - 기타,건설기계,남,59세,상해없음,이륜,남,86세,경상