사고번호,사고일시,요일,시군구,사고내용,사망자수,중상자수,경상자수,부상신고자수,사고유형,법규위반,노면상태,기상상태,도로형태,가해운전자 차종,가해운전자 성별,가해운전자 연령,가해운전자 상해정도,피해운전자 차종,피해운전자 성별,피해운전자 연령,피해운전자 상해정도
2022122600100191,2022년 12월 26일 11시,월요일,충청남도 당진시 읍내동,중상사고,0,1,0,0,차대사람 - 기타,안전운전불이행,건조,맑음,교차로 - 교차로부근,승용,여,55세,상해없음,보행자,남,74세,중상
2022122600100249,2022년 12월 26일 13시,월요일,충청남도 계룡시 엄사면,경상사고,0,0,1,0,차대차 - 추돌,안전운전불이행,건조,맑음,교차로 - 교차로부근,승용,남,45세,상해없음,승용,여,36세,경상
2022122600100274,2022년 12월 26일 14시,월요일,충청남도 천안시 서북구 두정동,경상사고,0,0,1,0,차대차 - 기타,안전거리미확보,건조,맑음,단일로 - 기타,승용,남,35세,기타불명,이륜,남,19세,경상
2022122600100275,2022년 12월 26일 14시,월요일,충청남도 천안시 동남구 병천면,경상사고,0,0,3,0,차대차 - 측면충돌,안전운전불이행,건조,맑음,교차로 - 교차로안,화물,남,36세,상해없음,승용,여,36세,상해없음
2022122600100296,2022년 12월 26일 15시,월요일,충청남도 보령시 동대동,경상사고,0,0,1,0,차대사람 - 차도통행중,안전운전불이행,건조,맑음,교차로 - 교차로횡단보도내,승용,남,65세,상해없음,보행자,여,50세,경상
2022122600100328,2022년 12월 26일 16시,월요일,충청남도 아산시 온천동,부상신고사고,0,0,0,1,차대차 - 기타,안전운전불이행,건조,맑음,교차로 - 교차로부근,승용,남,60세,상해없음,승용,여,59세,부상신고
2022122600100368,2022년 12월 26일 17시,월요일,충청남도 서산시 음암면,중상사고,0,1,0,0,차대사람 - 보도통행중,안전운전불이행,건조,맑음,교차로 - 교차로안,승용,남,49세,상해없음,보행자,여,74세,중상
2022122600100404,2022년 12월 26일 18시,월요일,충청남도 아산시 신창면,경상사고,0,0,1,0,차대차 - 측면충돌,중앙선침범,건조,맑음,단일로 - 기타,승용,남,65세,상해없음,승용,여,43세,경상
2022122600100405,2022년 12월 26일 18시,월요일,충청남도 아산시 배방읍,경상사고,0,0,1,0,차대사람 - 기타,안전운전불이행,건조,맑음,교차로 - 교차로안,승용,여,39세,상해없음,보행자,여,24세,경상
2022122600100445,2022년 12월 26일 19시,월요일,충청남도 천안시 서북구 신당동,경상사고,0,0,1,0,차대차 - 기타,신호위반,서리/결빙,맑음,교차로 - 교차로안,승용,남,24세,상해없음,승용,남,44세,경상
2022122600100446,2022년 12월 26일 19시,월요일,충청남도 천안시 서북구 불당동,경상사고,0,0,1,0,차대차 - 추돌,안전운전불이행,건조,맑음,교차로 - 교차로부근,승용,남,52세,상해없음,승용,여,48세,경상
2022122600100447,2022년 12월 26일 19시,월요일,충청남도 아산시 풍기동,경상사고,0,0,3,0,차대차 - 측면충돌,차로위반,건조,맑음,단일로 - 기타,승용,남,64세,상해없음,승용,남,30세,경상
2022122600100473,2022년 12월 26일 20시,월요일,충청남도 아산시 둔포면,경상사고,0,0,1,0,차대사람 - 횡단중,안전운전불이행,건조,맑음,교차로 - 교차로안,승용,남,52세,상해없음,보행자,남,27세,경상
2022122600100496,2022년 12월 26일 21시,월요일,충청남도 천안시 서북구 불당동,경상사고,0,0,2,0,차대차 - 측면충돌,안전운전불이행,건조,맑음,교차로 - 교차로안,승용,남,32세,상해없음,승용,남,20세,경상
2022122600100497,2022년 12월 26일 21시,월요일,충청남도 공주시 신관동,경상사고,0,0,1,0,차대차 - 측면충돌,신호위반,건조,맑음,교차로 - 교차로안,승용,남,18세,상해없음,승용,남,42세,경상
2022122600100547,2022년 12월 26일 23시,월요일,충청남도 금산군 남일면,경상사고,0,0,1,0,차량단독 - 공작물충돌,안전운전불이행,서리/결빙,눈,단일로 - 기타,승용,남,63세,경상,,,,
2022122700100105,2022년 12월 27일 08시,화요일,충청남도 아산시 신창면,중상사고,0,1,0,0,차대사람 - 횡단중,보행자보호의무위반,건조,맑음,단일로 - 기타,승용,여,59세,상해없음,보행자,남,9세,중상
2022122700100106,2022년 12월 27일 08시,화요일,충청남도 아산시 온천동,경상사고,0,0,1,0,차대사람 - 기타,안전운전불이행,건조,맑음,교차로 - 교차로부근,화물,남,70세,상해없음,보행자,남,40세,경상
2022122700100149,2022년 12월 27일 09시,화요일,충청남도 논산시 연무읍,중상사고,0,1,0,0,차대차 - 측면충돌,교차로운행방법위반,건조,맑음,교차로 - 교차로안,승용,남,38세,상해없음,이륜,남,77세,중상
2022122700100150,2022년 12월 27일 09시,화요일,충청남도 천안시 동남구 신부동,경상사고,0,0,3,0,차대차 - 측면충돌,안전운전불이행,건조,맑음,단일로 - 기타,화물,남,59세,상해없음,승용,여,58세,경상
2022122700100180,2022년 12월 27일 10시,화요일,충청남도 아산시 염치읍,경상사고,0,0,1,0,차대차 - 기타,안전운전불이행,건조,맑음,교차로 - 교차로부근,화물,남,43세,기타불명,승용,남,47세,경상
2022122700100181,2022년 12월 27일 10시,화요일,충청남도 천안시 동남구 원성동,경상사고,0,0,1,0,차대차 - 측면충돌,교차로운행방법위반,건조,맑음,교차로 - 교차로안,승용,여,67세,상해없음,원동기,여,35세,경상
2022122700100210,2022년 12월 27일 11시,화요일,충청남도 아산시 모종동,경상사고,0,0,1,0,차대차 - 기타,안전운전불이행,건조,맑음,교차로 - 교차로부근,화물,남,61세,기타불명,화물,남,41세,경상
2022122700100238,2022년 12월 27일 12시,화요일,충청남도 보령시 대천동,경상사고,0,0,1,0,차대사람 - 기타,안전운전불이행,건조,맑음,단일로 - 기타,화물,남,52세,상해없음,보행자,남,35세,경상
2022122700100266,2022년 12월 27일 13시,화요일,충청남도 천안시 서북구 두정동,중상사고,0,1,0,0,차대차 - 기타,안전운전불이행,건조,기타,주차장 - 주차장,승용,여,69세,중상,승용,남,30세,상해없음
2022122700100291,2022년 12월 27일 14시,화요일,충청남도 아산시 용화동,경상사고,0,0,1,0,차대차 - 측면충돌,안전운전불이행,건조,맑음,교차로 - 교차로부근,승합,남,57세,상해없음,자전거,남,25세,경상
2022122700100292,2022년 12월 27일 14시,화요일,충청남도 예산군 예산읍,경상사고,0,0,2,0,차대차 - 측면충돌,직진우회전진행방해,건조,맑음,교차로 - 교차로안,승용,남,58세,상해없음,승용,여,39세,경상
2022122700100316,2022년 12월 27일 15시,화요일,충청남도 논산시 내동,경상사고,0,0,1,0,차대차 - 기타,중앙선침범,건조,맑음,단일로 - 기타,승용,여,29세,상해없음,승용,여,43세,경상
2022122700100318,2022년 12월 27일 15시,화요일,충청남도 공주시 유구읍,중상사고,0,2,1,0,차대차 - 추돌,안전운전불이행,건조,맑음,단일로 - 기타,화물,남,31세,상해없음,승용,여,44세,경상
2022122700100392,2022년 12월 27일 17시,화요일,충청남도 아산시 둔포면,중상사고,0,1,0,0,차대사람 - 기타,안전운전불이행,건조,맑음,교차로 - 교차로부근,승용,여,41세,상해없음,보행자,여,45세,중상
2022122700100393,2022년 12월 27일 17시,화요일,충청남도 당진시 읍내동,중상사고,0,1,0,0,차대차 - 측면충돌,안전거리미확보,건조,맑음,단일로 - 기타,승용,여,24세,상해없음,승합,남,28세,상해없음
2022122700100490,2022년 12월 27일 19시,화요일,충청남도 아산시 배방읍,경상사고,0,0,1,0,차대차 - 측면충돌,안전운전불이행,건조,맑음,단일로 - 기타,승용,여,37세,상해없음,승용,남,46세,경상
2022122700100518,2022년 12월 27일 20시,화요일,충청남도 천안시 서북구 두정동,경상사고,0,0,1,0,차대차 - 기타,안전운전불이행,건조,맑음,단일로 - 기타,승용,남,59세,상해없음,승용,여,46세,경상
2022122700100519,2022년 12월 27일 20시,화요일,충청남도 천안시 동남구 청수동,경상사고,0,0,1,0,차대사람 - 횡단중,안전운전불이행,건조,맑음,기타 - 기타,승용,남,26세,상해없음,보행자,여,63세,경상
2022122700100572,2022년 12월 27일 22시,화요일,충청남도 천안시 서북구 쌍용동,부상신고사고,0,0,0,1,차대차 - 기타,안전운전불이행,건조,맑음,교차로 - 교차로안,승용,여,57세,상해없음,이륜,남,35세,부상신고
2022122700100592,2022년 12월 27일 23시,화요일,충청남도 서산시 예천동,중상사고,0,1,0,0,차대차 - 기타,안전운전불이행,건조,맑음,교차로 - 교차로안,승용,남,59세,상해없음,승용,여,38세,중상
2022122800100007,2022년 12월 28일 00시,수요일,충청남도 천안시 서북구 성정동,경상사고,0,0,1,0,차대사람 - 기타,신호위반,건조,맑음,교차로 - 교차로횡단보도내,기타불명,기타불명,미분류,기타불명,보행자,남,41세,경상
2022122800100030,2022년 12월 28일 04시,수요일,충청남도 공주시 옥룡동,중상사고,0,1,0,0,차대차 - 측면충돌,신호위반,건조,맑음,교차로 - 교차로안,화물,남,66세,상해없음,승용,여,64세,중상
2022122800100048,2022년 12월 28일 06시,수요일,충청남도 청양군 목면,경상사고,0,0,1,0,차량단독 - 도로외이탈 - 기타,안전운전불이행,서리/결빙,눈,단일로 - 기타,승용,남,27세,경상,,,,
2022122800100066,2022년 12월 28일 07시,수요일,충청남도 당진시 송악읍,경상사고,0,0,1,0,차대차 - 측면충돌,안전거리미확보,건조,맑음,단일로 - 기타,건설기계,남,61세,상해없음,승용,남,47세,경상
2022122800100146,2022년 12월 28일 10시,수요일,충청남도 천안시 서북구 쌍용동,경상사고,0,0,1,0,차대차 - 추돌,안전운전불이행,건조,맑음,교차로 - 교차로안,화물,남,61세,상해없음,승용,남,55세,경상
2022122800100147,2022년 12월 28일 10시,수요일,충청남도 보령시 대천동,경상사고,0,0,1,0,차대사람 - 기타,안전운전불이행,건조,맑음,단일로 - 기타,승용,남,75세,상해없음,보행자,남,32세,경상
2022122800100148,2022년 12월 28일 10시,수요일,충청남도 천안시 동남구 사직동,경상사고,0,0,1,0,차대사람 - 기타,안전운전불이행,건조,맑음,단일로 - 기타,승용,남,34세,상해없음,보행자,여,40세,경상
2022122800100149,2022년 12월 28일 10시,수요일,충청남도 태안군 태안읍,경상사고,0,0,1,0,차대차 - 추돌,안전운전불이행,건조,맑음,교차로 - 교차로안,화물,남,76세,상해없음,승용,남,64세,경상
2022122800100255,2022년 12월 28일 13시,수요일,충청남도 서산시 동문동,중상사고,0,1,0,0,차대사람 - 횡단중,안전운전불이행,건조,맑음,기타 - 기타,승용,남,28세,상해없음,보행자,남,11세,중상
2022122800100330,2022년 12월 28일 15시,수요일,충청남도 당진시 채운동,경상사고,0,0,1,0,차대사람 - 보도통행중,보행자보호의무위반,건조,맑음,교차로 - 교차로안,승용,여,58세,기타불명,보행자,남,14세,경상
2022122800100398,2022년 12월 28일 17시,수요일,충청남도 청양군 청양읍,경상사고,0,0,2,0,차대차 - 측면충돌,직진우회전진행방해,건조,맑음,교차로 - 교차로안,승용,여,67세,경상,승용,여,56세,경상
2022122800100399,2022년 12월 28일 17시,수요일,충청남도 천안시 동남구 신방동,경상사고,0,0,1,0,차대차 - 측면충돌,안전운전불이행,건조,맑음,교차로 - 교차로안,승용,여,40세,상해없음,승용,남,36세,경상
2022122800100450,2022년 12월 28일 18시,수요일,충청남도 서산시 동문동,경상사고,0,0,1,0,차대사람 - 기타,안전운전불이행,건조,맑음,기타 - 기타,승용,남,21세,상해없음,보행자,남,25세,경상
2022122800100538,2022년 12월 28일 20시,수요일,충청남도 천안시 동남구 원성동,중상사고,0,1,0,0,차대사람 - 횡단중,안전운전불이행,건조,맑음,교차로 - 교차로횡단보도내,승용,남,35세,상해없음,보행자,남,67세,중상
2022122800100566,2022년 12월 28일 21시,수요일,충청남도 천안시 동남구 대흥동,경상사고,0,0,2,0,차대차 - 기타,교차로운행방법위반,건조,맑음,교차로 - 교차로안,승용,남,22세,상해없음,승용,남,24세,경상
2022122800100617,2022년 12월 28일 23시,수요일,충청남도 천안시 서북구 성정동,경상사고,0,0,1,0,차대차 - 추돌,안전운전불이행,건조,흐림,단일로 - 기타,승용,남,51세,상해없음,이륜,남,41세,경상
2022122900100029,2022년 12월 29일 03시,목요일,충청남도 천안시 서북구 직산읍,사망사고,1,0,0,0,차대사람 - 기타,기타,건조,맑음,교차로 - 교차로부근,승용,남,24세,상해없음,보행자,남,40세,사망
2022122900100069,2022년 12월 29일 07시,목요일,충청남도 천안시 서북구 성환읍,경상사고,0,0,2,0,차대차 - 측면충돌,안전운전불이행,건조,맑음,교차로 - 교차로부근,승용,여,34세,상해없음,승용,남,34세,경상
2022122900100282,2022년 12월 29일 14시,목요일,충청남도 당진시 읍내동,경상사고,0,0,1,0,차대차 - 후진중충돌,안전운전불이행,건조,맑음,단일로 - 기타,승용,남,53세,상해없음,승용,여,36세,경상
2022122900100315,2022년 12월 29일 15시,목요일,충청남도 당진시 우강면,경상사고,0,0,1,0,차대차 - 기타,중앙선침범,건조,맑음,단일로 - 기타,승용,남,57세,상해없음,승용,여,41세,경상
2022122900100350,2022년 12월 29일 16시,목요일,충청남도 천안시 서북구 입장면,경상사고,0,0,1,0,차대차 - 기타,안전운전불이행,건조,맑음,단일로 - 기타,화물,남,68세,상해없음,승용,여,44세,경상
2022122900100400,2022년 12월 29일 17시,목요일,충청남도 천안시 동남구 삼룡동,경상사고,0,0,1,0,차대차 - 측면충돌,안전운전불이행,건조,맑음,단일로 - 기타,승용,남,27세,상해없음,이륜,남,32세,경상
2022122900100457,2022년 12월 29일 18시,목요일,충청남도 천안시 서북구 쌍용동,중상사고,0,1,0,0,차대차 - 기타,안전거리미확보,건조,맑음,단일로 - 기타,승용,남,70세,상해없음,이륜,남,40세,중상
2022122900100458,2022년 12월 29일 18시,목요일,충청남도 당진시 수청동,경상사고,0,0,1,0,차대사람 - 횡단중,보행자보호의무위반,젖음/습기,맑음,교차로 - 교차로안,기타불명,기타불명,미분류,기타불명,보행자,남,53세,경상
2022122900100459,2022년 12월 29일 18시,목요일,충청남도 천안시 동남구 삼룡동,경상사고,0,0,2,0,차대차 - 추돌,안전운전불이행,건조,맑음,단일로 - 터널,화물,남,44세,상해없음,승용,남,36세,경상
2022122900100507,2022년 12월 29일 19시,목요일,충청남도 태안군 태안읍,중상사고,0,1,0,0,차대사람 - 횡단중,안전운전불이행,건조,맑음,교차로 - 교차로안,승용,남,56세,상해없음,보행자,남,62세,중상
2022122900100541,2022년 12월 29일 20시,목요일,충청남도 아산시 둔포면,경상사고,0,0,1,0,차대차 - 추돌,안전운전불이행,건조,맑음,단일로 - 기타,승용,여,35세,상해없음,이륜,남,16세,경상
2022122900100596,2022년 12월 29일 22시,목요일,충청남도 천안시 서북구 성성동,경상사고,0,0,3,0,차대차 - 추돌,안전운전불이행,건조,맑음,단일로 - 기타,승용,남,51세,상해없음,승용,남,29세,경상
2022122900100597,2022년 12월 29일 22시,목요일,충청남도 태안군 태안읍,부상신고사고,0,0,0,1,차대차 - 기타,안전운전불이행,건조,맑음,단일로 - 기타,승용,남,44세,상해없음,승용,남,34세,부상신고
2022123000100066,2022년 12월 30일 06시,금요일,충청남도 천안시 서북구 두정동,경상사고,0,0,2,0,차대차 - 추돌,안전운전불이행,서리/결빙,흐림,단일로 - 기타,승용,남,52세,상해없음,승용,여,49세,경상
2022123000100080,2022년 12월 30일 07시,금요일,충청남도 당진시 송악읍,중상사고,0,1,2,0,차대차 - 추돌,안전운전불이행,젖음/습기,흐림,단일로 - 기타,승용,남,31세,상해없음,승용,남,41세,경상
2022123000100093,2022년 12월 30일 08시,금요일,충청남도 천안시 서북구 성환읍,경상사고,0,0,1,0,차대차 - 기타,교차로운행방법위반,건조,맑음,단일로 - 기타,승용,남,71세,상해없음,승용,여,31세,경상
2022123000100094,2022년 12월 30일 08시,금요일,충청남도 아산시 온천동,중상사고,0,1,0,0,차대사람 - 횡단중,보행자보호의무위반,건조,맑음,교차로 - 교차로안,승용,남,51세,상해없음,보행자,남,70세,중상
2022123000100123,2022년 12월 30일 09시,금요일,충청남도 아산시 배방읍,경상사고,0,0,2,0,차대차 - 추돌,안전운전불이행,건조,맑음,단일로 - 기타,승용,여,44세,상해없음,승용,남,65세,경상
2022123000100176,2022년 12월 30일 11시,금요일,충청남도 천안시 동남구 신방동,경상사고,0,0,1,0,차대차 - 기타,직진우회전진행방해,건조,맑음,교차로 - 교차로안,화물,남,31세,상해없음,승용,여,50세,경상
2022123000100212,2022년 12월 30일 12시,금요일,충청남도 아산시 배방읍,경상사고,0,0,1,0,차대사람 - 기타,안전운전불이행,건조,맑음,단일로 - 기타,승용,남,66세,상해없음,보행자,여,53세,경상
2022123000100213,2022년 12월 30일 12시,금요일,충청남도 아산시 탕정면,경상사고,0,0,1,0,차대차 - 기타,중앙선침범,건조,맑음,단일로 - 기타,승용,남,58세,상해없음,승용,여,22세,경상
2022123000100215,2022년 12월 30일 12시,금요일,충청남도 공주시 우성면,중상사고,0,1,7,8,차대차 - 추돌,안전운전불이행,건조,맑음,단일로 - 기타,승합,남,65세,상해없음,승용,남,43세,중상
2022123000100261,2022년 12월 30일 13시,금요일,충청남도 천안시 서북구 성환읍,부상신고사고,0,0,0,1,차대사람 - 기타,안전운전불이행,건조,맑음,단일로 - 기타,기타불명,기타불명,미분류,기타불명,보행자,남,61세,부상신고
2022123000100262,2022년 12월 30일 13시,금요일,충청남도 아산시 모종동,경상사고,0,0,1,0,차대차 - 기타,교차로운행방법위반,건조,맑음,교차로 - 교차로안,승용,남,80세,상해없음,자전거,여,72세,경상
2022123000100303,2022년 12월 30일 14시,금요일,충청남도 홍성군 홍성읍,중상사고,0,1,1,0,차대차 - 추돌,안전운전불이행,건조,맑음,단일로 - 기타,특수,남,43세,기타불명,승용,남,93세,경상
2022123000100304,2022년 12월 30일 14시,금요일,충청남도 당진시 신평면,경상사고,0,0,1,0,차대차 - 측면충돌,교차로운행방법위반,건조,흐림,교차로 - 교차로안,승용,남,30세,상해없음,승용,여,47세,경상
2022123000100344,2022년 12월 30일 15시,금요일,충청남도 천안시 동남구 원성동,경상사고,0,0,1,0,차대차 - 측면충돌,안전운전불이행,건조,맑음,교차로 - 교차로안,승용,여,54세,기타불명,화물,남,68세,경상
2022123000100381,2022년 12월 30일 16시,금요일,충청남도 아산시 용화동,경상사고,0,0,1,0,차대차 - 측면충돌,안전운전불이행,건조,맑음,교차로 - 교차로안,화물,남,55세,상해없음,승용,남,23세,경상
2022123000100382,2022년 12월 30일 16시,금요일,충청남도 천안시 동남구 풍세면,경상사고,0,0,4,0,차대차 - 기타,안전운전불이행,건조,맑음,단일로 - 기타,승용,남,69세,상해없음,승용,남,48세,경상
2022123000100383,2022년 12월 30일 16시,금요일,충청남도 천안시 동남구 신방동,경상사고,0,0,3,0,차대차 - 측면충돌,안전운전불이행,건조,맑음,교차로 - 교차로부근,화물,남,54세,상해없음,승용,여,41세,경상
2022123000100453,2022년 12월 30일 17시,금요일,충청남도 천안시 서북구 두정동,경상사고,0,0,2,0,차대차 - 추돌,안전운전불이행,건조,맑음,교차로 - 교차로부근,화물,남,62세,상해없음,승용,남,27세,경상
2022123000100454,2022년 12월 30일 17시,금요일,충청남도 아산시 배방읍,경상사고,0,0,3,0,차대차 - 기타,안전거리미확보,건조,맑음,단일로 - 기타,승용,여,56세,상해없음,승용,남,53세,상해없음
2022123000100575,2022년 12월 30일 19시,금요일,충청남도 천안시 서북구 불당동,부상신고사고,0,0,0,1,차대차 - 측면충돌,안전운전불이행,건조,맑음,교차로 - 교차로부근,화물,남,67세,상해없음,승용,남,20세,부상신고
2022123000100576,2022년 12월 30일 19시,금요일,충청남도 아산시 둔포면,경상사고,0,0,1,0,차대차 - 추돌,안전운전불이행,건조,맑음,교차로 - 교차로부근,승용,남,30세,상해없음,승용,여,49세,경상
2022123000100577,2022년 12월 30일 19시,금요일,충청남도 천안시 동남구 구성동,경상사고,0,0,1,0,차대차 - 추돌,안전운전불이행,건조,맑음,단일로 - 기타,승용,남,54세,상해없음,승용,여,31세,경상
2022123000100641,2022년 12월 30일 21시,금요일,충청남도 천안시 서북구 성정동,경상사고,0,0,2,0,차대차 - 추돌,안전운전불이행,건조,맑음,교차로 - 교차로부근,승용,남,58세,상해없음,승용,남,64세,경상
2022123000100642,2022년 12월 30일 21시,금요일,충청남도 천안시 서북구 성정동,중상사고,0,1,0,0,차대차 - 기타,안전거리미확보,건조,맑음,단일로 - 기타,승용,남,25세,상해없음,이륜,남,38세,중상
2022123000100660,2022년 12월 30일 22시,금요일,충청남도 천안시 서북구 두정동,경상사고,0,0,1,0,차대사람 - 차도통행중,안전운전불이행,건조,맑음,교차로 - 교차로안,승용,남,22세,상해없음,보행자,남,29세,경상
2022123000100661,2022년 12월 30일 22시,금요일,충청남도 아산시 온천동,경상사고,0,0,1,0,차대사람 - 기타,안전운전불이행,건조,맑음,단일로 - 기타,승용,여,29세,상해없음,보행자,남,33세,경상
2022123000100662,2022년 12월 30일 22시,금요일,충청남도 천안시 동남구 신부동,경상사고,0,0,1,0,차대차 - 추돌,안전운전불이행,건조,맑음,단일로 - 기타,승용,남,60세,상해없음,승용,여,58세,경상
2022123000100689,2022년 12월 30일 23시,금요일,충청남도 천안시 서북구 성정동,경상사고,0,0,1,0,차대차 - 측면충돌,안전운전불이행,건조,맑음,단일로 - 기타,승용,남,23세,상해없음,원동기,남,23세,경상
2022123100100062,2022년 12월 31일 03시,토요일,충청남도 당진시 송악읍,경상사고,0,0,1,0,차대차 - 추돌,안전운전불이행,건조,맑음,단일로 - 기타,승용,여,42세,상해없음,화물,남,52세,경상
2022123100100075,2022년 12월 31일 04시,토요일,충청남도 천안시 서북구 불당동,경상사고,0,0,1,0,차대차 - 추돌,안전운전불이행,건조,맑음,교차로 - 교차로부근,승용,여,29세,상해없음,화물,남,31세,경상
2022123100100128,2022년 12월 31일 09시,토요일,충청남도 천안시 서북구 성성동,경상사고,0,0,1,0,차대차 - 기타,안전운전불이행,건조,맑음,교차로 - 교차로안,승용,남,52세,상해없음,승용,남,38세,경상
2022123100100144,2022년 12월 31일 10시,토요일,충청남도 서산시 잠홍동,경상사고,0,0,1,0,차대차 - 추돌,안전거리미확보,건조,맑음,교차로 - 교차로부근,건설기계,남,67세,상해없음,승용,여,59세,경상
2022123100100198,2022년 12월 31일 12시,토요일,충청남도 당진시 석문면,중상사고,0,1,0,0,차대차 - 정면충돌,기타,건조,맑음,단일로 - 기타,승용,남,63세,상해없음,승용,남,47세,중상
2022123100100199,2022년 12월 31일 12시,토요일,충청남도 천안시 동남구 사직동,중상사고,0,1,0,0,차대차 - 측면충돌,기타,건조,맑음,단일로 - 기타,승용,남,70세,상해없음,자전거,남,75세,중상
2022123100100200,2022년 12월 31일 12시,토요일,충청남도 천안시 동남구 사직동,경상사고,0,0,1,0,차대차 - 기타,안전운전불이행,건조,맑음,교차로 - 교차로안,승용,여,63세,상해없음,승용,여,53세,경상
2022123100100231,2022년 12월 31일 13시,토요일,충청남도 아산시 도고면,경상사고,0,0,1,0,차대차 - 측면충돌,신호위반,건조,맑음,교차로 - 교차로안,승용,남,30세,상해없음,승용,남,36세,경상
2022123100100232,2022년 12월 31일 13시,토요일,충청남도 천안시 동남구 신부동,중상사고,0,1,0,0,차대사람 - 보도통행중,기타,건조,맑음,단일로 - 기타,승용,남,80세,상해없음,보행자,여,74세,중상
2022123100100233,2022년 12월 31일 13시,토요일,충청남도 천안시 동남구 청당동,경상사고,0,0,1,0,차대차 - 기타,안전운전불이행,건조,맑음,교차로 - 교차로안,승용,여,65세,상해없음,승용,남,48세,경상
2022123100100234,2022년 12월 31일 13시,토요일,충청남도 태안군 태안읍,중상사고,0,1,0,0,차대사람 - 기타,안전운전불이행,건조,맑음,기타 - 기타,화물,남,75세,상해없음,보행자,여,68세,중상
2022123100100275,2022년 12월 31일 14시,토요일,충청남도 논산시 내동,경상사고,0,0,1,0,차대차 - 측면충돌,안전거리미확보,건조,맑음,단일로 - 기타,승용,여,35세,상해없음,승용,남,47세,경상
2022123100100300,2022년 12월 31일 15시,토요일,충청남도 보령시 신흑동,경상사고,0,0,1,0,차대사람 - 횡단중,안전운전불이행,건조,맑음,교차로 - 교차로부근,승용,남,66세,상해없음,보행자,남,9세,경상
2022123100100301,2022년 12월 31일 15시,토요일,충청남도 천안시 동남구 병천면,경상사고,0,0,1,0,차대사람 - 횡단중,안전운전불이행,건조,맑음,단일로 - 기타,승합,남,58세,상해없음,보행자,여,45세,경상
2022123100100325,2022년 12월 31일 16시,토요일,충청남도 서산시 부석면,중상사고,0,1,3,0,차대차 - 측면충돌,교차로운행방법위반,건조,맑음,교차로 - 교차로안,화물,남,59세,경상,화물,남,70세,중상
2022123100100326,2022년 12월 31일 16시,토요일,충청남도 예산군 덕산면,중상사고,0,1,2,0,차대차 - 측면충돌,안전운전불이행,건조,맑음,교차로 - 교차로안,승용,여,36세,상해없음,승용,여,47세,경상
2022123100100355,2022년 12월 31일 17시,토요일,충청남도 예산군 삽교읍,경상사고,0,0,1,0,차대차 - 측면충돌,안전운전불이행,건조,맑음,교차로 - 교차로안,승용,여,32세,상해없음,승용,여,29세,경상
2022123100100356,2022년 12월 31일 17시,토요일,충청남도 당진시 송악읍,경상사고,0,0,3,0,차대차 - 기타,중앙선침범,건조,흐림,단일로 - 기타,승용,남,66세,상해없음,승용,남,68세,경상
2022123100100394,2022년 12월 31일 18시,토요일,충청남도 천안시 서북구 성정동,중상사고,0,1,0,0,차대차 - 기타,신호위반,건조,맑음,교차로 - 교차로안,승합,남,29세,상해없음,이륜,남,40세,중상
2022123100100436,2022년 12월 31일 19시,토요일,충청남도 보령시 천북면,중상사고,0,1,0,0,차대사람 - 기타,안전운전불이행,건조,맑음,주차장 - 주차장,승용,남,32세,상해없음,보행자,여,49세,중상
2022123100100488,2022년 12월 31일 21시,토요일,충청남도 서산시 읍내동,경상사고,0,0,1,0,차대사람 - 기타,안전운전불이행,건조,맑음,기타 - 기타,승용,남,69세,상해없음,보행자,남,53세,경상
2022123100100489,2022년 12월 31일 21시,토요일,충청남도 아산시 음봉면,중상사고,0,1,0,0,차대사람 - 기타,안전운전불이행,건조,맑음,주차장 - 주차장,승용,남,77세,상해없음,보행자,여,64세,중상
2022123100100490,2022년 12월 31일 21시,토요일,충청남도 부여군 세도면,중상사고,0,1,1,0,차대차 - 정면충돌,중앙선침범,건조,맑음,단일로 - 기타,승용,여,61세,경상,승용,여,51세,중상
2022123100100511,2022년 12월 31일 22시,토요일,충청남도 아산시 음봉면,중상사고,0,2,0,0,차대차 - 추돌,안전운전불이행,젖음/습기,맑음,교차로 - 교차로부근,승용,남,47세,상해없음,승용,남,28세,중상
2022123100100512,2022년 12월 31일 22시,토요일,충청남도 아산시 용화동,부상신고사고,0,0,0,1,차대사람 - 기타,안전운전불이행,건조,맑음,교차로 - 교차로부근,승용,남,33세,상해없음,보행자,남,54세,부상신고
2022123100100513,2022년 12월 31일 22시,토요일,충청남도 공주시 신관동,중상사고,0,1,0,0,차대차 - 기타,안전운전불이행,건조,맑음,단일로 - 기타,승용,남,44세,상해없음,이륜,남,33세,중상
2022123100100514,2022년 12월 31일 22시,토요일,충청남도 천안시 동남구 구성동,중상사고,0,1,0,0,차대사람 - 횡단중,보행자보호의무위반,건조,맑음,단일로 - 기타,승용,남,58세,상해없음,보행자,남,53세,중상